"Code","Symbol","Industry","Board"
"04289.TW","04289.TW","Unknown","Unknown"
"2834.TW","TAIWAN BUSINESS B","Unknown","Taiwan"
"2505.TW","KUOYANG CONSTRUCT","Unknown","Taiwan"
"5534.TW","CHONG HONG CONSTR","Unknown","Taiwan"
"06484P.TW","06484P.TW","Unknown","Unknown"
"1538.TW","JENN FENG INDUSTR","Unknown","Taiwan"
"2890.TW","SINOPAC HLDG TWD1","Unknown","Taiwan"
"2444.TW","ABOCOM SYSTEMS IN","Unknown","Taiwan"
"04147.TW","04147.TW","Unknown","Unknown"
"2543.TW","HWANG CHANG GEN C","Unknown","Taiwan"
"9103.TW","MEDTECS INTL (TW)","Unknown","Taiwan"
"3090.TW","NICHIDENBO CORP T","Unknown","Taiwan"
"2883.TW","CHINA DEV FIN HLD","Unknown","Taiwan"
"2429.TW","QUALITEK ELECTRON","Unknown","Taiwan"
"05028.TW","GRAND CATHAY SECS","Unknown","Taiwan"
"A90106.TW","TAIWAN(GOVT OF) 3","Unknown","Taiwan"
"3034.TW","NOVATEK MICROELEC","Unknown","Taiwan"
"04251.TW","04251.TW","Unknown","Unknown"
"1512.TW","JUI LI ENTERPRISE","Unknown","Taiwan"
"1714.TW","HO TUNG CHEMICAL","Unknown","Taiwan"
"08028.TW","WATERLAND SECURIT","Unknown","Taiwan"
"04285.TW","YUANTA SECURITIES","Unknown","Taiwan"
"05636.TW","HUA NAN SECURITIE","Unknown","Taiwan"
"06215.TW","Conversion ratio","Unknown","Taiwan"
"04069.TW","ORIENTAL SECURITI","Unknown","Taiwan"
"2617.TW","TAIWAN NAVIGATION","Unknown","Taiwan"
"04287.TW","04287.TW","Unknown","Unknown"
"2391.TW","ZYXEL COMMUNICATI","Unknown","Taiwan"
"2832.TW","TAIWAN FIRE & MAR","Unknown","Taiwan"
"2032.TW","SINKANG INDUSTRIE","Unknown","Taiwan"
"1710.TW","ORIENTAL UNION CH","Unknown","Taiwan"
"2841.TW","TAIWAN DEVELOPMEN","Unknown","Taiwan"
"1419.TW","SINKONG SPINNING","Unknown","Taiwan"
"2365.TW","KYE SYSTEM CORP T","Unknown","Taiwan"
"2008.TW","KAO HSIUNG CHANG","Unknown","Taiwan"
"04272.TW","04272.TW","Unknown","Unknown"
"04367.TW","FUBON SECURITIES","Unknown","Taiwan"
"1464.TW","DELICACY INDUSTRI","Unknown","Taiwan"
"06498.TW","Conversion ratio","Unknown","Taiwan"
"1519.TW","FORTUNE ELECTRIC","Unknown","Taiwan"
"2536.TW","HUNG POO REAL EST","Unknown","Taiwan"
"05764.TW","Conversion ratio","Unknown","Taiwan"
"03977.TW","03977.TW","Unknown","Unknown"
"3051.TW","OPTIMAX TECH CORP","Unknown","Taiwan"
"6255.TW","TAIWAN NANO ELECT","Unknown","Taiwan"
"1809.TW","CHINA GLAZE CO TW","Unknown","Taiwan"
"2467.TW","C-SUN MFG TWD10","Unknown","Taiwan"
"04318.TW","04318.TW","Unknown","Unknown"
"05582.TW","HUA NAN SECURITIE","Unknown","Taiwan"
"2886.TW","MEGA FINANCIAL HD","Unknown","Taiwan"
"05305.TW","KGI SECURITIES(TW","Unknown","Taiwan"
"05615.TW","SINOPAC SECURITIE","Unknown","Taiwan"
"6215.TW","AUROTEK CORP TWD1","Unknown","Taiwan"
"04184.TW","04184.TW","Unknown","Unknown"
"8926.TW","TAIWAN COGENERATI","Unknown","Taiwan"
"2884.TW","E.SUN FINL HLDGS","Unknown","Taiwan"
"05718.TW","GRAND CATHAY SECS","Unknown","Taiwan"
"8105.TW","GIANTPLUS TECHNOL","Unknown","Taiwan"
"04283.TW","04283.TW","Unknown","Unknown"
"06708.TW","Conversion ratio","Unknown","Taiwan"
"3536.TW","SINTRONIC TECHNOL","Unknown","Taiwan"
"1516.TW","FALCON-CYCLE-PART","Unknown","Taiwan"
"2480.TW","STARK TECHNOLOGY","Unknown","Taiwan"
"07082.TW","Conversion ratio","Unknown","Taiwan"
"2323.TW","CMC MAGNETICS COR","Unknown","Taiwan"
"6283.TW","SHUN ON ELECTRONI","Unknown","Taiwan"
"2302.TW","RECTRON TWD10","Unknown","Taiwan"
"1423.TW","REWARD WOOL TWD10","Unknown","Taiwan"
"1729.TW","PIHSIANG MACHINER","Unknown","Taiwan"
"4306.TW","YEM CHIO COM. LTD","Unknown","Taiwan"
"04174.TW","04174.TW","Unknown","Unknown"
"1712.TW","SINON CORP TWD10","Unknown","Taiwan"
"1909.TW","LONG CHEN PAPER T","Unknown","Taiwan"
"05732.TW","SINOPAC SECURITIE","Unknown","Taiwan"
"05629.TW","Conversion ratio","Unknown","Taiwan"
"06139.TW","Conversion ratio","Unknown","Taiwan"
"06952.TW","Conversion ratio","Unknown","Taiwan"
"01007T.TW","CATHAY NO.2 REIT","Unknown","Taiwan"
"2342.TW","MOSEL VITELIC INC","Unknown","Taiwan"
"9914.TW","MERIDA INDUSTRY T","Unknown","Taiwan"
"2108.TW","NANTEX INDUSTRY T","Unknown","Taiwan"
"1213.TW","OCEANIC BEVERAGE","Unknown","Taiwan"
"6201.TW","YA HORNG ELECTRON","Unknown","Taiwan"
"6257.TW","SIGURD MICROELECT","Unknown","Taiwan"
"1540.TW","ROUNDTOP MACHINER","Unknown","Taiwan"
"05661.TW","BARITS INTERNATIO","Unknown","Taiwan"
"2425.TW","CHAINTECH COMPUTE","Unknown","Taiwan"
"3006.TW","ELITE SEMICONDUCT","Unknown","Taiwan"
"2387.TW","SUNREX TECHNOLOGY","Unknown","Taiwan"
"04373.TW","GRAND CATHAY SECS","Unknown","Taiwan"
"04314.TW","YUANTA SECURITIES","Unknown","Taiwan"
"2404.TW","UTD INTEGRATION S","Unknown","Taiwan"
"2354.TW","FOXCONN TECH CO T","Unknown","Taiwan"
"04321.TW","04321.TW","Unknown","Unknown"
"3494.TW","HITI DIGITAL INC.","Unknown","Taiwan"
"2440.TW","SPACE SHUTTLE HI-","Unknown","Taiwan"
"1527.TW","BASSO INDUSTRY TW","Unknown","Taiwan"
"04381.TW","HUA NAN SECURITIE","Unknown","Taiwan"
"2845.TW","FAR EAST INTL BK","Unknown","Taiwan"
"2498.TW","HIGH TECH COMPUTE","Unknown","Taiwan"
"2013.TW","CHINA STEEL STRUC","Unknown","Taiwan"
"2812.TW","TAICHUNG COMM BAN","Unknown","Taiwan"
"3038.TW","EMERGING DISPLAY","Unknown","Taiwan"
"03976.TW","03976.TW","Unknown","Unknown"
"2062.TW","SUNSPRING METAL C","Unknown","Taiwan"
"5531.TW","SHINING BUILDING","Unknown","Taiwan"
"04235.TW","YUANTA SECURITIES","Unknown","Taiwan"
"04278.TW","04278.TW","Unknown","Unknown"
"3380.TW","ALPHA NETWORKS IN","Unknown","Taiwan"
"6117.TW","IN-WIN DEVELOPMEN","Unknown","Taiwan"
"1227.TW","STANDARD FOOD COR","Unknown","Taiwan"
"9955.TW","SUPER DRAGON TECH","Unknown","Taiwan"
"2421.TW","SUNONWEALTH ELECT","Unknown","Taiwan"
"3406.TW","GENIUS ELECTRONIC","Unknown","Taiwan"
"2478.TW","TA-I TECHNOLOGY T","Unknown","Taiwan"
"3315.TW","MAXTEK TECHNOLOGY","Unknown","Taiwan"
"2606.TW","U-MING MARINE TWD","Unknown","Taiwan"
"1717.TW","ETERNAL CHEMICAL","Unknown","Taiwan"
"04202.TW","04202.TW","Unknown","Unknown"
"04262.TW","04262.TW","Unknown","Unknown"
"6166.TW","ADLINK TECHNOLOGY","Unknown","Taiwan"
"04015.TW","04015.TW","Unknown","Unknown"
"1523.TW","TAIWAN KAI YIH IN","Unknown","Taiwan"
"3025.TW","LOOP TELECOMMUNIC","Unknown","Taiwan"
"TSECIFS.TW","TSECIFS","Unknown","Taiwan"
"2361.TW","MUSTEK SYSTEMS IN","Unknown","Taiwan"
"04270.TW","04270.TW","Unknown","Unknown"
"2458.TW","ELAN MICROELECTRO","Unknown","Taiwan"
"1236.TW","HUNYA FOODS CO TW","Unknown","Taiwan"
"3296.TW","POWERTECH IND CO","Unknown","Taiwan"
"06246.TW","Conversion ratio","Unknown","Taiwan"
"05577.TW","Conversion ratio","Unknown","Taiwan"
"3443.TW","GLOBAL UNICHIP CO","Unknown","Taiwan"
"1103.TW","CHIA HSIN CEMENT","Unknown","Taiwan"
"05649P.TW","KGI SECURITIES(TW","Unknown","Taiwan"
"1737.TW","TAIYEN BIOTECH CO","Unknown","Taiwan"
"1468.TW","CHANG-HO FIBER TW","Unknown","Taiwan"
"1716.TW","YUNG SHIN PHARM T","Unknown","Taiwan"
"05632.TW","MASTERLINK SECS C","Unknown","Taiwan"
"1524.TW","GORDON AUTO BODY","Unknown","Taiwan"
"9942.TW","NAK SEALING TECHN","Unknown","Taiwan"
"1805.TW","KPT INDUSTRIES TW","Unknown","Taiwan"
"1229.TW","LIEN HWA INDL TWD","Unknown","Taiwan"
"04271P.TW","04271P.TW","Unknown","Unknown"
"2485.TW","ZINWELL TWD10","Unknown","Taiwan"
"A92108.TW","A92108.TW","Unknown","Unknown"
"1513.TW","CHUNG HSIN ELEC T","Unknown","Taiwan"
"1474.TW","HONMYUE ENTERPRIS","Unknown","Taiwan"
"2314.TW","MICROELEC TECHNO","Unknown","Taiwan"
"8112.TW","SUPREME ELECTRONI","Unknown","Taiwan"
"2348.TW","VEUTRON CORPORATI","Unknown","Taiwan"
"6115.TW","I-SHENG ELECTRIC","Unknown","Taiwan"
"04357.TW","POLARIS SECURITIE","Unknown","Taiwan"
"1802.TW","TAIWAN GLASS TWD1","Unknown","Taiwan"
"6286.TW","RICHTEK TECHNOLOG","Unknown","Taiwan"
"9934.TW","GLOBE UNION INDUS","Unknown","Taiwan"
"1731.TW","MAYWUFA CO TWD10","Unknown","Taiwan"
"1727.TW","CHUNG HWA CHEMICA","Unknown","Taiwan"
"3702.TW","WPG HOLDINGS TWD1","Unknown","Taiwan"
"2855.TW","PRESIDENT SECS TW","Unknown","Taiwan"
"04359.TW","MASTERLINK SECS C","Unknown","Taiwan"
"2475.TW","CHUNGHWA PICTURE","Unknown","Taiwan"
"06588.TW","Conversion ratio","Unknown","Taiwan"
"1210.TW","GREAT WALL ENTERP","Unknown","Taiwan"
"04259.TW","04259.TW","Unknown","Unknown"
"6112.TW","SYSAGE TECHNOLOGY","Unknown","Taiwan"
"1324.TW","GLOBE INDUSTRIES","Unknown","Taiwan"
"04316.TW","04316.TW","Unknown","Unknown"
"2535.TW","DA-CIN CONSTRUCTN","Unknown","Taiwan"
"3383.TW","GENESIS PHOTONICS","Unknown","Taiwan"
"2305.TW","MICROTEK INTL INC","Unknown","Taiwan"
"2442.TW","JEAN CO TWD10","Unknown","Taiwan"
"3049.TW","SINTEK PHOTRONIC","Unknown","Taiwan"
"2468.TW","FORTUNE INFORMATI","Unknown","Taiwan"
"6206.TW","FLYTECH TECHNOLOG","Unknown","Taiwan"
"1533.TW","MOBILETRON ELECTR","Unknown","Taiwan"
"9906.TW","CORNER CORPORATIO","Unknown","Taiwan"
"06494.TW","Conversion ratio","Unknown","Taiwan"
"2344.TW","WINBOND ELECTRONI","Unknown","Taiwan"
"1304.TW","USI CORPORATION T","Unknown","Taiwan"
"2506.TW","PACIFIC CONSTRUCT","Unknown","Taiwan"
"1216.TW","UNI-PRESIDENT ENT","Unknown","Taiwan"
"6005.TW","CAPITAL SECURITIE","Unknown","Taiwan"
"4725.TW","TAIWAN PROSPERITY","Unknown","Taiwan"
"05746.TW","CONCORD SECURITIE","Unknown","Taiwan"
"3042.TW","TXC CORPN TWD10","Unknown","Taiwan"
"06592.TW","Conversion ratio","Unknown","Taiwan"
"1402.TW","FAR EAST TEXTILE","Unknown","Taiwan"
"04331.TW","FUBON SECURITIES","Unknown","Taiwan"
"06675.TW","Conversion ratio","Unknown","Taiwan"
"04018.TW","04018.TW","Unknown","Unknown"
"04361.TW","MASTERLINK SECS C","Unknown","Taiwan"
"2850.TW","SHINKONG INSURANC","Unknown","Taiwan"
"2359.TW","SOLOMON TECHNOLOG","Unknown","Taiwan"
"6197.TW","JESS-LINK PRODUCT","Unknown","Taiwan"
"1459.TW","LAN FA TEXTILE TW","Unknown","Taiwan"
"2027.TW","TA CHEN STAINLESS","Unknown","Taiwan"
"9101.TW","9101.TW","Unknown","Unknown"
"3045.TW","TAIWAN MOBILE CO","Unknown","Taiwan"
"2397.TW","DFI TWD10","Unknown","Taiwan"
"1413.TW","HUNG CHOU CHEMICA","Unknown","Taiwan"
"1470.TW","EVERTEX DYEING TW","Unknown","Taiwan"
"04333.TW","Conversion ratio","Unknown","Taiwan"
"2340.TW","OPTO TECH CORPN T","Unknown","Taiwan"
"2609.TW","YANGMING MARINE T","Unknown","Taiwan"
"2706.TW","1ST HOTEL TWD10","Unknown","Taiwan"
"A92104.TW","TAIWAN(GOVT OF) 1","Unknown","Taiwan"
"2023.TW","YIEH PHUI ENTERPR","Unknown","Taiwan"
"5434.TW","TOPCO SCIENTIFIC","Unknown","Taiwan"
"8110.TW","WALTON ADVANCED E","Unknown","Taiwan"
"1701.TW","CHINA CHEM&PHARMA","Unknown","Taiwan"
"2527.TW","HUNG CHING DEVELO","Unknown","Taiwan"
"03972.TW","03972.TW","Unknown","Unknown"
"3062.TW","CYBERTAN TECHNOLO","Unknown","Taiwan"
"1530.TW","AWEA MECHANTRONIC","Unknown","Taiwan"
"1504.TW","TECO ELEC&MACHINE","Unknown","Taiwan"
"1506.TW","RIGHT WAY INDL TW","Unknown","Taiwan"
"2024.TW","CHIH LIEN INDUSTR","Unknown","Taiwan"
"03968.TW","03968.TW","Unknown","Unknown"
"6136.TW","FULLERTON TECHNOL","Unknown","Taiwan"
"2227.TW","YULON NISSAN MOTO","Unknown","Taiwan"
"07023.TW","Conversion ratio","Unknown","Taiwan"
"04221.TW","CATHAY SECURITIES","Unknown","Taiwan"
"04007.TW","04007.TW","Unknown","Unknown"
"04274.TW","04274.TW","Unknown","Unknown"
"6289.TW","ARIMA OPTOELECTRO","Unknown","Taiwan"
"2106.TW","KENDA RUBBER IND","Unknown","Taiwan"
"9943.TW","HOLIDAY ENTERTAIN","Unknown","Taiwan"
"06683.TW","Conversion ratio","Unknown","Taiwan"
"6155.TW","KINGCORE ELECTRON","Unknown","Taiwan"
"05627.TW","Conversion ratio","Unknown","Taiwan"
"05326.TW","TAIWAN SECURITIES","Unknown","Taiwan"
"05361.TW","HUA NAN SECURITIE","Unknown","Taiwan"
"1720.TW","STD CHEM AND PHAR","Unknown","Taiwan"
"9910.TW","FENG TAY ENTRPRIS","Unknown","Taiwan"
"04346.TW","FUBON SECURITIES","Unknown","Taiwan"
"2904.TW","PAN OVERSEAS CORP","Unknown","Taiwan"
"06719.TW","Conversion ratio","Unknown","Taiwan"
"2403.TW","YOSUN INDUSTRIAL","Unknown","Taiwan"
"1536.TW","HOTA INDUSTRIAL M","Unknown","Taiwan"
"2492.TW","WALSIN TECHNOLOGY","Unknown","Taiwan"
"03974P.TW","03974P.TW","Unknown","Unknown"
"1456.TW","I-HWA INDUSTRIAL","Unknown","Taiwan"
"05598.TW","05598.TW","Unknown","Unknown"
"04209.TW","04209.TW","Unknown","Unknown"
"1417.TW","CARNIVAL (TW) TWD","Unknown","Taiwan"
"05604.TW","TAIWAN INTL SECS","Unknown","Taiwan"
"05607.TW","HORIZON(FORTUNE)","Unknown","Taiwan"
"3057.TW","PROMISE TECHNOLOG","Unknown","Taiwan"
"3005.TW","MITAC TECHNOLOGY","Unknown","Taiwan"
"2461.TW","K LASER TECHNOLOG","Unknown","Taiwan"
"01003T.TW","SHIN KONG NO.1 RE","Unknown","Taiwan"
"8249.TW","CREATIVE SENSOR T","Unknown","Taiwan"
"5203.TW","CYBERLINK CORP TW","Unknown","Taiwan"
"05947.TW","Conversion ratio","Unknown","Taiwan"
"05608.TW","HORIZON(FORTUNE)","Unknown","Taiwan"
"2009.TW","1ST COPPER TECHNO","Unknown","Taiwan"
"04352.TW","POLARIS SECURITIE","Unknown","Taiwan"
"A95105.TW","TAIWAN(GOVT OF) 2","Unknown","Taiwan"
"05476.TW","PRESIDENT SECS K/","Unknown","Taiwan"
"2910.TW","TONLIN DEPARTMENT","Unknown","Taiwan"
"2316.TW","WUS PRINTD CIRCUI","Unknown","Taiwan"
"04194.TW","04194.TW","Unknown","Unknown"
"3094.TW","DAVICOM SEMICONDU","Unknown","Taiwan"
"04347.TW","FUBON SECURITIES","Unknown","Taiwan"
"05653.TW","SHINKONG SECURITI","Unknown","Taiwan"
"04291.TW","04291.TW","Unknown","Unknown"
"04350.TW","POLARIS SECURITIE","Unknown","Taiwan"
"04294.TW","04294.TW","Unknown","Unknown"
"3023.TW","SINBON ELECTRONIC","Unknown","Taiwan"
"2337.TW","MACRONIX INTERNAT","Unknown","Taiwan"
"2363.TW","SILICON INTEG SYS","Unknown","Taiwan"
"2380.TW","AVISION INC TWD10","Unknown","Taiwan"
"04267.TW","04267.TW","Unknown","Unknown"
"05641.TW","TAIWAN SECURITIES","Unknown","Taiwan"
"2489.TW","AMTRAN TECHNOLOGY","Unknown","Taiwan"
"1521.TW","TA YIH INDUSTRIAL","Unknown","Taiwan"
"05657.TW","BARITS INTERNATIO","Unknown","Taiwan"
"04247.TW","04247.TW","Unknown","Unknown"
"04370.TW","FUBON SECURITIES","Unknown","Taiwan"
"2369.TW","LING SEN PRECISIO","Unknown","Taiwan"
"05659.TW","BARITS INTERNATIO","Unknown","Taiwan"
"05356.TW","TAIWAN INTL SECS","Unknown","Taiwan"
"2207.TW","HOTAI MOTOR CO TW","Unknown","Taiwan"
"04236.TW","YUANTA SECURITIES","Unknown","Taiwan"
"6281.TW","E-LIFE MALL CORP","Unknown","Taiwan"
"1475.TW","SUMAGH HIGH TECH","Unknown","Taiwan"
"04227.TW","SINOPAC SECURITIE","Unknown","Taiwan"
"1441.TW","TAH TONG TEXTILE","Unknown","Taiwan"
"2514.TW","LONG BON DEVELOPM","Unknown","Taiwan"
"2352.TW","BENQ CORP TWD10","Unknown","Taiwan"
"06142.TW","Conversion ratio","Unknown","Taiwan"
"1722.TW","TAIWAN FERTILIZER","Unknown","Taiwan"
"2331.TW","ELITEGROUP COMPUT","Unknown","Taiwan"
"2350.TW","UNIVERSAL SCIENTI","Unknown","Taiwan"
"1201.TW","WEI CHUAN FOOD TW","Unknown","Taiwan"
"2613.TW","CHINA CONTAINER T","Unknown","Taiwan"
"1108.TW","LUCKY CEMENT TWD1","Unknown","Taiwan"
"6168.TW","HARVATEK CORP TWD","Unknown","Taiwan"
"2432.TW","2432.TW","Unknown","Unknown"
"1447.TW","LI PENG ENTERPRIS","Unknown","Taiwan"
"1414.TW","TUNG HO SPINNING","Unknown","Taiwan"
"2028.TW","WEI CHIH STEEL IN","Unknown","Taiwan"
"3033.TW","WEIKENG INDUSTRIA","Unknown","Taiwan"
"05357.TW","TAIWAN INTL SECS","Unknown","Taiwan"
"2809.TW","TAINAN BUSINESS B","Unknown","Taiwan"
"1736.TW","JOHNSON HEALTH TE","Unknown","Taiwan"
"2015.TW","FENG HSIN IRON&ST","Unknown","Taiwan"
"04362.TW","ORIENTAL SECURITI","Unknown","Taiwan"
"2837.TW","COSMOS BANK(TAIWA","Unknown","Taiwan"
"03964.TW","03964.TW","Unknown","Unknown"
"9904.TW","POU CHEN TWD10","Unknown","Taiwan"
"1218.TW","TAY-SHAN ENTERPRS","Unknown","Taiwan"
"04327.TW","04327.TW","Unknown","Unknown"
"3533.TW","LOTES CO LTD TWD1","Unknown","Taiwan"
"2454.TW","MEDIATEK INC TWD1","Unknown","Taiwan"
"2371.TW","TATUNG CO LTD TWD","Unknown","Taiwan"
"2419.TW","HITRON TECHNOLOGY","Unknown","Taiwan"
"04332.TW","FUBON SECURITIES","Unknown","Taiwan"
"5533.TW","FOUNDING CONSTRUC","Unknown","Taiwan"
"04382.TW","PRESIDENT SECS K/","Unknown","Taiwan"
"1453.TW","PREMIER MICROELEC","Unknown","Taiwan"
"2424.TW","LUNG HWA ELECTRON","Unknown","Taiwan"
"3050.TW","U-TECH MEDIA CORP","Unknown","Taiwan"
"1713.TW","CATHAY CHEMICAL T","Unknown","Taiwan"
"6142.TW","CAMEO COMMUNICATI","Unknown","Taiwan"
"05613.TW","SINOPAC SECURITIE","Unknown","Taiwan"
"06646.TW","Conversion ratio","Unknown","Taiwan"
"2801.TW","CHANG HWA BANK TW","Unknown","Taiwan"
"2509.TW","CHAIN QUI DEV TWD","Unknown","Taiwan"
"8101.TW","ARIMA COMMUNICATI","Unknown","Taiwan"
"2852.TW","1ST INSURANCE CO","Unknown","Taiwan"
"04158P.TW","YUANTA SECURITIES","Unknown","Taiwan"
"2388.TW","VIA TECHNOLOGIES","Unknown","Taiwan"
"1232.TW","TTET UNION CORP T","Unknown","Taiwan"
"2355.TW","CHIN-POON INDL TW","Unknown","Taiwan"
"04989.TW","SINOPAC SECURITIE","Unknown","Taiwan"
"1723.TW","CHINA STEEL CHEM","Unknown","Taiwan"
"5388.TW","SERCOMM CORP TWD1","Unknown","Taiwan"
"2481.TW","PAN JIT INTERNATI","Unknown","Taiwan"
"4414.TW","ROO HSING CO. LTD","Unknown","Taiwan"
"04157.TW","YUANTA SECURITIES","Unknown","Taiwan"
"1110.TW","SOUTHEAST CEMENT","Unknown","Taiwan"
"1613.TW","TAI-I ELEC WIRE T","Unknown","Taiwan"
"1309.TW","TAITA CHEMICAL TW","Unknown","Taiwan"
"1806.TW","CHAMPION BUILDING","Unknown","Taiwan"
"1455.TW","ZIG SHENG INDL TW","Unknown","Taiwan"
"1313.TW","UPC TECHNOLOGY CO","Unknown","Taiwan"
"9902.TW","TIDEHOLD DEVELOPM","Unknown","Taiwan"
"1312A.TW","GRAND PACIF PETRO","Unknown","Taiwan"
"8016.TW","SITRONIX TECHNOLO","Unknown","Taiwan"
"05351.TW","IBT SECURITIES CO","Unknown","Taiwan"
"3532.TW","FORMOSA SUMCO TEC","Unknown","Taiwan"
"04319.TW","04319.TW","Unknown","Unknown"
"05441.TW","TAIWAN SECURITIES","Unknown","Taiwan"
"04163P.TW","04163P.TW","Unknown","Unknown"
"04366.TW","04366.TW","Unknown","Unknown"
"05576.TW","Conversion ratio","Unknown","Taiwan"
"04389.TW","KGI SECURITIES(TW","Unknown","Taiwan"
"05443.TW","Conversion ratio","Unknown","Taiwan"
"1517.TW","LEE CHI ENTERPRIS","Unknown","Taiwan"
"2415.TW","CX TECH CORPN TWD","Unknown","Taiwan"
"2368.TW","GOLD CIRCUIT ELEC","Unknown","Taiwan"
"2443.TW","LEAD DATA INC TWD","Unknown","Taiwan"
"2206.TW","SANYANG INDUSTRY","Unknown","Taiwan"
"2547.TW","RADIUM LIFE TECH","Unknown","Taiwan"
"6605.TW","DEPO AUTO PARTS I","Unknown","Taiwan"
"05477.TW","PRESIDENT SECS K/","Unknown","Taiwan"
"04328.TW","04328.TW","Unknown","Unknown"
"05643.TW","TAIWAN SECURITIES","Unknown","Taiwan"
"2704.TW","AMBASSADOR HOTEL","Unknown","Taiwan"
"1515.TW","REXON INDUSTRIAL","Unknown","Taiwan"
"05965.TW","Conversion ratio","Unknown","Taiwan"
"05378.TW","GRAND CATHAY SECS","Unknown","Taiwan"
"2031.TW","HSIN KUANG STEEL","Unknown","Taiwan"
"2880.TW","HUA NAN FINANCIAL","Unknown","Taiwan"
"04335.TW","04335.TW","Unknown","Unknown"
"2540.TW","LIN SAN HAO TWD10","Unknown","Taiwan"
"2464.TW","MIRLE AUTOMATION","Unknown","Taiwan"
"3030.TW","TEST RESEARCH INC","Unknown","Taiwan"
"03121.TW","03121.TW","Unknown","Unknown"
"9925.TW","TAIWAN SOGO SHING","Unknown","Taiwan"
"2611.TW","TZE SHIN INTL CO","Unknown","Taiwan"
"01002T.TW","CATHAY NO.1 REIT","Unknown","Taiwan"
"3044.TW","TRIPOD TECHNOLOGY","Unknown","Taiwan"
"05772.TW","Conversion ratio","Unknown","Taiwan"
"9917.TW","TAIWAN SECOM CO T","Unknown","Taiwan"
"2349.TW","RITEK CORP TWD10","Unknown","Taiwan"
"04168.TW","04168.TW","Unknown","Unknown"
"1460.TW","EVEREST TEXTILE T","Unknown","Taiwan"
"1726.TW","YUNG CHI PAINT TW","Unknown","Taiwan"
"06134.TW","Conversion ratio","Unknown","Taiwan"
"06674.TW","Conversion ratio","Unknown","Taiwan"
"04308.TW","04308.TW","Unknown","Unknown"
"6239.TW","POWERTECH TECHNOL","Unknown","Taiwan"
"07927.TW","07927.TW","Unknown","Unknown"
"2357.TW","ASUSTEK COMPUTER","Unknown","Taiwan"
"3058.TW","LEADER ELECTRNC(T","Unknown","Taiwan"
"9945.TW","RUENTEX DEVELOPME","Unknown","Taiwan"
"2384.TW","WINTEK CORP TWD10","Unknown","Taiwan"
"3474.TW","INOTERA MEMORIES","Unknown","Taiwan"
"1466.TW","ACELON CHEMICAL &","Unknown","Taiwan"
"1445.TW","UNIVERSAL TEXTILE","Unknown","Taiwan"
"2614.TW","EASTERN MEDIA INT","Unknown","Taiwan"
"2482.TW","UNIFORM INDUSTRIA","Unknown","Taiwan"
"1734.TW","SINPHAR PHARMACEU","Unknown","Taiwan"
"9911.TW","TAIWAN SAKURA TWD","Unknown","Taiwan"
"04014.TW","04014.TW","Unknown","Unknown"
"1220.TW","TAI ROUN PRODUCTS","Unknown","Taiwan"
"04189.TW","04189.TW","Unknown","Unknown"
"05355.TW","TAIWAN INTL SECS","Unknown","Taiwan"
"04351.TW","POLARIS SECURITIE","Unknown","Taiwan"
"8163.TW","DARFON ELECTRONIC","Unknown","Taiwan"
"2495.TW","INFORTREND TECHNO","Unknown","Taiwan"
"4119.TW","SCI PHARMTECH INC","Unknown","Taiwan"
"04019.TW","04019.TW","Unknown","Unknown"
"6277.TW","ATEN INTERNATIONA","Unknown","Taiwan"
"6116.TW","HANNSTAR DISPLAY","Unknown","Taiwan"
"A92103.TW","TAIWAN(GOVT OF) 2","Unknown","Taiwan"
"A91107.TW","TAIWAN(GOVT OF) 3","Unknown","Taiwan"
"04249.TW","KGI SECURITIES(TW","Unknown","Taiwan"
"06481.TW","Conversion ratio","Unknown","Taiwan"
"6172.TW","BILLIONTON SYSTEM","Unknown","Taiwan"
"9931.TW","SHIN KAO GAS TWD1","Unknown","Taiwan"
"3003.TW","KS TERMINALS INC","Unknown","Taiwan"
"04293.TW","04293.TW","Unknown","Unknown"
"1410.TW","NAN YANG DYEING T","Unknown","Taiwan"
"2473.TW","SPRINGSOFT TWD10","Unknown","Taiwan"
"06707.TW","Conversion ratio","Unknown","Taiwan"
"05616.TW","Conversion ratio","Unknown","Taiwan"
"2612.TW","CHINESE MARITIME","Unknown","Taiwan"
"05586.TW","GRAND CATHAY SECS","Unknown","Taiwan"
"2491.TW","2491.TW","Unknown","Unknown"
"3031.TW","BRIGHT LED ELECTR","Unknown","Taiwan"
"6153.TW","CAREER TECHNOLOGY","Unknown","Taiwan"
"9918.TW","HSIN HSIN NATURAL","Unknown","Taiwan"
"04364.TW","04364.TW","Unknown","Unknown"
"1449.TW","CHIA HER INDL CO","Unknown","Taiwan"
"04368.TW","04368.TW","Unknown","Unknown"
"2892.TW","FIRST FINANCIAL H","Unknown","Taiwan"
"9105.TW","CAL-COMP ELECTRON","Unknown","Taiwan"
"A90101.TW","TAIWAN(GOVT OF) 5","Unknown","Taiwan"
"1321.TW","OCEAN PLASTICS TW","Unknown","Taiwan"
"2849.TW","ENTIE COMMERCIAL","Unknown","Taiwan"
"2823.TW","CHINA LIFE INS TW","Unknown","Taiwan"
"A95104.TW","A95104.TW","Unknown","Unknown"
"2345.TW","ACCTON TECHNOLOGY","Unknown","Taiwan"
"6133.TW","GOLDEN BRIDGE ELE","Unknown","Taiwan"
"6235.TW","WAFFER TECHNOLOGY","Unknown","Taiwan"
"04273.TW","04273.TW","Unknown","Unknown"
"06653.TW","Conversion ratio","Unknown","Taiwan"
"04121.TW","CATHAY SECURITIES","Unknown","Taiwan"
"06591.TW","Conversion ratio","Unknown","Taiwan"
"04384.TW","WATERLAND SECURIT","Unknown","Taiwan"
"2431.TW","LIEN CHANG ELECTR","Unknown","Taiwan"
"1452.TW","HONG YI FIBER IND","Unknown","Taiwan"
"2833.TW","TAIWAN LIFE INS T","Unknown","Taiwan"
"2002A.TW","CHINA STEEL CORP","Unknown","Taiwan"
"04279.TW","04279.TW","Unknown","Unknown"
"TSECIB.TW","TSECIB","Unknown","Taiwan"
"05584.TW","MASTERLINK SECS C","Unknown","Taiwan"
"04041.TW","GRAND CATHAY SECS","Unknown","Taiwan"
"3011.TW","JI-HAW INDUSTRIAL","Unknown","Taiwan"
"06696.TW","Conversion ratio","Unknown","Taiwan"
"4904.TW","FAR EASTONE TELEC","Unknown","Taiwan"
"2393.TW","EVERLIGHT ELECTRO","Unknown","Taiwan"
"2466.TW","COSMO ELECTRONICS","Unknown","Taiwan"
"2411.TW","2411.TW","Unknown","Unknown"
"2002.TW","CHINA STEEL CORP","Unknown","Taiwan"
"03969.TW","03969.TW","Unknown","Unknown"
"2854.TW","POLARIS SECURITIE","Unknown","Taiwan"
"1904.TW","CHENG LOONG TWD10","Unknown","Taiwan"
"04317.TW","04317.TW","Unknown","Unknown"
"2390.TW","EVERSPRING IND TW","Unknown","Taiwan"
"1301.TW","FORMOSA PLASTIC T","Unknown","Taiwan"
"2616.TW","SHAN LOONG TRANSP","Unknown","Taiwan"
"05743.TW","KGI SECURITIES(TW","Unknown","Taiwan"
"2511.TW","PRINCE HOUSING DE","Unknown","Taiwan"
"06725.TW","Conversion ratio","Unknown","Taiwan"
"2446.TW","PHOENIX PRECISION","Unknown","Taiwan"
"3048.TW","EDOM TECHNOLOGY C","Unknown","Taiwan"
"05327.TW","TAIWAN SECURITIES","Unknown","Taiwan"
"2901.TW","SHIN SHIN SUPERMK","Unknown","Taiwan"
"06216.TW","Conversion ratio","Unknown","Taiwan"
"04378.TW","HUA NAN SECURITIE","Unknown","Taiwan"
"06161.TW","Conversion ratio","Unknown","Taiwan"
"06648.TW","Conversion ratio","Unknown","Taiwan"
"1438.TW","YU FOUNG INTL COR","Unknown","Taiwan"
"05368.TW","CONCORD SECURITIE","Unknown","Taiwan"
"06702.TW","Conversion ratio","Unknown","Taiwan"
"06677.TW","Conversion ratio","Unknown","Taiwan"
"3017.TW","ASIA VITAL COMPON","Unknown","Taiwan"
"06964.TW","Conversion ratio","Unknown","Taiwan"
"2912.TW","PRESIDENT CHAIN S","Unknown","Taiwan"
"04281.TW","Conversion ratio","Unknown","Taiwan"
"3019.TW","ASIA OPTICAL CO I","Unknown","Taiwan"
"9958.TW","CENTURY IRON & ST","Unknown","Taiwan"
"05651.TW","TAIWAN INTL SECS","Unknown","Taiwan"
"2887C.TW","TAISHIN FINANCIAL","Unknown","Taiwan"
"04017.TW","04017.TW","Unknown","Unknown"
"05618.TW","Conversion ratio","Unknown","Taiwan"
"2889.TW","WATERLAND FIN HLD","Unknown","Taiwan"
"2341.TW","BEHAVIOR TECH COM","Unknown","Taiwan"
"1432.TW","TAROKO TEXTILE TW","Unknown","Taiwan"
"07141.TW","Conversion ratio","Unknown","Taiwan"
"2493.TW","AMPOC FAR EAST CO","Unknown","Taiwan"
"1101.TW","TAIWAN CEMENT TWD","Unknown","Taiwan"
"05765.TW","Conversion ratio","Unknown","Taiwan"
"3046.TW","AOPEN INC TWD10","Unknown","Taiwan"
"3052.TW","APEX SCIENCE & EN","Unknown","Taiwan"
"1503.TW","SHIHLIN ELEC & EN","Unknown","Taiwan"
"03966.TW","03966.TW","Unknown","Unknown"
"1702.TW","NAMCHOW CHEMICAL","Unknown","Taiwan"
"3055.TW","SPIROX CORP TWD10","Unknown","Taiwan"
"1541.TW","CHANG TYPE IND CO","Unknown","Taiwan"
"04028.TW","04028.TW","Unknown","Unknown"
"04253.TW","ORIENTAL SECURITI","Unknown","Taiwan"
"01005T.TW","TRIDENT REIT REIT","Unknown","Taiwan"
"04324.TW","04324.TW","Unknown","Unknown"
"04284.TW","04284.TW","Unknown","Unknown"
"2601.TW","FIRST STEAMSHIP T","Unknown","Taiwan"
"2409.TW","AU OPTRONICS CORP","Unknown","Taiwan"
"3054.TW","CARRY COMPUTER EN","Unknown","Taiwan"
"2105.TW","CHENG SHIN RUBBER","Unknown","Taiwan"
"2524.TW","KINGS TOWN CONST","Unknown","Taiwan"
"4104.TW","ENFIELD MEDICAL T","Unknown","Taiwan"
"2405.TW","SHUTTLE INC TWD10","Unknown","Taiwan"
"2399.TW","BIOSTAR MICROTEC","Unknown","Taiwan"
"2433.TW","AURORA SYSTEMS CO","Unknown","Taiwan"
"2312.TW","KINPO ELECTRONICS","Unknown","Taiwan"
"1903.TW","SHIHLIN PAPER COR","Unknown","Taiwan"
"2451.TW","TRANSCEND INFORMA","Unknown","Taiwan"
"9940.TW","SINYI REALT ESTAT","Unknown","Taiwan"
"2484.TW","SIWARD CRYSTAL TE","Unknown","Taiwan"
"05595.TW","SINOPAC SECURITIE","Unknown","Taiwan"
"2315.TW","MITAC INTL TWD10","Unknown","Taiwan"
"2526.TW","CONTINENTAL ENGIN","Unknown","Taiwan"
"3557.TW","GAMMA OPTICAL CO.","Unknown","Taiwan"
"1725.TW","YUAN JEN ENTERPRI","Unknown","Taiwan"
"6505.TW","FORMOSA PETROCHEM","Unknown","Taiwan"
"05503.TW","TAIWAN SECURITIES","Unknown","Taiwan"
"1467.TW","TEX-RAY INDUSTRIA","Unknown","Taiwan"
"1418.TW","TONG-HWA SYNTHETI","Unknown","Taiwan"
"A92106.TW","A92106.TW","Unknown","Unknown"
"3518.TW","PARAGON TECHNOLOG","Unknown","Taiwan"
"05775.TW","Conversion ratio","Unknown","Taiwan"
"2104.TW","CHINA SYNTH RUBBE","Unknown","Taiwan"
"3419.TW","WHA YU INDUSTRIAL","Unknown","Taiwan"
"2497.TW","E-LEAD ELECTRONIC","Unknown","Taiwan"
"2102.TW","FEDERAL CORP TWD1","Unknown","Taiwan"
"1528.TW","ANDERSON INDSTRL","Unknown","Taiwan"
"6191.TW","GLOBAL BRANDS MFG","Unknown","Taiwan"
"04386.TW","WATERLAND SECURIT","Unknown","Taiwan"
"1435.TW","CHUNG FU CORPN TW","Unknown","Taiwan"
"6139.TW","L&K ENGINEERING C","Unknown","Taiwan"
"04349.TW","FUBON SECURITIES","Unknown","Taiwan"
"2450.TW","SENAO INTL CO LTD","Unknown","Taiwan"
"03292.TW","03292.TW","Unknown","Unknown"
"04277.TW","04277.TW","Unknown","Unknown"
"3008.TW","LARGAN PRECISION","Unknown","Taiwan"
"2427.TW","MERCURIES DATA TW","Unknown","Taiwan"
"2109.TW","HWA FONG RUBBER I","Unknown","Taiwan"
"04206.TW","04206.TW","Unknown","Unknown"
"1307.TW","SAN FANG CHEMICAL","Unknown","Taiwan"
"2382.TW","QUANTA COMPUTER T","Unknown","Taiwan"
"1315.TW","TAH SHIN INDL TWD","Unknown","Taiwan"
"04058.TW","POLARIS SECURITIE","Unknown","Taiwan"
"3271.TW","3271.TW","Unknown","Unknown"
"A92107.TW","TAIWAN(GOVT OF) 2","Unknown","Taiwan"
"3028.TW","ZENITRON CORP TWD","Unknown","Taiwan"
"6269.TW","FLEXIUM INTERCONN","Unknown","Taiwan"
"2330.TW","TAIWAN SEMICON MA","Unknown","Taiwan"
"1234.TW","HEY SONG TWD10","Unknown","Taiwan"
"2816.TW","UNION INSURANCE T","Unknown","Taiwan"
"2608.TW","T JOIN TRANSPORTA","Unknown","Taiwan"
"04201P.TW","04201P.TW","Unknown","Unknown"
"2882.TW","CATHAY FINL HLDG","Unknown","Taiwan"
"06485.TW","Conversion ratio","Unknown","Taiwan"
"04375.TW","YUANTA SECURITIES","Unknown","Taiwan"
"2017.TW","CHIA I INDUSTRIAL","Unknown","Taiwan"
"2329.TW","ORIENT SEMICONDUC","Unknown","Taiwan"
"04181.TW","04181.TW","Unknown","Unknown"
"2401.TW","SUNPLUS TECHNOLOG","Unknown","Taiwan"
"04290.TW","04290.TW","Unknown","Unknown"
"9929.TW","CHOICE LITHOGRAPH","Unknown","Taiwan"
"6176.TW","RADIANT OPTO-ELEC","Unknown","Taiwan"
"2204.TW","CHINA MOTOR CO TW","Unknown","Taiwan"
"04322P.TW","04322P.TW","Unknown","Unknown"
"04355.TW","POLARIS SECURITIE","Unknown","Taiwan"
"05511.TW","WATERLAND SECURIT","Unknown","Taiwan"
"2353.TW","ACER INC TWD10","Unknown","Taiwan"
"1603.TW","CHINA WIRE & CABL","Unknown","Taiwan"
"2376.TW","GIGA-BYTE TECH TW","Unknown","Taiwan"
"05735.TW","SINOPAC SECURITIE","Unknown","Taiwan"
"2486.TW","I-CHIUN PRECISION","Unknown","Taiwan"
"TSECIFB.TW","TSECIFB","Unknown","Taiwan"
"1616.TW","EVERTOP WIRE CABL","Unknown","Taiwan"
"3009.TW","CHI MEI OPTOELECT","Unknown","Taiwan"
"A90104.TW","TAIWAN(GOVT OF) 4","Unknown","Taiwan"
"2494.TW","TURBOCOMM TECH TW","Unknown","Taiwan"
"04268.TW","04268.TW","Unknown","Unknown"
"2915.TW","RUENTEX INDUSTRIE","Unknown","Taiwan"
"2887.TW","TAISHIN FINANCIAL","Unknown","Taiwan"
"1608.TW","HUA ENG WIRE&CABL","Unknown","Taiwan"
"04154.TW","YUANTA SECURITIES","Unknown","Taiwan"
"04167.TW","04167.TW","Unknown","Unknown"
"8070.TW","CHANG WAH ELECTRO","Unknown","Taiwan"
"04241.TW","04241.TW","Unknown","Unknown"
"2838.TW","UNION BK OF TAIWA","Unknown","Taiwan"
"04288.TW","04288.TW","Unknown","Unknown"
"04325.TW","04325.TW","Unknown","Unknown"
"06143.TW","Conversion ratio","Unknown","Taiwan"
"06698.TW","Conversion ratio","Unknown","Taiwan"
"06135.TW","Conversion ratio","Unknown","Taiwan"
"3450.TW","ELITE ADVANCED LA","Unknown","Taiwan"
"2033.TW","CHIA TA WORLD TWD","Unknown","Taiwan"
"05597.TW","05597.TW","Unknown","Unknown"
"2534.TW","HUNG SHENG CONSTR","Unknown","Taiwan"
"04388.TW","CHINATRUST SECS C","Unknown","Taiwan"
"3036.TW","WINTECH MICROELEC","Unknown","Taiwan"
"04228.TW","CAPITAL SECURITIE","Unknown","Taiwan"
"2406.TW","GIGASTORAGE CORP","Unknown","Taiwan"
"2885.TW","FUHWA FINL HLDG C","Unknown","Taiwan"
"1715.TW","ACHEM TECHNOLOGY","Unknown","Taiwan"
"01008T.TW","GALLOP NO.1 REIT","Unknown","Taiwan"
"2615.TW","WAN HAI LINES TWD","Unknown","Taiwan"
"5522.TW","FARGLORY LAND DEV","Unknown","Taiwan"
"05777.TW","Conversion ratio","Unknown","Taiwan"
"2851.TW","CENTRAL REINSURAN","Unknown","Taiwan"
"04113.TW","YUANTA SECURITIES","Unknown","Taiwan"
"04326P.TW","04326P.TW","Unknown","Unknown"
"1457.TW","YI JINN INDUSTRIA","Unknown","Taiwan"
"03971.TW","03971.TW","Unknown","Unknown"
"08027.TW","08027.TW","Unknown","Unknown"
"2515.TW","BES ENGINEERING T","Unknown","Taiwan"
"05731.TW","SINOPAC SECURITIE","Unknown","Taiwan"
"06706.TW","Conversion ratio","Unknown","Taiwan"
"3534.TW","RALINK TECHNOLOGY","Unknown","Taiwan"
"04008.TW","Conversion ratio","Unknown","Taiwan"
"2477.TW","MEILOON INDUSTRIA","Unknown","Taiwan"
"6165.TW","JYE TAI PRECISION","Unknown","Taiwan"
"1560.TW","KINIK CO TWD10","Unknown","Taiwan"
"06927.TW","Conversion ratio","Unknown","Taiwan"
"1434.TW","FORMOSA TAFFETA C","Unknown","Taiwan"
"TSECFCB.TW","TSECFCB","Unknown","Taiwan"
"A90201.TW","TAIWAN(GOVT OF) 4","Unknown","Taiwan"
"TSECFCS.TW","TSECFCS","Unknown","Taiwan"
"04372.TW","SHINKONG SECURITI","Unknown","Taiwan"
"3060.TW","MIN AIK TECHNOLOG","Unknown","Taiwan"
"06589.TW","Conversion ratio","Unknown","Taiwan"
"1522.TW","TYC BROTHER IND T","Unknown","Taiwan"
"06661P.TW","06661P.TW","Unknown","Unknown"
"04258P.TW","04258P.TW","Unknown","Unknown"
"2381.TW","ARIMA COMPUTER TW","Unknown","Taiwan"
"06662.TW","Conversion ratio","Unknown","Taiwan"
"2501.TW","CATHAY REAL ESTAT","Unknown","Taiwan"
"04269.TW","04269.TW","Unknown","Unknown"
"04282.TW","04282.TW","Unknown","Unknown"
"03979.TW","03979.TW","Unknown","Unknown"
"04061.TW","POLARIS SECURITIE","Unknown","Taiwan"
"3027.TW","BILLION ELECTRONI","Unknown","Taiwan"
"1808.TW","KOBIN ENVIRONMENT","Unknown","Taiwan"
"2413.TW","UNIVERSAL MICROEL","Unknown","Taiwan"
"3035.TW","FARADAY TECHNOLOG","Unknown","Taiwan"
"2504.TW","GOLDSUN DEV &CONS","Unknown","Taiwan"
"04193.TW","04193.TW","Unknown","Unknown"
"1735.TW","EVERMORE CHEMICAL","Unknown","Taiwan"
"2374.TW","ABILITY ENTERPRIS","Unknown","Taiwan"
"1446.TW","HONG HO PRECISION","Unknown","Taiwan"
"2321.TW","TECOM CO TWD10","Unknown","Taiwan"
"2317.TW","HON HAI PRECISION","Unknown","Taiwan"
"04255.TW","04255.TW","Unknown","Unknown"
"05654.TW","CONCORD SECURITIE","Unknown","Taiwan"
"1326.TW","FORMOSA CHEM&FIBR","Unknown","Taiwan"
"1305.TW","CHINA GEN PLASTIC","Unknown","Taiwan"
"1463.TW","CHYANG SHENG DYEI","Unknown","Taiwan"
"06676.TW","Conversion ratio","Unknown","Taiwan"
"3311.TW","SILITECH TECHNOLO","Unknown","Taiwan"
"1526.TW","SUNRACE ROOTS ENT","Unknown","Taiwan"
"04360.TW","MASTERLINK SECS C","Unknown","Taiwan"
"2020.TW","MAYER STEEL PIPE","Unknown","Taiwan"
"5305.TW","LITE-ON SEMICONDU","Unknown","Taiwan"
"05606.TW","KGI SECURITIES(TW","Unknown","Taiwan"
"5854.TW","TAIWAN COOPERATIV","Unknown","Taiwan"
"1465.TW","WISHER INDUSTRIAL","Unknown","Taiwan"
"2034.TW","YEUN CHYANG INDUS","Unknown","Taiwan"
"04222.TW","SINOPAC SECURITIE","Unknown","Taiwan"
"04215.TW","WATERLAND SECURIT","Unknown","Taiwan"
"5608.TW","SHIH WEI NAVIGATI","Unknown","Taiwan"
"07642.TW","07642.TW","Unknown","Unknown"
"01004T.TW","FUBON NO.2 REIT R","Unknown","Taiwan"
"04354.TW","POLARIS SECURITIE","Unknown","Taiwan"
"06668.TW","Conversion ratio","Unknown","Taiwan"
"8201.TW","INVENTEC BESTA CO","Unknown","Taiwan"
"06496.TW","Conversion ratio","Unknown","Taiwan"
"1532.TW","CHINA METAL PRODS","Unknown","Taiwan"
"04012.TW","04012.TW","Unknown","Unknown"
"2007.TW","YIEH HSING ENTERP","Unknown","Taiwan"
"06137.TW","Conversion ratio","Unknown","Taiwan"
"2702.TW","HOTEL HOLIDAY GDN","Unknown","Taiwan"
"1325.TW","UNIVERSAL INC TWD","Unknown","Taiwan"
"2030.TW","FROCH ENTERPRISE","Unknown","Taiwan"
"2538.TW","KEE TAI PROPERTIE","Unknown","Taiwan"
"9924.TW","TAIWAN FU HSING T","Unknown","Taiwan"
"04410.TW","POLARIS SECURITIE","Unknown","Taiwan"
"3514.TW","GINTECH ENERGY CO","Unknown","Taiwan"
"3022.TW","ICP ELECTRONICS I","Unknown","Taiwan"
"6202.TW","HOLTEK SEMICONDUC","Unknown","Taiwan"
"03199.TW","03199.TW","Unknown","Unknown"
"2325.TW","SILICONWARE PRECI","Unknown","Taiwan"
"05645.TW","TAIWAN SECURITIES","Unknown","Taiwan"
"05445.TW","Conversion ratio","Unknown","Taiwan"
"2006.TW","TUNG HO STEEL ENT","Unknown","Taiwan"
"2367.TW","UNITECH PRINTED C","Unknown","Taiwan"
"2542.TW","HIGHWEALTH CONSTR","Unknown","Taiwan"
"9939.TW","TAIWAN HON CHUAN","Unknown","Taiwan"
"5525.TW","SWEETEN CONSTRUCT","Unknown","Taiwan"
"03452.TW","03452.TW","Unknown","Unknown"
"8078.TW","COMPAL COMMUN INC","Unknown","Taiwan"
"06596.TW","Conversion ratio","Unknown","Taiwan"
"2428.TW","THINKING ELECTRON","Unknown","Taiwan"
"9921.TW","GIANT MFG CO TWD1","Unknown","Taiwan"
"3356.TW","GEOVISION INC TWD","Unknown","Taiwan"
"06138.TW","Conversion ratio","Unknown","Taiwan"
"6120.TW","FORHOUSE CORP TWD","Unknown","Taiwan"
"2545.TW","HUANG HSIANG CONS","Unknown","Taiwan"
"06694.TW","Conversion ratio","Unknown","Taiwan"
"A95101.TW","TAIWAN(GOVT OF) 1","Unknown","Taiwan"
"2903.TW","FAR EAST DEPT STO","Unknown","Taiwan"
"1442.TW","ADVANCETEK ENTERP","Unknown","Taiwan"
"9941.TW","TAIWAN ACCEPTANCE","Unknown","Taiwan"
"2441.TW","GREATEK ELECTRONI","Unknown","Taiwan"
"2483.TW","EXCEL CELL ELECTR","Unknown","Taiwan"
"04248P.TW","04248P.TW","Unknown","Unknown"
"2707.TW","FORMOSA INTL HOTE","Unknown","Taiwan"
"05662.TW","BARITS INTERNATIO","Unknown","Taiwan"
"A90102.TW","TAIWAN(GOVT OF) 5","Unknown","Taiwan"
"9102.TW","EASTERN ASIA TECH","Unknown","Taiwan"
"1718.TW","CHINA MANMADE FBR","Unknown","Taiwan"
"06658.TW","Conversion ratio","Unknown","Taiwan"
"2436.TW","WELTREND SEMICOND","Unknown","Taiwan"
"9944.TW","SHINIH ENTERPRISE","Unknown","Taiwan"
"2408.TW","NANYA TECHNOLOGY","Unknown","Taiwan"
"1311.TW","1311.TW","Unknown","Unknown"
"06737.TW","Conversion ratio","Unknown","Taiwan"
"6196.TW","MARKETECH INTL TW","Unknown","Taiwan"
"9935.TW","CHING FENG HOME F","Unknown","Taiwan"
"04208.TW","04208.TW","Unknown","Unknown"
"4532.TW","RECHI PRECISION T","Unknown","Taiwan"
"2460.TW","GEM TERMINAL INDU","Unknown","Taiwan"
"04358.TW","MASTERLINK SECS C","Unknown","Taiwan"
"05583.TW","MASTERLINK SECS C","Unknown","Taiwan"
"04371.TW","FUBON SECURITIES","Unknown","Taiwan"
"05437.TW","YUANTA SECURITIES","Unknown","Taiwan"
"1443.TW","LILY TEXTILE TWD1","Unknown","Taiwan"
"3032.TW","COMPUCASE ENTERPR","Unknown","Taiwan"
"2476.TW","G SHANK ENTERPRIS","Unknown","Taiwan"
"1732.TW","MAO BAO CHEMICAL","Unknown","Taiwan"
"2417.TW","AVERMEDIA TECH IN","Unknown","Taiwan"
"1469.TW","LEAD LONG TEXTILE","Unknown","Taiwan"
"1612.TW","HONG TAI ELECTRON","Unknown","Taiwan"
"9912.TW","ASSOC TECHN CHINA","Unknown","Taiwan"
"06724.TW","06724.TW","Unknown","Unknown"
"2607.TW","EVERGREEN INTL ST","Unknown","Taiwan"
"1721.TW","SUNKO INK CO TWD1","Unknown","Taiwan"
"2430.TW","TSANN KUEN ENTERP","Unknown","Taiwan"
"2360.TW","CHROMA ATE INC TW","Unknown","Taiwan"
"2301.TW","LITE-ON TECHNOLOG","Unknown","Taiwan"
"1529.TW","LUXE ELECTRONICS","Unknown","Taiwan"
"05578.TW","HUA NAN SECURITIE","Unknown","Taiwan"
"2364.TW","TWINHEAD INTERNAT","Unknown","Taiwan"
"04211P.TW","04211P.TW","Unknown","Unknown"
"06717.TW","Conversion ratio","Unknown","Taiwan"
"6209.TW","KINKO OPTICAL CO","Unknown","Taiwan"
"05733.TW","SINOPAC SECURITIE","Unknown","Taiwan"
"03975.TW","03975.TW","Unknown","Unknown"
"3024.TW","ACTION ELECTRONIC","Unknown","Taiwan"
"6213.TW","ITEQ CORP TWD10","Unknown","Taiwan"
"3004.TW","NATIONAL AEROSPAC","Unknown","Taiwan"
"04334.TW","FUBON SECURITIES","Unknown","Taiwan"
"2603.TW","EVERGREEN MARINE","Unknown","Taiwan"
"2327.TW","YAGEO CORP TWD10","Unknown","Taiwan"
"04183.TW","04183.TW","Unknown","Unknown"
"04175.TW","04175.TW","Unknown","Unknown"
"3189.TW","KINSUS INTERCONNE","Unknown","Taiwan"
"05362.TW","PRESIDENT SECS K/","Unknown","Taiwan"
"06654.TW","Conversion ratio","Unknown","Taiwan"
"A91103.TW","TAIWAN(GOVT OF) 4","Unknown","Taiwan"
"2358.TW","MAG TECHNOLOGY TW","Unknown","Taiwan"
"2022.TW","TYCOONS GROUP ENT","Unknown","Taiwan"
"2820.TW","CHINA BILLS FIN T","Unknown","Taiwan"
"A90108.TW","TAIWAN(GOVT OF) 3","Unknown","Taiwan"
"3701.TW","FIC GLOBAL INC TW","Unknown","Taiwan"
"6216.TW","DRAYTEK CORP TWD1","Unknown","Taiwan"
"1473.TW","TAINAN ENTERPRISE","Unknown","Taiwan"
"06679.TW","Conversion ratio","Unknown","Taiwan"
"04231P.TW","CAPITAL SECURITIE","Unknown","Taiwan"
"04265.TW","04265.TW","Unknown","Unknown"
"2462.TW","TAIWAN LINE TEK E","Unknown","Taiwan"
"04166.TW","HORIZON(FORTUNE)","Unknown","Taiwan"
"04143.TW","04143.TW","Unknown","Unknown"
"04377.TW","KGI SECURITIES(TW","Unknown","Taiwan"
"2847.TW","TA CHONG BANK TWD","Unknown","Taiwan"
"2438.TW","ENLIGHT CORP TWD1","Unknown","Taiwan"
"2455.TW","VISUAL PHOTONICS","Unknown","Taiwan"
"1310.TW","TAIWAN STYRENE MO","Unknown","Taiwan"
"06686.TW","Conversion ratio","Unknown","Taiwan"
"9933.TW","CTCI CORP TWD10","Unknown","Taiwan"
"1606.TW","1606.TW","Unknown","Unknown"
"6205.TW","CHANT SINCERE CO","Unknown","Taiwan"
"04023.TW","04023.TW","Unknown","Unknown"
"2396.TW","2396.TW","Unknown","Unknown"
"2906.TW","COLLINS TWD10","Unknown","Taiwan"
"06133.TW","Conversion ratio","Unknown","Taiwan"
"04365.TW","04365.TW","Unknown","Unknown"
"A89113.TW","TAIWAN(GOVT OF) 5","Unknown","Taiwan"
"04257.TW","04257.TW","Unknown","Unknown"
"1104.TW","UNIVERSAL CEMENT","Unknown","Taiwan"
"2471.TW","ARES INTL (TW) TW","Unknown","Taiwan"
"04191.TW","04191.TW","Unknown","Unknown"
"06667.TW","Conversion ratio","Unknown","Taiwan"
"3015.TW","SPI ELECTRONICS T","Unknown","Taiwan"
"05617.TW","Conversion ratio","Unknown","Taiwan"
"1730.TW","FARCENT ENTERPRIS","Unknown","Taiwan"
"2618.TW","EVA AIRWAYS TWD10","Unknown","Taiwan"
"8008.TW","LITE-ON IT CORP T","Unknown","Taiwan"
"06486.TW","Conversion ratio","Unknown","Taiwan"
"A89111.TW","TAIWAN(GOVT OF) 5","Unknown","Taiwan"
"9907.TW","TON YI INDL CORP","Unknown","Taiwan"
"1535.TW","CHINA ECOTEK TWD1","Unknown","Taiwan"
"1709.TW","FORMOSAN UNION CH","Unknown","Taiwan"
"9937.TW","NATIONAL PETROL(T","Unknown","Taiwan"
"04197.TW","04197.TW","Unknown","Unknown"
"06678.TW","Conversion ratio","Unknown","Taiwan"
"1724.TW","TNC INDUSTRIAL TW","Unknown","Taiwan"
"3130.TW","104 CORP TWD10","Unknown","Taiwan"
"A90107.TW","TAIWAN(GOVT OF) 3","Unknown","Taiwan"
"05411.TW","Conversion ratio","Unknown","Taiwan"
"2379.TW","REALTEK SEMICOND","Unknown","Taiwan"
"5484.TW","EVER FOCUS ELECTR","Unknown","Taiwan"
"2356.TW","INVENTEC CORP TWD","Unknown","Taiwan"
"1440.TW","TAINAN SPINNING T","Unknown","Taiwan"
"1539.TW","CHIU TING MACHINE","Unknown","Taiwan"
"04348.TW","FUBON SECURITIES","Unknown","Taiwan"
"2908.TW","TEST RITE INTL TW","Unknown","Taiwan"
"2201.TW","YULON MOTOR TWD10","Unknown","Taiwan"
"2395.TW","ADVANTECH CO LTD","Unknown","Taiwan"
"2347.TW","SYNNEX TECH INTL","Unknown","Taiwan"
"1707.TW","GRAPE KING INC TW","Unknown","Taiwan"
"1436.TW","FU I INDUSTRY TWD","Unknown","Taiwan"
"2308.TW","DELTA ELECTRONIC","Unknown","Taiwan"
"1520.TW","1520.TW","Unknown","Unknown"
"3231.TW","WISTRON CORP TWD1","Unknown","Taiwan"
"05614.TW","SINOPAC SECURITIE","Unknown","Taiwan"
"9926.TW","SHIN HAI GAS CORP","Unknown","Taiwan"
"2856.TW","MASTERLINK SECS T","Unknown","Taiwan"
"2488.TW","HANPIN ELECTRONIC","Unknown","Taiwan"
"TSECIS.TW","TSECIS","Unknown","Taiwan"
"2605.TW","SINCERE NAVIGATIO","Unknown","Taiwan"
"6184.TW","DAH FUNG CATV TWD","Unknown","Taiwan"
"1618.TW","HOLD-KEY ELECTRIC","Unknown","Taiwan"
"1907.TW","YUEN FOONG YU MFG","Unknown","Taiwan"
"2375.TW","TEAPO ELECTRONICS","Unknown","Taiwan"
"3041.TW","ALI CORP TWD10","Unknown","Taiwan"
"1476.TW","ECLAT TEXTILE CO","Unknown","Taiwan"
"2537.TW","EZPLACE CO LTD TW","Unknown","Taiwan"
"04315.TW","YUANTA SECURITIES","Unknown","Taiwan"
"2402.TW","ICHIA TECHNOLOGIE","Unknown","Taiwan"
"2448.TW","EPISTAR CORP TWD1","Unknown","Taiwan"
"1416.TW","KWONG FONG INDS T","Unknown","Taiwan"
"06587.TW","Conversion ratio","Unknown","Taiwan"
"04260.TW","FUBON SECURITIES","Unknown","Taiwan"
"3029.TW","ZERO ONE TECHNOLO","Unknown","Taiwan"
"2528.TW","CROWELL DEVELOPMN","Unknown","Taiwan"
"A90103.TW","TAIWAN(GOVT OF) 4","Unknown","Taiwan"
"05442.TW","TAIWAN SECURITIES","Unknown","Taiwan"
"05448.TW","Conversion ratio","Unknown","Taiwan"
"6225.TW","AIPTEK INTL INC T","Unknown","Taiwan"
"9938.TW","TAIWAN PAIHO TWD1","Unknown","Taiwan"
"2012.TW","CHUN YU WORKS & C","Unknown","Taiwan"
"9905.TW","GREAT CHINA METAL","Unknown","Taiwan"
"04053.TW","04053.TW","Unknown","Unknown"
"03963.TW","03963.TW","Unknown","Unknown"
"04185P.TW","04185P.TW","Unknown","Unknown"
"4906.TW","GEMTEK TECHNOLOGY","Unknown","Taiwan"
"05734.TW","SINOPAC SECURITIE","Unknown","Taiwan"
"04233.TW","YUANTA SECURITIES","Unknown","Taiwan"
"2101.TW","NAN KANG RUBB TIR","Unknown","Taiwan"
"2520.TW","KINDOM CONSTRUCTI","Unknown","Taiwan"
"2905.TW","MERCURIES & ASSOC","Unknown","Taiwan"
"1525.TW","KIANSHEN CORP TWD","Unknown","Taiwan"
"05778.TW","Conversion ratio","Unknown","Taiwan"
"3504.TW","YOUNG OPTICS INC","Unknown","Taiwan"
"2457.TW","PHIHONG TECHNOLOG","Unknown","Taiwan"
"3059.TW","ALTEK CORP TWD10","Unknown","Taiwan"
"5515.TW","CHIEN KUO CONSTRU","Unknown","Taiwan"
"2474.TW","CATCHER TECHNOLOG","Unknown","Taiwan"
"2705.TW","LEOFOO DEVELOPMEN","Unknown","Taiwan"
"1235.TW","SHIN TAI INDUSTRY","Unknown","Taiwan"
"04345.TW","FUBON SECURITIES","Unknown","Taiwan"
"1583.TW","GOODWAY MACHINE C","Unknown","Taiwan"
"04400.TW","JIH SUN SECURITIE","Unknown","Taiwan"
"2911.TW","LES ENPHANTS TWD1","Unknown","Taiwan"
"1312.TW","GRAND PACIF PETRO","Unknown","Taiwan"
"3043.TW","POWERCOM CO TWD10","Unknown","Taiwan"
"1219.TW","FWU SOW GRAIN PRO","Unknown","Taiwan"
"05628.TW","Conversion ratio","Unknown","Taiwan"
"TSECFFS.TW","TSECFFS","Unknown","Taiwan"
"1451.TW","NIEN HSING TEXTIL","Unknown","Taiwan"
"1323.TW","YONYU PLASTICS TW","Unknown","Taiwan"
"3037.TW","UNIMICRON TECHNOL","Unknown","Taiwan"
"05599.TW","KGI SECURITIES(TW","Unknown","Taiwan"
"2338.TW","TAIWAN MASK CORP","Unknown","Taiwan"
"06277.TW","Conversion ratio","Unknown","Taiwan"
"A96201.TW","TAIWAN(GOVT OF) 2","Unknown","Taiwan"
"04182.TW","04182.TW","Unknown","Unknown"
"1303.TW","NAN YA PLASTIC TW","Unknown","Taiwan"
"2328.TW","PAN INTL INDL TWD","Unknown","Taiwan"
"1308.TW","ASIA POLYMER TWD1","Unknown","Taiwan"
"TSECFB.TW","TSECFB","Unknown","Taiwan"
"6141.TW","PLOTECH CO LTD TW","Unknown","Taiwan"
"3013.TW","CHENMING MOLD IND","Unknown","Taiwan"
"04207.TW","04207.TW","Unknown","Unknown"
"2014.TW","CHUNG HUNG STEEL","Unknown","Taiwan"
"04246.TW","04246.TW","Unknown","Unknown"
"06656.TW","Conversion ratio","Unknown","Taiwan"
"05579.TW","HUA NAN SECURITIE","Unknown","Taiwan"
"2449.TW","KING YUAN ELECTRO","Unknown","Taiwan"
"3535.TW","FAVITE INC. TWD10","Unknown","Taiwan"
"2434.TW","MOSPEC SEMICONDUC","Unknown","Taiwan"
"04286.TW","YUANTA SECURITIES","Unknown","Taiwan"
"2385.TW","CHICONY ELECTRONI","Unknown","Taiwan"
"04234P.TW","YUANTA SECURITIES","Unknown","Taiwan"
"3026.TW","HOLY STONE ENTERP","Unknown","Taiwan"
"04266.TW","04266.TW","Unknown","Unknown"
"04016.TW","04016.TW","Unknown","Unknown"
"3040.TW","GLOBAL VIEW TWD10","Unknown","Taiwan"
"3063.TW","INTL SEMICONDUCTO","Unknown","Taiwan"
"1477.TW","MAKALOT INDUSTRIA","Unknown","Taiwan"
"1444.TW","LEALEA ENTERPRISE","Unknown","Taiwan"
"6128.TW","GENERAL PLASTIC I","Unknown","Taiwan"
"1733.TW","APEX BIOTECHNOLOG","Unknown","Taiwan"
"2539.TW","SAKURA DEVELOPMEN","Unknown","Taiwan"
"6119.TW","AECO TECHNOLOGY C","Unknown","Taiwan"
"2836.TW","BANK OF KAOHSIUNG","Unknown","Taiwan"
"9104.TW","MUSTEK TDR EACH R","Unknown","Taiwan"
"2303.TW","UTD MICRO ELECT T","Unknown","Taiwan"
"07343.TW","07343.TW","Unknown","Unknown"
"6189.TW","PROMATE ELECTRONI","Unknown","Taiwan"
"3016.TW","PRECISION SILICON","Unknown","Taiwan"
"3481.TW","INNOLUX DISPLAY C","Unknown","Taiwan"
"4106.TW","APEX MEDICAL TWD1","Unknown","Taiwan"
"03982.TW","03982.TW","Unknown","Unknown"
"2459.TW","AUDIX CORPN TWD10","Unknown","Taiwan"
"05581.TW","HUA NAN SECURITIE","Unknown","Taiwan"
"A91108.TW","TAIWAN(GOVT OF) 3","Unknown","Taiwan"
"06673.TW","Conversion ratio","Unknown","Taiwan"
"06697.TW","Conversion ratio","Unknown","Taiwan"
"04396.TW","SINOPAC SECURITIE","Unknown","Taiwan"
"04263.TW","04263.TW","Unknown","Unknown"
"2010.TW","CHUN YUAN STEEL T","Unknown","Taiwan"
"8072.TW","AV TECH CORP TWD1","Unknown","Taiwan"
"2392.TW","CHENG UEI PRECISI","Unknown","Taiwan"
"04006.TW","04006.TW","Unknown","Unknown"
"2423.TW","GOOD WILL INSTRUM","Unknown","Taiwan"
"06671.TW","Conversion ratio","Unknown","Taiwan"
"2888.TW","SHIN KONG FINL HL","Unknown","Taiwan"
"04165.TW","04165.TW","Unknown","Unknown"
"4526.TW","TONG-TAI MACHINE","Unknown","Taiwan"
"04219.TW","CATHAY SECURITIES","Unknown","Taiwan"
"2463.TW","AAEON TECHNOLOGY","Unknown","Taiwan"
"2426.TW","TYNTEK CORP TWD10","Unknown","Taiwan"
"04369.TW","04369.TW","Unknown","Unknown"
"2499.TW","UNITY OPTO TECHNO","Unknown","Taiwan"
"05631.TW","TACHAN SECURITIES","Unknown","Taiwan"
"1708.TW","SESODA CORPN TWD1","Unknown","Taiwan"
"04320.TW","04320.TW","Unknown","Unknown"
"04148.TW","04148.TW","Unknown","Unknown"
"05307.TW","HUA NAN SECURITIE","Unknown","Taiwan"
"05371.TW","CHINATRUST SECS C","Unknown","Taiwan"
"8131.TW","FORMOSA ADVANCED","Unknown","Taiwan"
"TSECICB.TW","TSECICB","Unknown","Taiwan"
"05594.TW","SINOPAC SECURITIE","Unknown","Taiwan"
"05346.TW","Conversion ratio","Unknown","Taiwan"
"2472.TW","LELON ELECTRONICS","Unknown","Taiwan"
"06699.TW","Conversion ratio","Unknown","Taiwan"
"2420.TW","ZIPPY TECHNOLOGY","Unknown","Taiwan"
"6285.TW","WISTRON NEWEB COR","Unknown","Taiwan"
"06647.TW","Conversion ratio","Unknown","Taiwan"
"1611.TW","CHINA ELECTRIC MA","Unknown","Taiwan"
"1233.TW","TEN REN TEA TWD10","Unknown","Taiwan"
"04363.TW","ORIENTAL SECURITI","Unknown","Taiwan"
"9919.TW","KANG NA HSIUNG EN","Unknown","Taiwan"
"04169.TW","04169.TW","Unknown","Unknown"
"05639.TW","05639.TW","Unknown","Unknown"
"2610.TW","CHINA AIRLINES TW","Unknown","Taiwan"
"8021.TW","TOPOINT TECHNOLOG","Unknown","Taiwan"
"1471.TW","SOLELYTEX INDL TW","Unknown","Taiwan"
"05619.TW","Conversion ratio","Unknown","Taiwan"
"2546.TW","KEDGE CONSTRUCTIO","Unknown","Taiwan"
"1507.TW","YUNG TAY ENGINEER","Unknown","Taiwan"
"2377.TW","MICRO-STAR INTL T","Unknown","Taiwan"
"2548.TW","HUAKU CONSTRUCTIO","Unknown","Taiwan"
"2107.TW","FORMOSAN RUBBER G","Unknown","Taiwan"
"6131.TW","YOKO TECHNOLOGY T","Unknown","Taiwan"
"05644.TW","TAIWAN SECURITIES","Unknown","Taiwan"
"1102.TW","ASIA CEMENT CORP","Unknown","Taiwan"
"04374.TW","YUANTA SECURITIES","Unknown","Taiwan"
"1319.TW","TONG YANG INDUSTR","Unknown","Taiwan"
"3515.TW","ASROCK INCORPORAT","Unknown","Taiwan"
"06718.TW","Conversion ratio","Unknown","Taiwan"
"2025.TW","CHIEN SHING STAIN","Unknown","Taiwan"
"2412.TW","CHUNGHWA TELECOM","Unknown","Taiwan"
"1711.TW","EVERLIGHT CHEMICA","Unknown","Taiwan"
"2465.TW","LEADTEK RESEARCH","Unknown","Taiwan"
"2383.TW","ELITE MATERIAL TW","Unknown","Taiwan"
"2414.TW","UNITECH ELECTR CO","Unknown","Taiwan"
"05652.TW","GRAND CATHAY SECS","Unknown","Taiwan"
"2530.TW","DELPHA CONSTRUCTI","Unknown","Taiwan"
"1109.TW","HSING TA CEMENT C","Unknown","Taiwan"
"05609.TW","HORIZON(FORTUNE)","Unknown","Taiwan"
"3519.TW","GREEN ENERGY TECH","Unknown","Taiwan"
"05596.TW","CATHAY SECURITIES","Unknown","Taiwan"
"9922.TW","UB OFFICE SYSTEM","Unknown","Taiwan"
"2701.TW","WAN HWA ENTERPRIS","Unknown","Taiwan"
"05478.TW","SINOPAC SECURITIE","Unknown","Taiwan"
"06141.TW","Conversion ratio","Unknown","Taiwan"
"2496.TW","PRIME OPTICAL FIB","Unknown","Taiwan"
"2881.TW","FUBON FINANCIAL H","Unknown","Taiwan"
"1810.TW","HOCHENG CORP TWD1","Unknown","Taiwan"
"6282.TW","ACBEL POLYTECH IN","Unknown","Taiwan"
"6192.TW","LUMAX INTERNATION","Unknown","Taiwan"
"1531.TW","KAULIN MANUFACTUR","Unknown","Taiwan"
"3545.TW","ORISE TECHNOLOGY","Unknown","Taiwan"
"03967.TW","03967.TW","Unknown","Unknown"
"3376.TW","SHIN ZU SHING CO","Unknown","Taiwan"
"2891.TW","CHINATRUST FIN HO","Unknown","Taiwan"
"05603.TW","TAIWAN INTL SECS","Unknown","Taiwan"
"1409.TW","SHINKONG SYNTHETI","Unknown","Taiwan"
"1605.TW","WALSIN LIHWA CORP","Unknown","Taiwan"
"3367.TW","INVENTEC APPLIANC","Unknown","Taiwan"
"TSECFS.TW","TSECFS","Unknown","Taiwan"
"2362.TW","CLEVO TWD10","Unknown","Taiwan"
"3501.TW","WELL SHIN TECHNOL","Unknown","Taiwan"
"3047.TW","EDIMAX TECH CO TW","Unknown","Taiwan"
"2516.TW","NEW ASIA CONST TW","Unknown","Taiwan"
"04156.TW","YUANTA SECURITIES","Unknown","Taiwan"
"05605.TW","TAIWAN INTL SECS","Unknown","Taiwan"
"1203.TW","VE WONG TWD10","Unknown","Taiwan"
"6012.TW","TAIWAN INTL SECS","Unknown","Taiwan"
"06655.TW","Conversion ratio","Unknown","Taiwan"
"04275.TW","04275.TW","Unknown","Unknown"
"2452.TW","CYNTEC CO LTD TWD","Unknown","Taiwan"
"04199.TW","04199.TW","Unknown","Unknown"
"3308.TW","BESTEC POWER ELEC","Unknown","Taiwan"
"06595.TW","06595.TW","Unknown","Unknown"
"1314.TW","CHINA PETROLEUM C","Unknown","Taiwan"
"1609.TW","TA YA ELEC WIR&CA","Unknown","Taiwan"
"04276.TW","04276.TW","Unknown","Unknown"
"6271.TW","TONG HSING ELECTR","Unknown","Taiwan"
"2311.TW","ADVANCED SEMICOND","Unknown","Taiwan"
"1231.TW","LIAN HWA FOODS CO","Unknown","Taiwan"
"05625.TW","CAPITAL SECURITIE","Unknown","Taiwan"
"3002.TW","AHOKU ELECTRONIC","Unknown","Taiwan"
"05763.TW","Conversion ratio","Unknown","Taiwan"
"04376.TW","IBT SECURITIES CO","Unknown","Taiwan"
"04162.TW","04162.TW","Unknown","Unknown"
"3014.TW","ITE TECH INC TWD1","Unknown","Taiwan"
"04323.TW","04323.TW","Unknown","Unknown"
"1439.TW","CHUWA WOOL INDUST","Unknown","Taiwan"
"A91104.TW","TAIWAN(GOVT OF) 3","Unknown","Taiwan"
"TSECFFB.TW","TSECFFB","Unknown","Taiwan"
"2029.TW","SHENG YU STEEL TW","Unknown","Taiwan"
"1225.TW","FORMOSA OILSEED T","Unknown","Taiwan"
"2351.TW","SDI CORP TWD10","Unknown","Taiwan"
"04252.TW","04252.TW","Unknown","Unknown"
"1604.TW","SAMPO CORP TWD10","Unknown","Taiwan"
"2103.TW","TAIWAN SYNTH RUBB","Unknown","Taiwan"
"2439.TW","MERRY ELECTRONICS","Unknown","Taiwan"
"2437.TW","RALEC ELECTRONIC","Unknown","Taiwan"
"2324.TW","COMPAL ELECTRONIC","Unknown","Taiwan"
"3010.TW","WAH LEE INDUSTRIA","Unknown","Taiwan"
"3018.TW","TUNG KAI TECHNOLO","Unknown","Taiwan"
"2373.TW","AURORA CORPORATIO","Unknown","Taiwan"
"A94105.TW","TAIWAN(GOVT OF) 2","Unknown","Taiwan"
"2313.TW","COMPEQ MFG TWD10","Unknown","Taiwan"
"8033.TW","THUNDER TIGER COR","Unknown","Taiwan"
"9927.TW","THYE MING INDUSTR","Unknown","Taiwan"
"1472.TW","TRI OCEAN TEXTILE","Unknown","Taiwan"
"5469.TW","HANNSTAR BOARD CR","Unknown","Taiwan"
"06136.TW","Conversion ratio","Unknown","Taiwan"
"04254.TW","04254.TW","Unknown","Unknown"
"05658.TW","BARITS INTERNATIO","Unknown","Taiwan"
"06669.TW","Conversion ratio","Unknown","Taiwan"
"3056.TW","KING BILLION ELEC","Unknown","Taiwan"
"A91111.TW","TAIWAN(GOVT OF) 2","Unknown","Taiwan"
"1617.TW","JUNG SHING WIRE C","Unknown","Taiwan"
"1316.TW","SUN YAD TECHNOLOG","Unknown","Taiwan"
"1906.TW","PAOLONG INTERNAT","Unknown","Taiwan"
"1454.TW","TAIWAN TAFFETA FA","Unknown","Taiwan"
"TSECICS.TW","TSECICS","Unknown","Taiwan"
"8046.TW","NAN YA PRINTED CI","Unknown","Taiwan"
"05304.TW","KGI SECURITIES(TW","Unknown","Taiwan"
"05646.TW","KGI SECURITIES(TW","Unknown","Taiwan"
"1905.TW","CHUNG HWA PULP TW","Unknown","Taiwan"
"04155P.TW","YUANTA SECURITIES","Unknown","Taiwan"
"1215.TW","CHAROEN POK PHAND","Unknown","Taiwan"
"1902.TW","TAIWAN PAPER&PULP","Unknown","Taiwan"
"05508.TW","GRAND CATHAY SECS","Unknown","Taiwan"
"2453.TW","SYSCOM COMPUTER E","Unknown","Taiwan"
"2332.TW","D-LINK TWD10","Unknown","Taiwan"
"2913.TW","TAIWAN TEA CORP T","Unknown","Taiwan"
"04261.TW","04261.TW","Unknown","Unknown"
"1217.TW","AGV PRODUCTS TWD1","Unknown","Taiwan"
"2456.TW","CHILISIN ELECTRON","Unknown","Taiwan"
"04022.TW","04022.TW","Unknown","Unknown"
"5607.TW","FARGLORY FREE TRA","Unknown","Taiwan"
"01001T.TW","FUBON NO.1 REIT R","Unknown","Taiwan"
"5471.TW","SONIX TECHNOLOGY","Unknown","Taiwan"
"3021.TW","WELLTEND TECH COR","Unknown","Taiwan"
"04383.TW","GRAND CATHAY SECS","Unknown","Taiwan"
"1437.TW","GTM TWD10","Unknown","Taiwan"
"1537.TW","KUNG LONG BATTERI","Unknown","Taiwan"
"06483.TW","Conversion ratio","Unknown","Taiwan"
"A89114.TW","TAIWAN(GOVT OF) 5","Unknown","Taiwan"
"05642.TW","TAIWAN SECURITIES","Unknown","Taiwan"
"1704.TW","LEE CHANG YUNG CH","Unknown","Taiwan"
"A90105.TW","TAIWAN(GOVT OF) 3","Unknown","Taiwan"
"9930.TW","CHINA HI-MENT COR","Unknown","Taiwan"
"1514.TW","ALLIS ELECTRIC TW","Unknown","Taiwan"
"1614.TW","SANYO ELECTRIC(TW","Unknown","Taiwan"
"05585.TW","MASTERLINK SECS C","Unknown","Taiwan"
"04229.TW","CAPITAL SECURITIE","Unknown","Taiwan"
"04062.TW","POLARIS SECURITIE","Unknown","Taiwan"
"9928.TW","CHINA TELEVISION","Unknown","Taiwan"
"3061.TW","FORMOSA EPITAXY T","Unknown","Taiwan"
"03965.TW","03965.TW","Unknown","Unknown"
"A94108.TW","TAIWAN(GOVT OF) 2","Unknown","Taiwan"
"6145.TW","POWER QUOTIENT IN","Unknown","Taiwan"
"1615.TW","DAH SAN ELECTRIC","Unknown","Taiwan"
"06586.TW","Conversion ratio","Unknown","Taiwan"
"9908.TW","GREAT TAIPEI GAS","Unknown","Taiwan"
"05742.TW","MASTERLINK SECS C","Unknown","Taiwan"
