"Code","Name"
"2505.TW","國揚"
"2834.TW","台灣企銀"
"5534.TW","長虹"
"1538.TW","正峰新"
"2890.TW","永豐金控"
"2444.TW","友旺"
"2543.TW","皇昌"
"9103.TW","美德醫"
"3090.TW","日電貿"
"2883.TW","開發金"
"2429.TW","銘旺科"
"2231.TW","為升"
"3034.TW","聯詠"
"6214.TW","精誠"
"1512.TW","瑞利"
"1714.TW","和桐化學"
"2617.TW","台航"
"2832.TW","台灣產物"
"2032.TW","新鋼工業"
"1710.TW","東聯化學"
"2841.TW","台開"
"2008.TW","高興昌"
"2365.TW","昆盈"
"1419.TW","新光紡織"
"1464.TW","得力"
"1519.TW","華城電機"
"2536.TW","宏普"
"3051.TW","力特"
"0081.TW","恒香港"
"5234.TW","達興材料"
"3665.TW","F-貿聯"
"1809.TW","中國製釉"
"910861.TW","神州"
"2467.TW","志聖"
"9136.TW","巨騰"
"2059.TW","川湖"
"5907.TW","F-大洋"
"4164.TW","承業生醫"
"2886.TW","兆豐金"
"6215.TW","和椿"
"8926.TW","台汽電"
"4108.TW","懷特"
"2884.TW","玉山金"
"8105.TW","凌巨"
"4141.TW","F-龍燈"
"3536.TW","誠創科技"
"1516.TW","川飛"
"3698.TW","隆達電子"
"2480.TW","敦陽科"
"2323.TW","中環"
"6283.TW","淳安電子"
"0051.TW","中100"
"2302.TW","麗正"
"1423.TW","利華羊毛"
"1729.TW","必翔"
"4306.TW","炎洲"
"1712.TW","興農"
"1909.TW","榮成紙業"
"3599.TW","旺能光電"
"3591.TW","艾笛森"
"2342.TW","茂矽"
"9914.TW","美利達"
"2108.TW","南帝化工"
"1213.TW","大飲"
"3593.TW","力銘科技"
"8404.TW","F-百和"
"6201.TW","亞弘電"
"4722.TW","國精化學"
"1540.TW","喬福機械"
"6257.TW","矽格"
"2425.TW","承啟"
"3006.TW","晶豪科"
"3432.TW","台端"
"2387.TW","精元"
"2404.TW","漢唐"
"2354.TW","鴻準"
"3494.TW","誠研"
"2440.TW","太空梭"
"1527.TW","鑽全"
"2845.TW","遠東商銀"
"2498.TW","宏達電"
"2013.TW","中鋼構"
"2812.TW","台中商銀"
"3038.TW","全台"
"2062.TW","橋椿金屬"
"5531.TW","鄉林建設"
"3380.TW","明泰"
"6117.TW","迎廣"
"1227.TW","佳格食品"
"9955.TW","佳龍"
"2421.TW","建準"
"3406.TW","玉晶光"
"2478.TW","大毅"
"3315.TW","宣昶"
"5706.TW","鳳凰旅遊"
"2606.TW","裕民"
"1717.TW","長興化學"
"911619.TW","HISAKA"
"6166.TW","凌華"
"3025.TW","星通"
"2361.TW","鴻友"
"2458.TW","義隆"
"1236.TW","宏亞食品"
"3296.TW","勝德"
"911610.TW","聯環"
"3443.TW","創意"
"1103.TW","嘉新水泥"
"6278.TW","台表科"
"1737.TW","臺鹽"
"1468.TW","昶和纖維"
"1524.TW","耿鼎"
"9942.TW","茂順"
"1805.TW","寶徠建設"
"1229.TW","聯華實業"
"2485.TW","兆赫"
"1513.TW","中興電工"
"1474.TW","弘裕"
"2314.TW","台揚"
"8112.TW","至上"
"4976.TW","佳凌科技"
"2348.TW","力廣"
"8114.TW","振樺電子"
"6115.TW","鎰勝"
"5264.TW","F-鎧勝"
"1802.TW","臺灣玻璃"
"6286.TW","立錡科技"
"9934.TW","成霖"
"3704.TW","合勤控"
"8039.TW","台虹"
"1731.TW","美吾華"
"1727.TW","中華化"
"2597.TW","潤弘精密"
"1762.TW","中化合成"
"3702.TW","大聯大"
"2855.TW","統一證券"
"2475.TW","華映"
"3694.TW","海華"
"1210.TW","大成長城"
"6112.TW","聚碩"
"1324.TW","地球"
"2535.TW","達欣工"
"4930.TW","燦星網"
"2305.TW","全友"
"3383.TW","新世紀"
"2442.TW","新美齊"
"3049.TW","和鑫"
"6243.TW","迅杰"
"1533.TW","車王電"
"2468.TW","華經"
"6206.TW","飛捷"
"9906.TW","興達"
"1304.TW","台灣聚合"
"2344.TW","華邦電"
"2506.TW","太設"
"6005.TW","群益證"
"1216.TW","統一企業"
"4725.TW","信昌化工"
"3042.TW","晶技"
"0057.TW","FB摩台"
"910069.TW","新曄"
"1402.TW","遠東新"
"3576.TW","新日光"
"2359.TW","所羅門"
"2850.TW","新光產險"
"6197.TW","佳必琪"
"1459.TW","聯發紡織"
"2027.TW","大成鋼"
"3045.TW","台灣大哥大"
"2397.TW","友通"
"1413.TW","宏洲化工"
"1470.TW","大統染"
"2340.TW","光磊"
"2609.TW","陽明"
"2706.TW","第一店"
"2023.TW","燁輝"
"5434.TW","崇越"
"1701.TW","中國化學"
"8110.TW","華東科技"
"2527.TW","宏璟"
"3062.TW","建漢"
"1530.TW","亞崴電機"
"1506.TW","正道"
"1504.TW","東元電機"
"2024.TW","志聯工業"
"6136.TW","富爾特"
"2227.TW","裕日車"
"6289.TW","華上"
"2106.TW","建大工業"
"9943.TW","好樂迪"
"6155.TW","鈞寶電子"
"2727.TW","王品"
"1720.TW","生達化學"
"9910.TW","豐泰企業"
"2904.TW","匯僑"
"1536.TW","和大"
"1456.TW","怡華"
"2492.TW","華新科"
"1417.TW","嘉裕"
"3005.TW","神基"
"3057.TW","喬鼎"
"2461.TW","光群雷"
"8249.TW","菱光科技"
"5203.TW","訊連"
"1590.TW","F-亞德"
"2009.TW","第一伸銅"
"8011.TW","台通光電"
"3312.TW","弘憶股"
"2910.TW","統領百貨"
"2316.TW","楠梓電"
"3094.TW","聯傑國際"
"6164.TW","華興電子"
"0060.TW","新台灣"
"2337.TW","旺宏"
"3023.TW","信邦"
"2363.TW","矽統"
"2380.TW","虹光"
"5269.TW","祥碩科技"
"2489.TW","瑞軒"
"911602.TW","華豐泰"
"3645.TW","達邁科技"
"1521.TW","大億"
"0053.TW","寶電子"
"2369.TW","菱生"
"9151.TW","旺旺"
"2207.TW","和泰汽車"
"6281.TW","全國電"
"1475.TW","本盟光電"
"1441.TW","大東紡織"
"2514.TW","龍邦國際"
"2352.TW","佳世達"
"1722.TW","台灣肥料"
"2331.TW","精英"
"006204.TW","豐臺灣"
"2613.TW","中櫃"
"1201.TW","味全食品"
"1108.TW","幸福水泥"
"6168.TW","宏齊"
"1447.TW","力鵬"
"1414.TW","東和紡織"
"2028.TW","威致"
"2809.TW","京城銀"
"3033.TW","威健"
"1736.TW","喬山"
"2015.TW","豐興鋼鐵"
"2837.TW","萬泰銀行"
"0052.TW","FB科技"
"9904.TW","寶成工業"
"1218.TW","泰山"
"3533.TW","嘉澤"
"2454.TW","聯發科"
"2419.TW","仲琦"
"2371.TW","大同"
"5533.TW","皇鼎建設"
"1453.TW","大將"
"3579.TW","尚志"
"2424.TW","隴華"
"3050.TW","鈺德"
"6142.TW","友勁"
"1713.TW","國泰化工"
"2801.TW","彰銀"
"2509.TW","全坤建"
"8101.TW","華冠"
"2852.TW","第一保"
"2388.TW","威盛"
"1232.TW","大統益"
"2208.TW","台船公司"
"2355.TW","敬鵬"
"1723.TW","中鋼碳素"
"0015.TW","富邦"
"5388.TW","中磊"
"2481.TW","強茂"
"4414.TW","如興"
"1110.TW","東南水泥"
"1309.TW","台達化"
"1613.TW","台一"
"1806.TW","冠軍"
"1455.TW","集盛"
"1313.TW","聯成"
"9902.TW","台火開發"
"8016.TW","矽創"
"3532.TW","台勝科"
"8213.TW","志超"
"4958.TW","F-臻鼎"
"1337.TW","F-再生"
"1517.TW","利奇機械"
"2368.TW","金像"
"8429.TW","F-金麗"
"2415.TW","錩新"
"2443.TW","新利虹"
"2206.TW","三陽工業"
"2547.TW","日勝生"
"6605.TW","帝寶"
"2704.TW","國賓"
"1515.TW","力山工業"
"2880.TW","華南金"
"2031.TW","新光鋼鐵"
"2540.TW","金尚昌"
"2464.TW","盟立"
"910708.TW","新傳媒"
"3030.TW","德律"
"2611.TW","志信"
"9925.TW","新保"
"3044.TW","健鼎"
"9917.TW","中保"
"2349.TW","錸德"
"2723.TW","F-美食"
"1460.TW","宏遠"
"1726.TW","永記造漆"
"9106.TW","新焦點"
"6239.TW","力成"
"2357.TW","華碩"
"3058.TW","立德"
"9945.TW","潤泰新"
"3573.TW","穎台科技"
"6224.TW","聚鼎科技"
"2384.TW","勝華"
"4142.TW","國光生技"
"3474.TW","華亞科"
"1466.TW","聚隆纖維"
"1445.TW","大宇紡織"
"2614.TW","東森"
"2482.TW","連宇"
"4938.TW","和碩"
"1734.TW","杏輝藥品"
"9911.TW","台灣櫻花"
"1220.TW","台榮"
"5521.TW","工信"
"4746.TW","台耀化學"
"910579.TW","歐聖"
"8163.TW","達方電子"
"2495.TW","普安"
"6277.TW","宏正"
"6116.TW","彩晶"
"4119.TW","旭富"
"6172.TW","互億"
"9931.TW","欣高"
"3003.TW","健和興"
"1410.TW","南洋染整"
"2612.TW","中航"
"2491.TW","吉祥全"
"3031.TW","佰鴻"
"9918.TW","欣天然"
"6153.TW","嘉聯益"
"4942.TW","嘉彰"
"1449.TW","佳和實業"
"2892.TW","第一金"
"9105.TW","泰金寶"
"1321.TW","大洋"
"2849.TW","安泰商銀"
"2823.TW","中國人壽"
"8422.TW","可寧衛"
"2345.TW","智邦"
"6133.TW","金橋"
"6235.TW","華孚科技"
"4915.TW","致伸"
"2431.TW","聯昌"
"1452.TW","宏益纖維"
"2833.TW","台灣人壽"
"3011.TW","今皓"
"4904.TW","遠傳"
"2393.TW","億光"
"2466.TW","冠西電"
"2002.TW","中國鋼鐵"
"8103.TW","瀚荃"
"1904.TW","正隆"
"2390.TW","云辰"
"1301.TW","台灣塑膠"
"2616.TW","山隆"
"2511.TW","太子"
"3048.TW","益登"
"2901.TW","欣欣大眾"
"006208.TW","FB台50"
"4960.TW","奇美材料"
"911616.TW","杜康"
"1438.TW","裕豐"
"3305.TW","昇貿科技"
"3017.TW","奇鋐"
"8210.TW","勤誠興業"
"2912.TW","統一超商"
"3019.TW","亞洲光學"
"9958.TW","世紀鋼"
"2889.TW","國票金"
"1432.TW","大魯閣"
"2493.TW","揚博"
"6226.TW","光鼎電子"
"1101.TW","臺灣水泥"
"3046.TW","建碁"
"3052.TW","夆典"
"1503.TW","士林電機"
"3669.TW","圓展科技"
"1702.TW","南僑化工"
"3055.TW","蔚華科"
"1541.TW","錩泰"
"3617.TW","碩天"
"2601.TW","益航"
"2409.TW","友達"
"910948.TW","Z-OBEE"
"3054.TW","萬國"
"2524.TW","京城"
"2105.TW","正新橡膠"
"4104.TW","佳醫"
"2405.TW","浩鑫"
"2399.TW","映泰"
"2433.TW","互盛電"
"2312.TW","金寶"
"1903.TW","士林紙業"
"2451.TW","創見"
"2484.TW","希華"
"9940.TW","信義"
"2315.TW","神達"
"3557.TW","嘉威光電"
"0056.TW","高股息"
"1725.TW","元禎"
"6505.TW","台塑化"
"2722.TW","夏都"
"1467.TW","南緯"
"1418.TW","東華合纖"
"3518.TW","柏騰"
"2104.TW","中國橡膠"
"3419.TW","譁裕"
"2497.TW","怡利電"
"1528.TW","恩德科技"
"6191.TW","精成科技"
"2102.TW","泰豐輪胎"
"1435.TW","中福國際"
"8271.TW","宇瞻"
"6139.TW","亞翔"
"4919.TW","新唐科技"
"2450.TW","神腦"
"3622.TW","洋華"
"2427.TW","三商電"
"3008.TW","大立光"
"2109.TW","華豐橡膠"
"1307.TW","三芳化工"
"2382.TW","廣達"
"911612.TW","滬安"
"1315.TW","達新工業"
"3028.TW","增你強"
"6269.TW","台郡"
"2330.TW","台積電"
"1234.TW","黑松"
"0054.TW","台商50"
"910482.TW","聖馬丁"
"2816.TW","旺旺保險"
"2608.TW","嘉里大榮"
"2882.TW","國泰金"
"2017.TW","官田鋼"
"2329.TW","華泰"
"5871.TW","F-中租"
"2401.TW","凌陽"
"9929.TW","秋雨創新"
"2204.TW","中華汽車"
"6176.TW","瑞儀"
"2353.TW","宏碁"
"2376.TW","技嘉"
"1603.TW","中華電纜"
"2486.TW","一詮"
"1616.TW","億泰電纜"
"4737.TW","華廣"
"2915.TW","潤泰全球"
"2049.TW","上銀科技"
"2887.TW","台新金"
"3638.TW","F-IML"
"1608.TW","華榮"
"1339.TW","昭輝"
"8070.TW","長華電材"
"2838.TW","聯邦銀行"
"912000.TW","晨訊科"
"910801.TW","金衛醫療"
"3450.TW","聯鈞"
"2033.TW","佳大世界"
"6702.TW","復興航空"
"2534.TW","宏盛"
"3036.TW","文曄"
"2406.TW","國碩"
"2637.TW","F-慧洋"
"2885.TW","元大金"
"1715.TW","亞洲化學"
"2615.TW","萬海"
"5522.TW","遠雄建設"
"2851.TW","中再保"
"008201.TW","上證50"
"3454.TW","晶睿"
"1457.TW","宜進"
"2515.TW","中工"
"2477.TW","美隆電"
"6165.TW","捷泰"
"1560.TW","中砂"
"1434.TW","福懋"
"3060.TW","銘異"
"1522.TW","堤維西"
"2501.TW","國建"
"3027.TW","盛達"
"1808.TW","潤隆"
"3035.TW","智原"
"2413.TW","環科"
"3598.TW","奕力科技"
"2504.TW","國產"
"1735.TW","日勝化工"
"2374.TW","佳能"
"1446.TW","宏和紡織"
"2321.TW","東訊"
"2317.TW","鴻海"
"4956.TW","光鋐科技"
"1326.TW","台灣化纖"
"1305.TW","華夏塑膠"
"1626.TW","F-艾美"
"1463.TW","強盛染整"
"4984.TW","F-科納"
"1526.TW","日馳"
"3311.TW","閎暉"
"2020.TW","美亞"
"5305.TW","敦南"
"1465.TW","偉全"
"2034.TW","允強"
"3559.TW","全智科技"
"5608.TW","四維航"
"8201.TW","無敵科技"
"1532.TW","勤美"
"2007.TW","燁興"
"2702.TW","華園"
"1325.TW","恒大"
"2030.TW","彰源"
"2538.TW","基泰"
"9924.TW","臺灣福興"
"3514.TW","昱晶能源"
"3022.TW","威達電"
"6202.TW","盛群"
"1589.TW","F-永冠"
"2325.TW","矽品"
"3164.TW","景岳生技"
"2006.TW","東和鋼鐵"
"3686.TW","達能科技"
"2367.TW","燿華"
"2542.TW","興富發"
"9939.TW","宏全"
"6230.TW","超眾"
"5525.TW","順天"
"8078.TW","華寶通訊"
"2428.TW","興勤"
"9921.TW","巨大機械"
"5225.TW","東科控股"
"3356.TW","奇偶科技"
"6120.TW","輔祥"
"2545.TW","皇翔"
"2903.TW","遠東百貨"
"1442.TW","名軒"
"9941.TW","裕融"
"2441.TW","超豐"
"8427.TW","F-基勝"
"2483.TW","百容"
"2707.TW","晶華酒店"
"2114.TW","鑫永銓"
"1718.TW","中國人纖"
"2436.TW","偉詮電"
"9944.TW","新麗"
"2408.TW","南科"
"6196.TW","帆宣"
"9935.TW","慶豐富"
"4532.TW","瑞智"
"2460.TW","建通"
"1443.TW","立益紡織"
"3032.TW","偉訓"
"2476.TW","鉅祥"
"1732.TW","毛寶"
"2417.TW","圓剛"
"1469.TW","理隆纖維"
"1612.TW","宏泰電工"
"9912.TW","偉聯科技"
"9802.TW","F-鈺齊"
"3705.TW","永信"
"2607.TW","榮運"
"1721.TW","三晃"
"006203.TW","寶來摩臺基金"
"2360.TW","致茂"
"2430.TW","燦坤"
"2301.TW","光寶科"
"1529.TW","樂士"
"2364.TW","倫飛"
"0061.TW","寶滬深"
"8940.TW","新天地"
"6209.TW","今國光學"
"911611.TW","中泰山"
"3024.TW","憶聲"
"6213.TW","聯茂"
"3004.TW","豐達科技"
"4426.TW","利勤實業"
"2603.TW","長榮"
"2327.TW","國巨"
"3189.TW","景碩"
"2358.TW","美格"
"5906.TW","F-台南"
"2022.TW","聚亨"
"2820.TW","華票"
"3701.TW","大眾控"
"6216.TW","居易"
"1473.TW","台南企業"
"3697.TW","F-晨星"
"2462.TW","良得電"
"2923.TW","F-鼎固"
"2438.TW","英誌"
"2847.TW","大眾商銀"
"1310.TW","臺灣苯乙烯"
"2455.TW","全新"
"006207.TW","FH滬深"
"3229.TW","晟鈦"
"911609.TW","揚子江"
"9933.TW","中鼎"
"6205.TW","詮欣"
"2906.TW","高林實業"
"3703.TW","欣陸"
"2471.TW","資通"
"1104.TW","環球水泥"
"3015.TW","全漢"
"3257.TW","虹冠電"
"1730.TW","花仙子"
"2618.TW","長榮航"
"8008.TW","建興電"
"9907.TW","統一實業"
"1535.TW","中宇"
"1709.TW","和益化工"
"9937.TW","全國加油站"
"1724.TW","台硝"
"3130.TW","一零四"
"911622.TW","泰聚亨"
"2379.TW","瑞昱"
"8081.TW","致新"
"3583.TW","辛耘"
"0058.TW","FB發達"
"5484.TW","慧友"
"4935.TW","F-茂林"
"2356.TW","英業達"
"2038.TW","海光企業"
"1440.TW","台南紡織"
"1539.TW","巨庭機械"
"2908.TW","特力"
"2201.TW","裕隆汽車"
"2395.TW","研華"
"2347.TW","聯強"
"1707.TW","葡萄王"
"3605.TW","宏致電子"
"1436.TW","福益"
"2308.TW","台達電"
"0055.TW","寶金融"
"3231.TW","緯創"
"9926.TW","新海瓦斯"
"2856.TW","元富證券"
"2488.TW","漢平"
"4133.TW","亞諾法"
"2605.TW","新興"
"6108.TW","競國實業"
"1789.TW","台灣神隆"
"6184.TW","大豐電"
"1618.TW","合機電纜"
"1907.TW","永豐餘"
"2375.TW","智寶"
"3041.TW","揚智"
"1476.TW","儒鴻企業"
"2537.TW","聯上開發"
"2402.TW","毅嘉"
"2448.TW","晶電"
"1416.TW","廣豐實業"
"3029.TW","零壹"
"2528.TW","皇普"
"0059.TW","FB金融"
"6225.TW","天瀚"
"2012.TW","春雨工廠"
"9938.TW","百和"
"9905.TW","大華金屬"
"4906.TW","正文"
"3679.TW","新至陞科技"
"2101.TW","南港輪胎"
"2520.TW","冠德"
"2905.TW","三 商 行"
"1525.TW","江申"
"6183.TW","關貿網路"
"3504.TW","揚明光"
"1582.TW","信錦"
"6251.TW","定穎電子"
"2457.TW","飛宏"
"5515.TW","建國"
"3059.TW","華晶科"
"2474.TW","可成"
"2705.TW","六福"
"1235.TW","興泰"
"1583.TW","程泰"
"2911.TW","麗嬰房"
"1312.TW","國喬石化"
"911608.TW","明輝"
"8261.TW","富鼎先進"
"1219.TW","福壽"
"3043.TW","科風"
"8411.TW","F-福貞"
"1451.TW","年興紡織"
"1323.TW","永裕"
"3037.TW","欣興"
"1338.TW","F-廣華"
"2338.TW","光罩"
"1303.TW","南亞塑膠"
"2328.TW","廣宇"
"1308.TW","亞聚"
"3013.TW","晟銘電"
"6141.TW","柏承科技"
"2014.TW","中鴻"
"006205.TW","富邦上証180"
"2449.TW","京元電"
"3535.TW","晶彩科"
"3209.TW","全科科技"
"2434.TW","統懋"
"2385.TW","群光"
"3026.TW","禾伸堂"
"3040.TW","遠見"
"1477.TW","聚陽"
"1444.TW","力麗"
"2867.TW","三商壽"
"6128.TW","上福"
"1733.TW","五鼎"
"2539.TW","櫻花建"
"5880.TW","合庫金控"
"2836.TW","高雄銀行"
"0080.TW","恒中國"
"2303.TW","聯電"
"6189.TW","豐藝"
"3596.TW","智易科技"
"3016.TW","嘉晶"
"3481.TW","群創光電"
"4106.TW","雃博"
"2459.TW","敦吉"
"2010.TW","春源鋼鐵"
"8072.TW","陞泰科技"
"2392.TW","正崴"
"2423.TW","固緯"
"2888.TW","新光金"
"913889.TW","大成糖"
"9188.TW","精熙"
"4526.TW","東台"
"2426.TW","鼎元"
"911626.TW","華運中國"
"2499.TW","東貝"
"1708.TW","東鹼"
"3149.TW","正達國際"
"4144.TW","F-康聯"
"8131.TW","福懋科技"
"5007.TW","三星科技"
"2472.TW","立隆電"
"2420.TW","新巨"
"6285.TW","啟碁"
"1611.TW","中國電器"
"1233.TW","天仁"
"9919.TW","康那香"
"2610.TW","華航"
"8021.TW","尖點"
"1471.TW","首利"
"911868.TW","真明麗"
"2546.TW","根基"
"1507.TW","永大機電"
"2377.TW","微星"
"2548.TW","華固"
"2107.TW","厚生"
"6131.TW","悠克"
"1102.TW","亞洲水泥"
"9157.TW","陽光能"
"4733.TW","上緯"
"3515.TW","華擎"
"1319.TW","東陽"
"6152.TW","百一"
"006206.TW","元上證"
"2025.TW","千興"
"2412.TW","中華電信"
"1711.TW","永光化學"
"2465.TW","麗臺"
"2383.TW","台光電"
"2414.TW","精技"
"2530.TW","華建"
"1109.TW","信大水泥"
"912398.TW","友佳國際"
"3519.TW","綠能"
"2701.TW","萬企"
"2496.TW","卓越成功"
"2881.TW","富邦金"
"1810.TW","和成欣業"
"6282.TW","康舒"
"6192.TW","巨路"
"1531.TW","高林股"
"3545.TW","旭曜"
"3376.TW","新日興"
"2891.TW","中信金"
"1409.TW","新光合纖"
"1605.TW","華新麗華"
"2362.TW","藍天"
"3047.TW","訊舟"
"8374.TW","羅昇"
"2516.TW","新建"
"3501.TW","維熹科技"
"1203.TW","味王"
"3584.TW","介面光電"
"3308.TW","聯德電子"
"1314.TW","中石化"
"1609.TW","大亞電纜"
"8215.TW","明基材料"
"6271.TW","同欣電子"
"2311.TW","日月光"
"1231.TW","聯華食品"
"3002.TW","歐格"
"3014.TW","聯陽"
"1439.TW","中和羊毛"
"911201.TW","僑威"
"3550.TW","聯穎"
"2029.TW","盛餘"
"1225.TW","福懋油脂"
"2351.TW","順德"
"1604.TW","聲寶"
"2103.TW","台橡"
"2439.TW","美律"
"2324.TW","仁寶"
"2437.TW","旺詮"
"3018.TW","同開"
"3010.TW","華立"
"2373.TW","震旦行"
"4952.TW","凌通科技"
"3673.TW","F-TPK"
"2313.TW","華通"
"8033.TW","雷虎"
"9927.TW","泰銘"
"1472.TW","三洋紡織"
"5469.TW","瀚宇博德"
"910322.TW","康師傅"
"0050.TW","台灣50"
"3056.TW","總太地產"
"1617.TW","榮星電線"
"1316.TW","上曜"
"9110.TW","越南控"
"3653.TW","健策"
"1906.TW","寶隆"
"1454.TW","臺灣富綢"
"5215.TW","F-科嘉"
"8046.TW","南電"
"1905.TW","中華紙漿"
"1773.TW","勝一化工"
"1215.TW","卜蜂企業"
"1902.TW","台灣紙業"
"2453.TW","凌群"
"2332.TW","友訊"
"2913.TW","臺灣農林"
"1217.TW","愛之味"
"3607.TW","谷崧精密"
"3588.TW","通嘉"
"2456.TW","奇力新"
"5607.TW","遠雄港"
"5471.TW","松翰"
"3021.TW","衛展資訊"
"1437.TW","勤益"
"1537.TW","廣隆光電"
"1704.TW","榮化"
"9930.TW","中聯資源"
"1514.TW","亞力電機"
"1614.TW","三洋電機"
"3561.TW","昇陽光電"
"9928.TW","中國電視"
"3061.TW","璨圓"
"4934.TW","太極能源"
"6145.TW","勁永"
"1615.TW","大山電纜"
"9908.TW","大台北瓦斯"
