"Code","Symbol","Industry","Board"
"UNITECH.NS","UNITECH DS","Unknown","Unknown"
"SATYAMCOM.NS","SATYAM COMPUTER","Unknown","Unknown"
"WWIL.NS","WWIL","Unknown","Unknown"
"SUZLON.NS","SUZLON ENERGY","Unknown","Unknown"
"DLF.NS","DLF","Unknown","Unknown"
"GVKPIL.NS","GVK POWER & INFRAST","Unknown","Unknown"
"JPASSOCIA.NS","JAIPRAKASH ASSO","Unknown","Unknown"
"IFCI.NS","IFIC DS","Unknown","Unknown"
"RNRL.NS","RELIANCE NATL RS DS","Unknown","Unknown"
"ICICIBANK.NS","ICICI BANK DS","Unknown","Unknown"
"SAIL.NS","STEEL AUTHORITY DS","Unknown","Unknown"
"HDIL.NS","HOUSING DEVL","Unknown","Unknown"
"SPICETELE.NS","SPICE COMM","Unknown","Unknown"
"RPL.NS","RELIANCE PETROL DS","Unknown","Unknown"
"RCOM.NS","RELIANCE COMMUNI DS","Unknown","Unknown"
"ISPATIND.NS","ISPAT INDUSTRIES DS","Unknown","Unknown"
"TATASTEEL.NS","TATA STEEL DS","Unknown","Unknown"
"NAGARFERT.NS","NAGARJUNA FERT DS","Unknown","Unknown"
"DISHTV.NS","DISH TV INDIA","Unknown","Unknown"
"IBREALEST.NS","INDIABULLS REAL","Unknown","Unknown"
"FSL.NS","FIRSTSOURCE SOLU DS","Unknown","Unknown"
"TTML.NS","TATA TELESERVICE DS","Unknown","Unknown"
"RELINFRA.NS","RELIANCE INFRA","Unknown","Unknown"
"SESAGOA.NS","SESA GOA DS","Unknown","Unknown"
"MLL.NS","MERCATOR LINES DS","Unknown","Unknown"
"RELCAPITA.NS","RELIANCE CAP DS","Unknown","Unknown"
"IDFC.NS","INFRAS DEVL FIN DS","Unknown","Unknown"
"CHAMBLFER.NS","CHAMBAL FER & CH DS","Unknown","Unknown"
"NTPC.NS","NTPC DS","Unknown","Unknown"
"RENUKA.NS","SHREE RENUKA SUG DS","Unknown","Unknown"
"RELIANCE.NS","RELIANCE INDS DS","Unknown","Unknown"
"PUNJLLOYD.NS","PUNJ LLOYD","Unknown","Unknown"
"MCDOWELL-.NS","UNITED SPIRITS LTD","Unknown","Unknown"
"IDEA.NS","IDEA CELLULAR","Unknown","Unknown"
"HINDALCO.NS","HINDALCO INDS DS","Unknown","Unknown"
"POWERGRID.NS","POWER GRID INDIA","Unknown","Unknown"
"HEXAWARE.NS","HEXAWARE TECH DS","Unknown","Unknown"
"GMRINFRA.NS","GMR INFRASTRUCTURE","Unknown","Unknown"
"RANBAXY.NS","RANBAXY LABS DS","Unknown","Unknown"
"ITC.NS","ITC DS","Unknown","Unknown"
"ASHOKLEY.NS","ASHOK LEYLAND DS","Unknown","Unknown"
"BHARTIART.NS","BHARTI AIRTEL DS","Unknown","Unknown"
"HINDUNILV.NS","HIND UNILEVER","Unknown","Unknown"
"STER.NS","STERLITE INDS DS","Unknown","Unknown"
"LT.NS","LARSEN & TOUBRO DS","Unknown","Unknown"
"CAIRN.NS","CAIRN INDIA","Unknown","Unknown"
"BALRAMCHI.NS","BALRAMPUR CHINI DS","Unknown","Unknown"
"AXISBANK.NS","AXIS BK","Unknown","Unknown"
"GUJNRECOK.NS","GUJARAT NRE COKE DS","Unknown","Unknown"
"SKUMARSYN.NS","S. KUMARS NATION DS","Unknown","Unknown"
"IVRCLINFR.NS","IVRCL INFR & PRJ","Unknown","Unknown"
"SBIN.NS","STATE BK OF (I) DS","Unknown","Unknown"
"ROLTA.NS","ROLTA INDIA DS","Unknown","Unknown"
"TATAMOTOR.NS","TATA MOTORS","Unknown","Unknown"
"BAJAJHIND.NS","BAJAJ HINDUSTHAN DS","Unknown","Unknown"
"GLENMARK.NS","GLENMARK PHARMACE","Unknown","Unknown"
"RPOWER.NS","RELIANCE PWR","Unknown","Unknown"
"ORBITCORP.NS","ORBIT CORP","Unknown","Unknown"
"EDUCOMP.NS","EDUCOMP SOLUTION DS","Unknown","Unknown"
"GAIL.NS","GAIL (INDIA) DS","Unknown","Unknown"
"ZEEL.NS","ZEE ENTERTAINMENT","Unknown","Unknown"
"AMBUJACEM.NS","AMBUJA CEMENTS","Unknown","Unknown"
"POLARIS.NS","POLARIS SOFTWARE DS","Unknown","Unknown"
"HDFC.NS","HSG DEVT FIN CP DS","Unknown","Unknown"
"ONGC.NS","OIL & NAT GAS DS","Unknown","Unknown"
"INDIAINFO.NS","INDIA INFOLINE","Unknown","Unknown"
"KFA.NS","KINGFISHER AIR","Unknown","Unknown"
"WELGUJ.NS","WELSPUN-GUJ STAH DS","Unknown","Unknown"
"HCC.NS","HINDUSTAN CONST DS","Unknown","Unknown"
"VARUNSHIP.NS","VARUN SHIPPING DS","Unknown","Unknown"
"INFOSYSTC.NS","INFOSYS TECHNO DS","Unknown","Unknown"
"BANKINDIA.NS","BANK OF INDIA DS","Unknown","Unknown"
"HDFCBANK.NS","HDFC BANK DS","Unknown","Unknown"
"ARVIND.NS","ARVIND","Unknown","Unknown"
"BINDALAGR.NS","OSWAL CHE & FERT DS","Unknown","Unknown"
"Q1TATASTE.NS","TATA STEEL 2%CCP","Unknown","Unknown"
"PNB.NS","PUNJAB NATL BK DS","Unknown","Unknown"
"VOLTAS.NS","VOLTAS DS","Unknown","Unknown"
"MARUTI.NS","MARUTI SUZUKI","Unknown","Unknown"
"SREINTFIN.NS","SREI INFRAS FIN DS","Unknown","Unknown"
"HIMACHLFU.NS","HIMACHAL FUTURIS DS","Unknown","Unknown"
"ABAN.NS","ABAN OFFSHORE DS","Unknown","Unknown"
"CIPLA.NS","CIPLA DS","Unknown","Unknown"
"ABGSHIP.NS","ABG SHIPYARD DS","Unknown","Unknown"
"LITL.NS","LANCO INFRATECH DS","Unknown","Unknown"
"KOTAKBANK.NS","KOTAK MAHINDR BK DS","Unknown","Unknown"
"MIC.NS","MIC ELECTRONICS","Unknown","Unknown"
"BHEL.NS","BHARAT HEAVY ELE DS","Unknown","Unknown"
"NIITLTD.NS","NIIT","Unknown","Unknown"
"NAGARCONS.NS","NAGARJUNA CONSTR DS","Unknown","Unknown"
"SINTEX.NS","SINTEX INDS DS","Unknown","Unknown"
"NEYVELILI.NS","NEYVELI LIGNITE DS","Unknown","Unknown"
"TVSMOTOR.NS","TVS MOTOR DS","Unknown","Unknown"
"WIPRO.NS","WIPRO DS","Unknown","Unknown"
"TCS.NS","TATA CONSULTANCY DS","Unknown","Unknown"
"UNIONBANK.NS","UNION BANK INDIA DS","Unknown","Unknown"
"GSPL.NS","GUJARAT ST PETRONET","Unknown","Unknown"
"IDBI.NS","IDBI","Unknown","Unknown"
"JPHYDRO.NS","JAIPRAKASH HY-PW DS","Unknown","Unknown"
"HCLTECH.NS","HCL TECHNOLOGIES DS","Unknown","Unknown"
"NOIDATOLL.NS","NOIDA TOLL BRIDG DS","Unknown","Unknown"
"PRAJIND.NS","PRAJ INDS DS","Unknown","Unknown"
"3IINFOTEC.NS","3I INFOTECH DS","Unknown","Unknown"
"DCB.NS","DEVELOPMENT CR DS","Unknown","Unknown"
"DENABANK.NS","DENA BK DS","Unknown","Unknown"
"IBSEC.NS","INDIABULLS SEC","Unknown","Unknown"
"KSOILS.NS","K.S.OILS","Unknown","Unknown"
"M&M.NS","MAH & MAH DS","Unknown","Unknown"
"PETRONET.NS","PETRONET LNG","Unknown","Unknown"
"JINDALSTE.NS","JINDAL STL & PWR DS","Unknown","Unknown"
"VIJAYABAN.NS","VIJAYA BK DS","Unknown","Unknown"
"COREPROTE.NS","CORE PROJECTS & TEC","Unknown","Unknown"
"AKRUTI.NS","AKRUTI CITY","Unknown","Unknown"
"UCOBANK.NS","UCO BANK","Unknown","Unknown"
"SIEMENS.NS","SIEMENS DS","Unknown","Unknown"
"ANSALINFR.NS","ANSAL PRO & INFR DS","Unknown","Unknown"
"APOLLOTYR.NS","APOLLO TYRES","Unknown","Unknown"
"CENTURYTE.NS","CENTURY TEXTILES DS","Unknown","Unknown"
"BANKBAROD.NS","BANK OF BARODA DS","Unknown","Unknown"
"SYNDIBANK.NS","SYNDICATE BANK DS","Unknown","Unknown"
"KALINDEE.NS","KALINDEE RAIL DS","Unknown","Unknown"
"GESHIP.NS","GREAT EASTERN SHIP","Unknown","Unknown"
"ORIENTBAN.NS","ORIENTAL BK COMM DS","Unknown","Unknown"
"IOB.NS","INDIAN OVERSE BK DS","Unknown","Unknown"
"YESBANK.NS","YES BANK DS","Unknown","Unknown"
"RAJESHEXP.NS","RAJESH XPTS","Unknown","Unknown"
"GTLINFRA.NS","GTL INFRASTRUCTU DS","Unknown","Unknown"
"RCF.NS","RASHTRIYA CHEM DS","Unknown","Unknown"
"ACC.NS","ACC DS","Unknown","Unknown"
"INDIACEM.NS","INDIA CEMENTS DS","Unknown","Unknown"
"HINDPETRO.NS","HIND PETROLEUM DS","Unknown","Unknown"
"VITLINFO.NS","VISHAL INFORMAT","Unknown","Unknown"
"ESSAROIL.NS","ESSAR OIL DS","Unknown","Unknown"
"TV-18.NS","TELEVISION EIGHTEEN","Unknown","Unknown"
"HOTELEELA.NS","HOTEL LEELA VENT DS","Unknown","Unknown"
"LICHSGFIN.NS","LIC HSG FINANCE DS","Unknown","Unknown"
"MARKSANS.NS","MARKSANS PHARMA DS","Unknown","Unknown"
"BALLARPUR.NS","BALLARPUR IND","Unknown","Unknown"
"JETAIRWAY.NS","JET AIRWAYS (INDIA)","Unknown","Unknown"
"CANBK.NS","CANARA BANK DS","Unknown","Unknown"
"PIRHEALTH.NS","PIRAMAL HEALTH","Unknown","Unknown"
"IRB.NS","IRB INFRAST DEV","Unknown","Unknown"
"ABB.NS","ABB","Unknown","Unknown"
"PARSVNATH.NS","PARSVNATH DEVELOPER","Unknown","Unknown"
"APTECHT.NS","APTECH DS","Unknown","Unknown"
"ALOKTEXT.NS","ALOK INDS DS","Unknown","Unknown"
"ADLABSFIL.NS","ADLABS FILMS DS","Unknown","Unknown"
"TRIVENI.NS","TRIVENI ENGG DS","Unknown","Unknown"
"CROMPGREA.NS","CROMPTON GREAVES DS","Unknown","Unknown"
"AMTEKAUTO.NS","AMTEK AUTO DS","Unknown","Unknown"
"INDHOTEL.NS","INDIAN HOTELS DS","Unknown","Unknown"
"MAYTASINF.NS","MAYTAS INFRA","Unknown","Unknown"
"GSSAMERIC.NS","GSS AMERICA INF","Unknown","Unknown"
"EVINIX.NS","EVINIX ACCESSORIES","Unknown","Unknown"
"BPCL.NS","BHARAT PETROLEUM DS","Unknown","Unknown"
"DRREDDY.NS","DR. REDDY'S LAB DS","Unknown","Unknown"
"HEROHONDA.NS","HERO HONDA MTRS DS","Unknown","Unknown"
"ICSA.NS","I.C.S.A (INDIA)","Unknown","Unknown"
"BARTRONIC.NS","BARTRONICS INDIA DS","Unknown","Unknown"
"PRISMCEM.NS","PRISM CEMENTS DS","Unknown","Unknown"
"SCI.NS","SHIPPING CORP DS","Unknown","Unknown"
"INDIABULL.NS","INDIABULLS FINL DS","Unknown","Unknown"
"STERLINBI.NS","STERLING BIOTECH DS","Unknown","Unknown"
"DABUR.NS","DABUR INDIA DS","Unknown","Unknown"
"TATAPOWER.NS","TATA POWER DS","Unknown","Unknown"
"NOCIL.NS","NOCIL","Unknown","Unknown"
"GNFC.NS","GUJ NARMADA VAL DS","Unknown","Unknown"
"VISHALEXP.NS","VISHAL EXPORTS OVER","Unknown","Unknown"
"ELECTCAST.NS","ELECTROSTEEL","Unknown","Unknown"
"APIL.NS","ALSTOM PROJECTS DS","Unknown","Unknown"
"ALBK.NS","ALLAHABAD BANK DS","Unknown","Unknown"
"EXIDEIND.NS","EXIDE IND DS","Unknown","Unknown"
"INDIANB.NS","INDIAN BANK","Unknown","Unknown"
"TWL.NS","TITAGARH WAGONS","Unknown","Unknown"
"SUNPHARMA.NS","SUN PHARMACE DS","Unknown","Unknown"
"BOMDYEING.NS","BOMBAY DYEING DS","Unknown","Unknown"
"MOSERBAER.NS","MOSER-BAER (I) DS","Unknown","Unknown"
"GITANJALI.NS","GITANJALI GEMS DS","Unknown","Unknown"
"GDL.NS","GATEWAY DISTRIPARKS","Unknown","Unknown"
"PFC.NS","POWER FINANCE CORPO","Unknown","Unknown"
"ZEENEWS.NS","ZEE NEWS","Unknown","Unknown"
"UNIPHOS.NS","UNITED PHOSPHORU DS","Unknown","Unknown"
"EKC.NS","EVEREST KANTO CYLIN","Unknown","Unknown"
"RECLTD.NS","RURAL ELECTRIFICATI","Unknown","Unknown"
"MRPL.NS","MANGALORE REFINE DS","Unknown","Unknown"
"DCHL.NS","DECCAN CHRONICLE","Unknown","Unknown"
"TATACHEM.NS","TATA CHEMICALS DS","Unknown","Unknown"
"PANTALOON.NS","PANTLOON RETAIL DS","Unknown","Unknown"
"CENTRALBK.NS","CENTRAL BK INDIA","Unknown","Unknown"
"MTNL.NS","MAHANAGAR TEL NI DS","Unknown","Unknown"
"PSTL.NS","PYRAMID SAIMIRA DS","Unknown","Unknown"
"PENINLAND.NS","PENINSULA LAND","Unknown","Unknown"
"BRFL.NS","BOMBAY RAYON FAS DS","Unknown","Unknown"
"MAHABANK.NS","BANK OF MAHARASHTRA","Unknown","Unknown"
"NDTV.NS","NEW DELHI TELE","Unknown","Unknown"
"GRASIM.NS","GRASIM INDS DS","Unknown","Unknown"
"DCW.NS","DCW DS","Unknown","Unknown"
"BONGAIREF.NS","BONGAIGAON REF DS","Unknown","Unknown"
"PTC.NS","PTC INDIA","Unknown","Unknown"
"AFTEK.NS","AFTEK","Unknown","Unknown"
"RADICO.NS","RADICO KHAITAN DS","Unknown","Unknown"
"PURVA.NS","PURAVANKARA PROJ","Unknown","Unknown"
"SOUTHBANK.NS","STH INDIAN BANK DS","Unknown","Unknown"
"GHCL.NS","GHCL DS","Unknown","Unknown"
"MPHASIS.NS","MPHASIS DS","Unknown","Unknown"
"MAHLIFE.NS","MAHINDRA LIFE","Unknown","Unknown"
"TELEDATAG.NS","TELE DATA INFOR DS","Unknown","Unknown"
"MUNDRAPOR.NS","MUNDRA PORT","Unknown","Unknown"
"HANUNG.NS","HANUNG TOYS & TX DS","Unknown","Unknown"
"JMFINANCI.NS","JM FINANCIAL DS","Unknown","Unknown"
"INDUSINDB.NS","INDUSIND BANK","Unknown","Unknown"
"SRF.NS","SRF DS","Unknown","Unknown"
"HINDMOTOR.NS","HINDUSTAN MOTORS DS","Unknown","Unknown"
"NATIONALU.NS","NATL ALUMINIUM DS","Unknown","Unknown"
"IOC.NS","INDIAN OIL CORP DS","Unknown","Unknown"
"ERAINFRA.NS","ERA INFRA ENGINEER","Unknown","Unknown"
"FEDERALBN.NS","FEDERAL BANK DS","Unknown","Unknown"
"TEXMACOLT.NS","TEXMACO DS","Unknown","Unknown"
"CUMMINSIN.NS","CUMMINS INDIA DS","Unknown","Unknown"
"NANDAN.NS","NANDAN EXIM DS","Unknown","Unknown"
"AUROPHARM.NS","AUROBINDO PHARMA DS","Unknown","Unknown"
"UTTAMSTL.NS","UTTAM GALVA STLS DS","Unknown","Unknown"
"RICOAUTO.NS","RICO AUTO INDS DS","Unknown","Unknown"
"OPTOCIRCU.NS","OPTO CIRCUITS DS","Unknown","Unknown"
"MCLEODRUS.NS","MCLEOD RUSSEL IN DS","Unknown","Unknown"
"MRO-TEK.NS","MRO-TEK DS","Unknown","Unknown"
"HINDOILEX.NS","HIND OIL EXPLORN DS","Unknown","Unknown"
"BHARATFOR.NS","BHARAT FORGE DS","Unknown","Unknown"
"ONMOBILE.NS","ONMOBILE GLOBAL","Unknown","Unknown"
"CAMBRIDGE.NS","CAMBRIDGE SOLUTI DS","Unknown","Unknown"
"ANDHRABAN.NS","ANDHRA BANK DS","Unknown","Unknown"
"HINDZINC.NS","HINDUSTAN ZINC DS","Unknown","Unknown"
"TANLA.NS","TANLA SOLUTIONS","Unknown","Unknown"
"GEOMETRIC.NS","GEOMETRIC","Unknown","Unknown"
"GMRINDS.NS","GMR INDUSTRIES","Unknown","Unknown"
"BHARTISHI.NS","BHARATI SHIPYARD","Unknown","Unknown"
"TECHM.NS","TECH MAHINDRA DS","Unknown","Unknown"
"DIVISLAB.NS","DIVI'S LABS","Unknown","Unknown"
"ANSALHSG.NS","ANSAL HSG & CONS DS","Unknown","Unknown"
"SUNTV.NS","SUN TV NETWORK","Unknown","Unknown"
"HOCL.NS","HIND ORGANIC CHE DS","Unknown","Unknown"
"OMAXE.NS","OMAXE","Unknown","Unknown"
"GTOFFSHOR.NS","GREAT OFFSHORE","Unknown","Unknown"
"TITAN.NS","TITAN INDS DS","Unknown","Unknown"
"FORTIS.NS","FORTIS HEALTHCA","Unknown","Unknown"
"ASTRAMICR.NS","ASTRA MICROWAVE DS","Unknown","Unknown"
"EVEREADY.NS","EVEREADY IND (I) DS","Unknown","Unknown"
"HCL-INSYS.NS","HCL INFOSYSTEMS DS","Unknown","Unknown"
"BALAJITEL.NS","BALAJI TELEFILMS DS","Unknown","Unknown"
"MARICO.NS","MARICO DS","Unknown","Unknown"
"NFL.NS","NATL FERTILIZERS DS","Unknown","Unknown"
"ORCHIDCHE.NS","ORCHID CHE & PHA DS","Unknown","Unknown"
"ARL.NS","ARVIND REMEDIES DS","Unknown","Unknown"
"BATAINDIA.NS","BATA INDIA DS","Unknown","Unknown"
"SUNFLAG.NS","SUNFLAG IRON&ST DS","Unknown","Unknown"
"INDOWIND.NS","INDOWIND ENERGY","Unknown","Unknown"
"IGL.NS","INDRAPRASTHA GAS","Unknown","Unknown"
"MYSORECEM.NS","MYSORE CEMENTS DS","Unknown","Unknown"
"SEAMECLTD.NS","SEAMEC","Unknown","Unknown"
"SAKHTISUG.NS","SAKTHI SUGAR DS","Unknown","Unknown"
"EIDPARRY.NS","E I D PARRY (I) DS","Unknown","Unknown"
"ALKALI.NS","ALKALI METALS","Unknown","Unknown"
"MAX.NS","MAX INDIA DS","Unknown","Unknown"
"IBN18.NS","IBN18 BROADCAST","Unknown","Unknown"
"CHENNPETR.NS","CHENNAI PETROLEU DS","Unknown","Unknown"
"ORIENTPPR.NS","ORIENT PAPER & IND","Unknown","Unknown"
"BEML.NS","BEML","Unknown","Unknown"
"BHUSANSTL.NS","BHUSHAN STEEL","Unknown","Unknown"
"SRTRANSFI.NS","SHRIRAM TRANS FI DS","Unknown","Unknown"
"MID-DAY.NS","MID-DAY MULTIMED DS","Unknown","Unknown"
"HINDDORRO.NS","HINDUSTAN DORR-O DS","Unknown","Unknown"
"EICHERMOT.NS","EICHER MOTORS DS","Unknown","Unknown"
"STRTECH.NS","STERLITE TECHNO","Unknown","Unknown"
"GTL.NS","GTL DS","Unknown","Unknown"
"DSKULKARN.NS","D S KULKARNI DEV DS","Unknown","Unknown"
"PVP.NS","PVP VENTURES","Unknown","Unknown"
"COLPAL.NS","COLGATE-PALMOLIVE","Unknown","Unknown"
"CUB.NS","CITY UNION BK","Unknown","Unknown"
"KPIT.NS","KPIT CUMMINS INFOSY","Unknown","Unknown"
"VIDEOIND.NS","VIDEOCON IND DS","Unknown","Unknown"
"TATACOMM.NS","TATA COMM","Unknown","Unknown"
"EVERONN.NS","EVERONN SYS","Unknown","Unknown"
"OFSS.NS","ORACLE FINANC","Unknown","Unknown"
"BIRLACOT.NS","BIRLA COTSYN","Unknown","Unknown"
"MOREPENLA.NS","MOREPEN LAB DS","Unknown","Unknown"
"NIITTECH.NS","NIIT TECHNOLOGIE DS","Unknown","Unknown"
"GMDCLTD.NS","GUJARAT MINERAL","Unknown","Unknown"
"KSK.NS","KSK ENERGY VENT","Unknown","Unknown"
"ITI.NS","I T I DS","Unknown","Unknown"
"KOHINOOR.NS","KOHINOOR FOODS DS","Unknown","Unknown"
"MAHSEAMLE.NS","MAHARASHTRA SEAM DS","Unknown","Unknown"
"TORNTPOWE.NS","TORRENT POWER DS","Unknown","Unknown"
"KEI.NS","KEI INDS DS","Unknown","Unknown"
"USHAMART.NS","USHA MARTIN","Unknown","Unknown"
"LML.NS","LML DS","Unknown","Unknown"
"GUJSIDHCE.NS","GUJ SIDHEE CEMEN DS","Unknown","Unknown"
"KTKBANK.NS","KARNATAKA BK DS","Unknown","Unknown"
"TATATEA.NS","TATA TEA DS","Unknown","Unknown"
"BERGEPAIN.NS","BERGER PAINTS DS","Unknown","Unknown"
"ASSAMCO.NS","ASSAM CO DS","Unknown","Unknown"
"PATNI.NS","PATNI COMPUTER SYS","Unknown","Unknown"
"ANTGRAPHI.NS","ANTARCTICA DS","Unknown","Unknown"
"FDC.NS","FDC DS","Unknown","Unknown"
"KERNEX.NS","KERNEX MICROSYS DS","Unknown","Unknown"
"SPARC.NS","SUN PHARMA ADV","Unknown","Unknown"
"SHOPERSTO.NS","SHOPPER'S STOP DS","Unknown","Unknown"
"LLOYDSTEE.NS","LLOYDS STEEL IND DS","Unknown","Unknown"
"ESCORTS.NS","ESCORTS DS","Unknown","Unknown"
"ASHAPURMI.NS","ASHAPURA MINECHE DS","Unknown","Unknown"
"GEODESIC.NS","GEODESIC","Unknown","Unknown"
"JISLJALEQ.NS","JAIN IRRIGATION DS","Unknown","Unknown"
"DHAMPURSU.NS","DHAMPUR SUGAR DS","Unknown","Unknown"
"ACE.NS","ACTION CONSTR EQ DS","Unknown","Unknown"
"SUBHASPRO.NS","SUBHASH PRJ & MK DS","Unknown","Unknown"
"DYNACONS.NS","DYNACONS SY & SO DS","Unknown","Unknown"
"STAR.NS","STRIDES ARCOLAB DS","Unknown","Unknown"
"MEGH.NS","MEGHMANI ORGANICS","Unknown","Unknown"
"GODREJIND.NS","GODREJ INDUSTRIE DS","Unknown","Unknown"
"CESC.NS","CESC DS","Unknown","Unknown"
"DEWANHOUS.NS","DEWAN HSG FIN DS","Unknown","Unknown"
"VARUN.NS","VARUN IND","Unknown","Unknown"
"LUPIN.NS","LUPIN DS","Unknown","Unknown"
"SOBHA.NS","SOBHA DEVELOPERS","Unknown","Unknown"
"BIOCON.NS","BIOCON","Unknown","Unknown"
"JSL.NS","JSL","Unknown","Unknown"
"TULSI.NS","TULSI EXTRUSION","Unknown","Unknown"
"BAGFILMS.NS","B.A.G FILMS & MEDIA","Unknown","Unknown"
"PNBGILTS.NS","PNB GILTS DS","Unknown","Unknown"
"NIFTYBEES.NS","NIFTY BENCHMARK ETS","Unknown","Unknown"
"TFCILTD.NS","TOURISM FIN CORP DS","Unknown","Unknown"
"MONNETISP.NS","MONNET ISPAT & E DS","Unknown","Unknown"
"JAICORPLT.NS","JAI CORP","Unknown","Unknown"
"GEOJIT.NS","GEOJIT FINL SVCS DS","Unknown","Unknown"
"BAJAJ-AUT.NS","BAJAJ AUTO","Unknown","Unknown"
"RUCHISOYA.NS","RUCHI SOYA","Unknown","Unknown"
"ESSELPACK.NS","ESSEL PROPACK DS","Unknown","Unknown"
"BURNPUR.NS","BURNPUR CEMENT","Unknown","Unknown"
"NITCO.NS","NITCO","Unknown","Unknown"
"XLTL.NS","XL TELECOM & ENERGY","Unknown","Unknown"
"EMCO.NS","EMCO DS","Unknown","Unknown"
"ULTRACEMC.NS","ULTRA TECH CEMENT","Unknown","Unknown"
"GSFC.NS","GUJ STATE FERT DS","Unknown","Unknown"
"WALCHANNA.NS","WALCHANDNAGAR IND","Unknown","Unknown"
"PIRLIFE.NS","PIRAMAL LIFE","Unknown","Unknown"
"ASIANELEC.NS","ASIAN ELECTRONICS","Unknown","Unknown"
"ROHITFERR.NS","ROHIT FERRO-TECH DS","Unknown","Unknown"
"APOLLOSIN.NS","APOLLO SINDH CAP IV","Unknown","Unknown"
"VISHALRET.NS","VISHAL RETAIL","Unknown","Unknown"
"AREVAT&D.NS","AREVA T&D INDIA DS","Unknown","Unknown"
"RIIL.NS","REL INDL INFRA DS","Unknown","Unknown"
"AKSHOPTFB.NS","AKSH OPTIFIBRE DS","Unknown","Unknown"
"GUJALKALI.NS","GUJ ALKALIES&CHE DS","Unknown","Unknown"
"THERMAX.NS","THERMAX DS","Unknown","Unknown"
"BRIGADE.NS","BRIDAGE ENTER","Unknown","Unknown"
"KOLTEPATI.NS","KOLTE-PATIL","Unknown","Unknown"
"CLASSIC.NS","CLASSIC DIAMONDS","Unknown","Unknown"
"GODREJCP.NS","GODREJ CONSUMER DS","Unknown","Unknown"
"RANASUG.NS","RANA SUGARS DS","Unknown","Unknown"
"IVRPRIME.NS","IVR PRIME","Unknown","Unknown"
"FINANTECH.NS","FINL TEC (INDIA) DS","Unknown","Unknown"
"SASKEN.NS","SASKEN COMMN TEC DS","Unknown","Unknown"
"HMT.NS","HMT DS","Unknown","Unknown"
"MADRASCEM.NS","MADRAS CEMENTS DS","Unknown","Unknown"
"MAARSOFTW.NS","MAARS SOFTWARE DS","Unknown","Unknown"
"ALCHEM.NS","ALCHEMIST","Unknown","Unknown"
"CENTURYPL.NS","CENTURY PLYBOARD DS","Unknown","Unknown"
"GAMMONIND.NS","GAMMON INDIA DS","Unknown","Unknown"
"HARRMALAY.NS","HARRISONS MALYA DS","Unknown","Unknown"
"WOCKPHARM.NS","WOCKHARDT DS","Unknown","Unknown"
"LIQUIDBEE.NS","LIQUID BEES","Unknown","Unknown"
"ADANIENT.NS","ADANI ENTERPRISE DS","Unknown","Unknown"
"WELSPUNIN.NS","WELSPUN INDIA DS","Unknown","Unknown"
"UTVSOF.NS","UTV SOFTWARE COMMN","Unknown","Unknown"
"INOXLEISU.NS","INOX LEISURE DS","Unknown","Unknown"
"SONATSOFT.NS","SONATA SOFTWARE DS","Unknown","Unknown"
"DEEPAKFER.NS","DEEPAK FERT & PE DS","Unknown","Unknown"
"BIRLAPOWE.NS","BIRLA POWER SOL DS","Unknown","Unknown"
"AMARAJABA.NS","AMARA RAJA BATT","Unknown","Unknown"
"ABIRLANUV.NS","ADITYA BIRLA NUV DS","Unknown","Unknown"
"MANALIPET.NS","MANALI PETROCHEM DS","Unknown","Unknown"
"HELIOSMAT.NS","HELIOS & MTH INF DS","Unknown","Unknown"
"NBVENTURE.NS","NAVA BHARAT VENT DS","Unknown","Unknown"
"ADHUNIK.NS","ADHUNIK METALINK DS","Unknown","Unknown"
"FACT.NS","FERT&CHEM TRAVAN DS","Unknown","Unknown"
"LCCINFOTE.NS","LCC INFOTECH DS","Unknown","Unknown"
"BGRENERGY.NS","BGR ENERGY SYS","Unknown","Unknown"
"CONCOR.NS","CONTAINER CORPN DS","Unknown","Unknown"
"JKLAKSHMI.NS","JK LAKSHMI CEMEN DS","Unknown","Unknown"
"PARACABLE.NS","PARAMOUNT COMMUN DS","Unknown","Unknown"
"REDINGTON.NS","REDINGTON (INDIA)DS","Unknown","Unknown"
"BEPL.NS","BHANSALI ENGRG DS","Unknown","Unknown"
"TRICOM.NS","TRICOM INDIA DS","Unknown","Unknown"
"FCH.NS","FUTURE CAPITAL","Unknown","Unknown"
"JBCHEPHAR.NS","J.B. CHEM & PHAR DS","Unknown","Unknown"
"MATRIXLAB.NS","MATRIX LABS DS","Unknown","Unknown"
"VOLTAMP.NS","VOLTAMP TRANSFOR DS","Unknown","Unknown"
"ELECON.NS","ELECON ENGINEERINDS","Unknown","Unknown"
"GUJFLUORO.NS","GUJARAT FLUOROCHEM","Unknown","Unknown"
"INDIAFOIL.NS","INDIA FOILS","Unknown","Unknown"
"SUVEN.NS","SUVEN LIFE SCIENCDS","Unknown","Unknown"
"SPICEMOBI.NS","SPICE MOBILES","Unknown","Unknown"
"JINDALSAW.NS","JINDAL SAW DS","Unknown","Unknown"
"BPLENGG.NS","BPL ENGG DS","Unknown","Unknown"
"GANESHHOU.NS","GANESH HSG CORP DS","Unknown","Unknown"
"FINCABLES.NS","FINOLEX CABLES DS","Unknown","Unknown"
"PRAENG.NS","PRAJAY ENGINEERS DS","Unknown","Unknown"
"ENIL.NS","ENTERTAINMENT NW DS","Unknown","Unknown"
"EASTSILK.NS","EASTERN S IND DS","Unknown","Unknown"
"JKCEMENT.NS","J.K. CEMENT","Unknown","Unknown"
"NETWORK18.NS","NETWORK 18","Unknown","Unknown"
"UBHOLDING.NS","UNITED BREWERIES DS","Unknown","Unknown"
"INDSWFTLA.NS","IND-SWIFT LABS DS","Unknown","Unknown"
"PATELENG.NS","PATEL ENGRG DS","Unknown","Unknown"
"MADRASFER.NS","MADRAS FERTILIZ DS","Unknown","Unknown"
"JUBILANT.NS","JUBILANT ORGANOS DS","Unknown","Unknown"
"BLUESTARC.NS","BLUE STAR DS","Unknown","Unknown"
"INDRAMEDC.NS","INDRAPRASTHA MED DS","Unknown","Unknown"
"ALPSINDUS.NS","ALPS INDS DS","Unknown","Unknown"
"VISASTEEL.NS","VISA STEEL DS","Unknown","Unknown"
"CORPBANK.NS","CORPN BK DS","Unknown","Unknown"
"GOLDTECH.NS","GOLDSTONE TEC DS","Unknown","Unknown"
"HTMEDIA.NS","HT MEDIA","Unknown","Unknown"
"GRAPHITE.NS","GRAPHITE INDIA","Unknown","Unknown"
"OISL.NS","OCL IRON","Unknown","Unknown"
"VTL.NS","VARDHMAN TEXTILE DS","Unknown","Unknown"
"KBL.NS","KIRLOSKAR BROS DS","Unknown","Unknown"
"NECLIFE.NS","NECTAR LIFESCIEN DS","Unknown","Unknown"
"TULIP.NS","TULIP TELECOM","Unknown","Unknown"
"KOPRAN.NS","KOPRAN DS","Unknown","Unknown"
"LPDC.NS","LANDMARK PPTY","Unknown","Unknown"
"RAYMOND.NS","RAYMOND DS","Unknown","Unknown"
"NMDC.NS","NMDC","Unknown","Unknown"
"HINDSANIT.NS","HINDUSTAN SANITA DS","Unknown","Unknown"
"DAAWAT.NS","LT FOODS","Unknown","Unknown"
"BSELINFRA.NS","BSEL INFRAS REAL DS","Unknown","Unknown"
"AHMEDFORG.NS","AHMEDNAGAR FORGI DS","Unknown","Unknown"
"THOMASCOO.NS","THOMAS COOK (IND)","Unknown","Unknown"
"EMAMILTD.NS","EMAMI DS","Unknown","Unknown"
"BEL.NS","BHARAT ELECT DS","Unknown","Unknown"
"GOLDBEES.NS","GOLD BEES ETS","Unknown","Unknown"
"SUBEX.NS","SUBEX","Unknown","Unknown"
"BIRLACORP.NS","BIRLA CORPN DS","Unknown","Unknown"
"GPIL.NS","GODAWARI PW & IS DS","Unknown","Unknown"
"SICAGEN.NS","SICAGEN INDIA","Unknown","Unknown"
"AMTEKINDI.NS","AMTEK INDIA DS","Unknown","Unknown"
"CHOLADBS.NS","CHOLAMAN DBS FIN DS","Unknown","Unknown"
"SPIC.NS","SOUTHN PETRO IND DS","Unknown","Unknown"
"HEG.NS","HEG DS","Unknown","Unknown"
"HAVELLS.NS","HAVELLS INDIA","Unknown","Unknown"
"BAJAUTOFI.NS","BAJAJ AUTO FIN DS","Unknown","Unknown"
"MIRCELECT.NS","MIRC ELECTRONICS DS","Unknown","Unknown"
"STCINDIA.NS","STATE TRADING DS","Unknown","Unknown"
"POCHIRAJU.NS","POCHIRAJU IND DS","Unknown","Unknown"
"VARDHACRL.NS","VARDHMAN ACRYLIC DS","Unknown","Unknown"
"KLGSYSTEL.NS","KLG SYSTEL DS","Unknown","Unknown"
"KCPSUGIND.NS","KCP SUGAR & INDS DS","Unknown","Unknown"
"SB&TINTL.NS","S B & T INTL DS","Unknown","Unknown"
"KAUSHALYA.NS","KAUSHALYA INFRA","Unknown","Unknown"
"LAKSHVILA.NS","LAKSHMI VILAS BK","Unknown","Unknown"
"ATCOM.NS","ATCOM TEC DS","Unknown","Unknown"
"JAYSREETE.NS","JAYSHREE TEA DS","Unknown","Unknown"
"BAJAJFINS.NS","BAJAJ FINSERV","Unknown","Unknown"
"DHANUS.NS","DHANUS TECHNO","Unknown","Unknown"
"UFLEX.NS","UFLEX LTD","Unknown","Unknown"
"LLOYDELEN.NS","LLOYD EL & ENGRG DS","Unknown","Unknown"
"SURYAPHAR.NS","SURYA PHARMACE","Unknown","Unknown"
"HIMATSEID.NS","HIMATSINGKA SEID DS","Unknown","Unknown"
"GISOLUTIO.NS","GI ENGINEERING","Unknown","Unknown"
"CHEMPLAST.NS","CHEMPLAST SANMAR DS","Unknown","Unknown"
"LGBROS.NS","L.G.BALAKRI & BR DS","Unknown","Unknown"
"SOMATEX.NS","SOMA TEXTILES DS","Unknown","Unknown"
"IOLN.NS","IOL NETCOM","Unknown","Unknown"
"ASIANPAIN.NS","ASIAN PAINTS DS","Unknown","Unknown"
"ZICOM.NS","ZICOM ELE SEC DS","Unknown","Unknown"
"INGVYSYAB.NS","ING VYSYA BANK DS","Unknown","Unknown"
"VIMTALABS.NS","VIMTA LABS DS","Unknown","Unknown"
"COROMNFER.NS","COROMANDEL FERTI DS","Unknown","Unknown"
"SHIV-VANI.NS","SHIV-VANI OIL DS","Unknown","Unknown"
"BANKRAJAS.NS","BK OF RAJASTHAN DS","Unknown","Unknown"
"ALEMBICLT.NS","ALEMBIC DS","Unknown","Unknown"
"CRANESSOF.NS","CRANES SOFTWARE DS","Unknown","Unknown"
"TNPETRO.NS","TAMILNADU PETRO DS","Unknown","Unknown"
"AIAENG.NS","AIA ENGINEERING DS","Unknown","Unknown"
"BHAGYNAGA.NS","BHAGYANAGAR INDIA","Unknown","Unknown"
"SHREERAMA.NS","SHREE RAMA MULTI DS","Unknown","Unknown"
"VISESHINF.NS","VISESH INFOTECNI DS","Unknown","Unknown"
"SRGINFOTE.NS","PAN INDIA CORP","Unknown","Unknown"
"MADHUCON.NS","MADHUCON PROJECT DS","Unknown","Unknown"
"DALMIACEM.NS","DALMIA CEMENT DS","Unknown","Unknown"
"JYOTISTRU.NS","JYOTI STRUCTURES DS","Unknown","Unknown"
"SAPL.NS","SOUTH ASIAN PETROCH","Unknown","Unknown"
"BAJAJHLDN.NS","BAJAJ HLDGS","Unknown","Unknown"
"TVTODAY.NS","T.V. TODAY NETWORK","Unknown","Unknown"
"SITASHREE.NS","SITA SHREE FOOD","Unknown","Unknown"
"TRIGYN.NS","TRIGYN TEC DS","Unknown","Unknown"
"BLUECHIP.NS","BLUE CHIP INDIA DS","Unknown","Unknown"
"PANACEABI.NS","PANACEA BIOTEC DS","Unknown","Unknown"
"KOTARISUG.NS","KOTHARI SUGARS DS","Unknown","Unknown"
"KESORAMIN.NS","KESORAM INDS DS","Unknown","Unknown"
"PRAKASH.NS","PRAKASH INDS DS","Unknown","Unknown"
"SANGHIPOL.NS","SANGHI POLY DS","Unknown","Unknown"
"TIMETECHN.NS","TIME TECHNO","Unknown","Unknown"
"SUPPETRO.NS","SUPREME PETROCHE DS","Unknown","Unknown"
"DISHMAN.NS","DISHMAN PHA & CH DS","Unknown","Unknown"
"SUNDRMFAS.NS","SUNDARAM FASTERN DS","Unknown","Unknown"
"EIHOTEL.NS","EIH DS","Unknown","Unknown"
"GLAXO.NS","GLAXOSMITHKLINE DS","Unknown","Unknown"
"J&KBANK.NS","J & K BANK DS","Unknown","Unknown"
"MANGLMCEM.NS","MANGALAM CEMENT DS","Unknown","Unknown"
"KALPATPOW.NS","KALPATARU POWER DS","Unknown","Unknown"
"RAMANEWS.NS","RAMA NEWSPR & PP DS","Unknown","Unknown"
"CARBORUNI.NS","CARBORUNDUM UNIV DS","Unknown","Unknown"
"SURAJDIAM.NS","SU-RAJ DIAMONDS DS","Unknown","Unknown"
"MEGASOFT.NS","MEGASOFT DS","Unknown","Unknown"
"DHANBANK.NS","DHANALAKSHMI BK DS","Unknown","Unknown"
"NRBBEARIN.NS","NBR BEARINGS DS","Unknown","Unknown"
"MANINDS.NS","MAN IND (INDIA)","Unknown","Unknown"
"TAKE.NS","TAKE SOLUTIONS","Unknown","Unknown"
"PRIMESECU.NS","PRIME SECURITIES DS","Unknown","Unknown"
"CENTEXT.NS","CENTURY EXTRUSIO DS","Unknown","Unknown"
"APOLLOHOS.NS","APOLLO HOSPITALS DS","Unknown","Unknown"
"MSPL.NS","MSP STEEL & PWR DS","Unknown","Unknown"
"INDIAGLYC.NS","INDIA GLYCOLS DS","Unknown","Unknown"
"ANDHRSUGA.NS","ANDHRA SUGARS DS","Unknown","Unknown"
"CELESTIAL.NS","CELESTIAL LABS","Unknown","Unknown"
"CLNINDIA.NS","CLARIANT CHEM DS","Unknown","Unknown"
"FAME.NS","FAME INDIA","Unknown","Unknown"
"KIRLOSOIL.NS","KIRLOSKAR OIL EN DS","Unknown","Unknown"
"ZUARIAGRO.NS","ZUARI AGROCHEM DS","Unknown","Unknown"
"PFOCUS.NS","PRIME FOCUS DS","Unknown","Unknown"
"JAGRAN.NS","JAGRAN PRAKASHAN","Unknown","Unknown"
"SHASUNCHE.NS","SHASUN CHE & DRU DS","Unknown","Unknown"
"ZYLOG.NS","ZYLOG SYS","Unknown","Unknown"
"RADAAN.NS","RADAAN MEDIAWORKS","Unknown","Unknown"
"SAHPETRO.NS","SAH PETROLEUMS DS","Unknown","Unknown"
"KAJARIACE.NS","KAJARIA CERAMICS DS","Unknown","Unknown"
"TATAMETAL.NS","TATA METALIKS DS","Unknown","Unknown"
"GATI.NS","GATI DS","Unknown","Unknown"
"SIMPLEX.NS","SIMPLEX PROJ 07","Unknown","Unknown"
"SPSL.NS","AJMERA REALTY","Unknown","Unknown"
"NICCO.NS","NICCO CORP DS","Unknown","Unknown"
"ABSHEKIND.NS","ABHISHEK INDS DS","Unknown","Unknown"
"CASTROL.NS","CASTROL INDIA DS","Unknown","Unknown"
"TUBEINVES.NS","TUBE INVT INDIA DS","Unknown","Unknown"
"JINDALPOL.NS","JINDAL POLY FILM DS","Unknown","Unknown"
"MUDRA.NS","MUDRA LIFESTYLE","Unknown","Unknown"
"AZTECSOFT.NS","AZTECSOFT DS","Unknown","Unknown"
"JKTYRE.NS","JK TYRE & INDS","Unknown","Unknown"
"GIPCL.NS","GUJT INDS POWER DS","Unknown","Unknown"
"KSCL.NS","KAVERI SEED","Unknown","Unknown"
"CINEMAX.NS","CINEMAX INDIA DS","Unknown","Unknown"
"ISMTLTD.NS","ISMT DS","Unknown","Unknown"
"TIMKEN.NS","TIMKEN INDIA DS","Unknown","Unknown"
"PHOENIXLT.NS","PHOENIX MILLS DS","Unknown","Unknown"
"MSKPROJ.NS","MSK PROJECTS (I) DS","Unknown","Unknown"
"ESSDEE.NS","ESS DEE ALUMIN DS","Unknown","Unknown"
"20MICRONS.NS","20 MICRONS","Unknown","Unknown"
"HITACHIHO.NS","HITACHI HOME&LIFE","Unknown","Unknown"
"MBECL.NS","MCNALLY BHARAT DS","Unknown","Unknown"
"SONASTEER.NS","SONA KOYA STEERI DS","Unknown","Unknown"
"BINANICEM.NS","BINANI CEMENT","Unknown","Unknown"
"PRITHVI.NS","PRITHVI INFO SOL DS","Unknown","Unknown"
"AGRODUTCH.NS","AGRO DUTCH INDS DS","Unknown","Unknown"
"SPENTEX.NS","SPENTEX INDS DS","Unknown","Unknown"
"IPCALAB.NS","IPCA LABS DS","Unknown","Unknown"
"RSYSTEMS.NS","R SYSTEMS INTL DS","Unknown","Unknown"
"FINPIPE.NS","FINOLEX INDS DS","Unknown","Unknown"
"KEC.NS","KEC INTL DS","Unknown","Unknown"
"PRICOL.NS","PRICOL DS","Unknown","Unknown"
"KALECONSU.NS","KALE CONSULTANTS DS","Unknown","Unknown"
"VLSFINANC.NS","VLS FINANCE DS","Unknown","Unknown"
"DCMSRMCON.NS","DCM SHRIRAM CONS DS","Unknown","Unknown"
"TRENT.NS","TRENT DS","Unknown","Unknown"
"VGUARD.NS","V-GUARD INDUSTR","Unknown","Unknown"
"SIMPLEXIN.NS","SIMPLEX INFRASTR DS","Unknown","Unknown"
"SELMCL.NS","SEL MFG CO","Unknown","Unknown"
"ELGIRUBBE.NS","ELGI RUBBER","Unknown","Unknown"
"TATASPONG.NS","TATA SPONGE IRON DS","Unknown","Unknown"
"SANGHVIMO.NS","SANGHVI MOVERS","Unknown","Unknown"
"SANWARIA.NS","SANWARIA AGRO OILS","Unknown","Unknown"
"KAMATHOTE.NS","KAMAT HOTELS DS","Unknown","Unknown"
"NEPCMICON.NS","NEPC INDIA DS","Unknown","Unknown"
"NITINFIRE.NS","NITIN FIRE PROT","Unknown","Unknown"
"RELIGARE.NS","RELIGARE ENTER","Unknown","Unknown"
"ANANTRAJ.NS","ANANT RAJ INDS","Unknown","Unknown"
"MAGNUM.NS","MAGNUM VENTURES","Unknown","Unknown"
"ALLSEC.NS","ALLSEC TECHNOLOGIES","Unknown","Unknown"
"PSL.NS","PSL DS","Unknown","Unknown"
"TTKPRESTI.NS","TTK PRESTIGE DS","Unknown","Unknown"
"JAIBALAJI.NS","JAI BALAJI IND","Unknown","Unknown"
"KOUTONS.NS","KOUTONS RETAIL","Unknown","Unknown"
"SUJANAUNI.NS","SUJANA UNIVERSAL","Unknown","Unknown"
"SALSTEEL.NS","S.A.L. STEEL DS","Unknown","Unknown"
"INDSWFTLT.NS","IND-SWIFT DS","Unknown","Unknown"
"SABERORGA.NS","SABERO ORG GUJ DS","Unknown","Unknown"
"SHANTIGEA.NS","SHANTHI GEARS DS","Unknown","Unknown"
"RESURGERE.NS","RESURGERE MINES","Unknown","Unknown"
"CEATLTD.NS","CEAT","Unknown","Unknown"
"MOTILALOF.NS","MOTILAL OSWAL","Unknown","Unknown"
"GREAVESCO.NS","GREAVES COTTON DS","Unknown","Unknown"
"EDELWEISS.NS","EDELWEISS CAPITAL","Unknown","Unknown"
"LGBFORGE.NS","LGB FORGE","Unknown","Unknown"
"BPL.NS","BPL DS","Unknown","Unknown"
"ATUL.NS","ATUL DS","Unknown","Unknown"
"TATAELXSI.NS","TATA ELXSI DS","Unknown","Unknown"
"UNICHEMLA.NS","UNICHEM LABS DS","Unknown","Unknown"
"ENERGYDEV.NS","ENERGY DEVL DS","Unknown","Unknown"
"PBAINFRA.NS","PBA INFRASTRUCT DS","Unknown","Unknown"
"SUPERSPIN.NS","SUPER SPG MILLS DS","Unknown","Unknown"
"VIVIMEDLA.NS","VIVIMED LABS DS","Unknown","Unknown"
"INDOTECH.NS","INDO TECH TRANSFORM","Unknown","Unknown"
"CLUTCHAUT.NS","CLUTCH AUTO DS","Unknown","Unknown"
"MINDTREE.NS","MINDTREE","Unknown","Unknown"
"TAJGVK.NS","TAJ GVK HTL & RS DS","Unknown","Unknown"
"GICHSGFIN.NS","GIC HSG FIN DS","Unknown","Unknown"
"CREWBOS.NS","CREW B.O.S. PRDTS","Unknown","Unknown"
"KITPLYIND.NS","KITPLY IND DS","Unknown","Unknown"
"NUTEK.NS","NU TEK INDIA","Unknown","Unknown"
"IFBIND.NS","IFB INDS DS","Unknown","Unknown"
"PRECWIRE.NS","PRECISION WIRES DS","Unknown","Unknown"
"PVR.NS","PVR DS","Unknown","Unknown"
"KOTHARIPE.NS","KOTHARI PETROCHE DS","Unknown","Unknown"
"SUBROS.NS","SUBROS","Unknown","Unknown"
"STEELTUBE.NS","STEEL TUBES (I) DS","Unknown","Unknown"
"GOLDENTOB.NS","GOLDEN TOBACCO","Unknown","Unknown"
"BLKASHYAP.NS","B.L. KASHYAP & SONS","Unknown","Unknown"
"RAINCOM.NS","RAIN COMMODITIES DS","Unknown","Unknown"
"NCLIND.NS","NCL INDS DS","Unknown","Unknown"
"GWALCHEM.NS","GWALIOR CHEM IND DS","Unknown","Unknown"
"PROVOGUE.NS","PROVOGUE (INDIA) DS","Unknown","Unknown"
"RAJTV.NS","RAJ TELEVISION NETW","Unknown","Unknown"
"TNPL.NS","TAMILNADU NEWS DS","Unknown","Unknown"
"ZENSARTEC.NS","ZENSAR TEC DS","Unknown","Unknown"
"NIRMA.NS","NIRMA","Unknown","Unknown"
"SAMTEL.NS","SAMTEL COLOR DS","Unknown","Unknown"
"NATCOPHAR.NS","NATCO PHARMA DS","Unknown","Unknown"
"DREDGECOR.NS","DREDGING CORP DS","Unknown","Unknown"
"GUFICBIO.NS","GUFIC BIOSCIENCE DS","Unknown","Unknown"
"MIRZAINT.NS","MIRZA INTERNATIO DS","Unknown","Unknown"
"INFOTECEN.NS","INFOTECH ENTERPR DS","Unknown","Unknown"
"ORGINFO.NS","ORG INFORMATICS DS","Unknown","Unknown"
"GREENPLY.NS","GREENPLY INDS DS","Unknown","Unknown"
"DWARKESH.NS","DWARIKESH SUGAR IND","Unknown","Unknown"
"WYETH.NS","WYETH DS","Unknown","Unknown"
"MANAKSIA.NS","MANAKSIA","Unknown","Unknown"
"RAJSREESU.NS","RAJSHREE SUGARS DS","Unknown","Unknown"
"QUINTEGRA.NS","QUINTEGRA SOLS DS","Unknown","Unknown"
"RPGLIFE.NS","RPG LIFE SCIENC","Unknown","Unknown"
"ARCHIES.NS","ARCHIES DS","Unknown","Unknown"
"PHILIPCAR.NS","PHILIPS CARBON DS","Unknown","Unknown"
"VENKEYS.NS","VENKY'S (INDIA) DS","Unknown","Unknown"
"FOURSOFT.NS","FOUR SOFT DS","Unknown","Unknown"
"HCIL.NS","HIMADRI CHEM DS","Unknown","Unknown"
"FCSSOFT.NS","FCS SOFTWARE SOL DS","Unknown","Unknown"
"RKFORGE.NS","RAMKRISHNA FORGINGS","Unknown","Unknown"
"JKPAPER.NS","JK PAPER DS","Unknown","Unknown"
"EASUNREYR.NS","EASUN REYROLLE","Unknown","Unknown"
"COSMOFILM.NS","COSMO FILMS DS","Unknown","Unknown"
"SGL.NS","STL GLOBAL","Unknown","Unknown"
"SMZSCHEM.NS","SMZS CHEMICALS DS","Unknown","Unknown"
"ATNINTER.NS","ATN INTL DS","Unknown","Unknown"
"JBFIND.NS","JBF INDS DS","Unknown","Unknown"
"GKW.NS","GKW DS","Unknown","Unknown"
"KRBL.NS","KRBL DS","Unknown","Unknown"
"SHYAMTEL.NS","SHYAM TELECOM DS","Unknown","Unknown"
"SUNILHITE.NS","SUNIL HITECH EGR DS","Unknown","Unknown"
"MICRO.NS","MICRO INKS DS","Unknown","Unknown"
"GENUSPOWE.NS","GENUS POWER INF","Unknown","Unknown"
"KNRCON.NS","KNR CONSTRUCT","Unknown","Unknown"
"NITINSPIN.NS","NITIN SPINNERS DS","Unknown","Unknown"
"JAYPEEHOT.NS","JAYPEE HOTELS DS","Unknown","Unknown"
"UNITY.NS","UNITY INFRAPROJT DS","Unknown","Unknown"
"BOSCHLTD.NS","BOSCH","Unknown","Unknown"
"IBRETAILS.NS","INDIABULLS RET","Unknown","Unknown"
"PIONEEREM.NS","PIONEER EMBROIDE DS","Unknown","Unknown"
"D-LINK.NS","D-LINK (INDIA) DS","Unknown","Unknown"
"UMITL.NS","USHA MARTIN INFO DS","Unknown","Unknown"
"SHRENUJ.NS","SHRENUJ & CO DS","Unknown","Unknown"
"NAVNETPUB.NS","NAVNEET PUBLICAT DS","Unknown","Unknown"
"AMAR.NS","AMAR REMEDIES DS","Unknown","Unknown"
"ICRA.NS","ICRA","Unknown","Unknown"
"ASAHIINDI.NS","ASAHI INDIA GLAS DS","Unknown","Unknown"
"JHS.NS","JHS SVENDGD LABS DS","Unknown","Unknown"
"OUDHSUG.NS","OUDH SUGAR MILLS DS","Unknown","Unknown"
"BINANIIND.NS","BINANI INDS DS","Unknown","Unknown"
"OMNITECH.NS","OMNITECH INFO","Unknown","Unknown"
"NUCLEUS.NS","NUCLEUS SOFTWARE DS","Unknown","Unknown"
"RELGOLD.NS","RELIANCE GOLD ETF","Unknown","Unknown"
"GOLDSHARE.NS","UTI GOLD ETF","Unknown","Unknown"
"VIPIND.NS","VIP INDS DS","Unknown","Unknown"
"SUPREMEIN.NS","SUPREME INDS DS","Unknown","Unknown"
"SHREYAS.NS","SHREYAS SHIP & L DS","Unknown","Unknown"
"VISAKAIND.NS","VISAKA INDS DS","Unknown","Unknown"
"NATNLSTEE.NS","NATIONAL ST & AG DS","Unknown","Unknown"
"LLOYDFIN.NS","LLOYDS FINANCE DS","Unknown","Unknown"
"GOLDINFRA.NS","GOLDSTONE INFRA","Unknown","Unknown"
"PNC.NS","PRITISH NANDY DS","Unknown","Unknown"
"TODAYS.NS","TODAY'S WRITING DS","Unknown","Unknown"
"GTNTEX.NS","GTN TEXTILES DS","Unknown","Unknown"
"VHL.NS","VARDHMAN HOLDING DS","Unknown","Unknown"
"GABRIEL.NS","GABRIEL INDIA DS","Unknown","Unknown"
"OMAXAUTO.NS","OMAX AUTOS DS","Unknown","Unknown"
"INDOCO.NS","INDOCO REMEDIES","Unknown","Unknown"
"NELCO.NS","NELCO DS","Unknown","Unknown"
"NUCHEM.NS","NUCHEM DS","Unknown","Unknown"
"KARURVYSY.NS","KARUR VYSYA BANK DS","Unknown","Unknown"
"SOLAREX.NS","SOLAR EXPLOSIVES DS","Unknown","Unknown"
"BALKRISIN.NS","BALKRISHNA IND DS","Unknown","Unknown"
"ROMAN.NS","ROMAN TARMAT","Unknown","Unknown"
"INDOASIFU.NS","INDO ASIAN FUSEG DS","Unknown","Unknown"
"ATLANTA.NS","ATLANTA","Unknown","Unknown"
"JENSONICO.NS","JENSON & NICHOL DS","Unknown","Unknown"
"LIBERTSHO.NS","LIBERTY SHOES DS","Unknown","Unknown"
"INDORAMA.NS","INDO RAMA SYN DS","Unknown","Unknown"
"SELAN.NS","SELAN EXPLO TEC DS","Unknown","Unknown"
"DUNCANSIN.NS","DUNCANS INDS DS","Unknown","Unknown"
"RBL.NS","RANE BRAKE LIN","Unknown","Unknown"
"SUMMIT.NS","SUMMIT SECURIT","Unknown","Unknown"
"GSKCONS.NS","GLAXOSMITHKLINE DS","Unknown","Unknown"
"CYBERMEDI.NS","CYBER MEDIA (I) DS","Unknown","Unknown"
"VIKASHMET.NS","VIKASH MTL & PWR DS","Unknown","Unknown"
"DIGJAM.NS","DIGJAM","Unknown","Unknown"
"AMBICAAGA.NS","AMBICA AGARBAT","Unknown","Unknown"
"ORIENTABR.NS","ORIENT ABRASIVES DS","Unknown","Unknown"
"NAHARINVS.NS","NAHAR POLY FILM","Unknown","Unknown"
"ALPA.NS","ALPA LAB","Unknown","Unknown"
"ARIHANT.NS","ARIHANT FOUNDAT DS","Unknown","Unknown"
"JUNIORBEE.NS","NIFTY JR BENCHM ETS","Unknown","Unknown"
"RUCHIRA.NS","RUCHIRA PAPERS DS","Unknown","Unknown"
"ZENITHCOM.NS","ZENITH COMPUTERS DS","Unknown","Unknown"
"NELCAST.NS","NELCAST","Unknown","Unknown"
"RSSOFTWAR.NS","R S SOFTWARE (I) DS","Unknown","Unknown"
"OCTAV.NS","OCTAV INVEST","Unknown","Unknown"
"JYOTHYLAB.NS","JYOTHY LABORAT","Unknown","Unknown"
"UTTAMSUGA.NS","UTTAM SUGAR MILL DS","Unknown","Unknown"
"VALECHAEN.NS","VALECHA ENGRG DS","Unknown","Unknown"
"SHREECEM.NS","SHREE CEMENTS DS","Unknown","Unknown"
"BBL.NS","BHARAT BIJLEE DS","Unknown","Unknown"
"FIEMIND.NS","FIEM INDUSTRIES DS","Unknown","Unknown"
"RJL.NS","RENAISSANCE","Unknown","Unknown"
"PTL.NS","PTL ENTERPRISES DS","Unknown","Unknown"
"DATATECH.NS","DATAMATICS GLOB","Unknown","Unknown"
"AARTIIND.NS","AARTI INDS DS","Unknown","Unknown"
"TIL.NS","TIL DS","Unknown","Unknown"
"BLUEBIRD.NS","BLUE BIRD (INDIA)","Unknown","Unknown"
"LOKESHMAC.NS","LOKESH MACHINES DS","Unknown","Unknown"
"ASHIMASYN.NS","ASHIMA DS","Unknown","Unknown"
"APARINDS.NS","APAR INDS DS","Unknown","Unknown"
"SICAL.NS","SICAL LOGISTICS DS","Unknown","Unknown"
"CONSOFINV.NS","CONS FINVES & HL DS","Unknown","Unknown"
"BROADCAST.NS","BROADCAST INITIATIV","Unknown","Unknown"
"CENTENKA.NS","CENTURY ENKA DS","Unknown","Unknown"
"GANGOTRI.NS","GANGOTRI TEXTILE DS","Unknown","Unknown"
"RAMSARUP.NS","RAMSARUP INDS DS","Unknown","Unknown"
"EXCELCROP.NS","EXCEL CROP CARE","Unknown","Unknown"
"MASTEK.NS","MASTEK DS","Unknown","Unknown"
"GAEL.NS","GUJARAT AMBU XPT DS","Unknown","Unknown"
"GAMMNINFR.NS","GAMMON INFRASTR","Unknown","Unknown"
"SHARRESLT.NS","SHARYANS RESOURC DS","Unknown","Unknown"
"COMPUTECH.NS","COMPUTECH INTL DS","Unknown","Unknown"
"GALLANTT.NS","GALLANTT METAL DS","Unknown","Unknown"
"OCL.NS","OCL INDIA DS","Unknown","Unknown"
"HOPFL.NS","HOUSE OF PEARL DS","Unknown","Unknown"
"MOTHERSUM.NS","MOTHERSON SUMI DS","Unknown","Unknown"
"APPAPER.NS","ANDHRA PRADESH DS","Unknown","Unknown"
"ELGIEQUIP.NS","ELGI EQUIPMENTS DS","Unknown","Unknown"
"ARIES.NS","ARIES AGRO","Unknown","Unknown"
"TRIL.NS","TRANSFORMERS","Unknown","Unknown"
"TORNTPHAR.NS","TORRENT PHARMACE DS","Unknown","Unknown"
"PASUPATI.NS","PASUPATI FABRICS DS","Unknown","Unknown"
"NORTHGATE.NS","NORTHGATE TECHNO DS","Unknown","Unknown"
"CINEVISTA.NS","CINEVISTAAS","Unknown","Unknown"
"JMCPROJEC.NS","JMC PROJECTS (I) DS","Unknown","Unknown"
"CADILAHC.NS","CADILLA HEALTH DS","Unknown","Unknown"
"PRATIBHA.NS","PRATIBHA INDS DS","Unknown","Unknown"
"VENUSREM.NS","VENUS REMEDIES DS","Unknown","Unknown"
"SHRIRAMCI.NS","SHRIRAM CITY UNI DS","Unknown","Unknown"
"TREADS.NS","TREADSDIRECT","Unknown","Unknown"
"RALLIS.NS","RALLIS INDIA DS","Unknown","Unknown"
"VINYLINDI.NS","VINYL CHEMICALS","Unknown","Unknown"
"PIDILITIN.NS","PIDILITE INDS DS","Unknown","Unknown"
"AMDIND.NS","AMD IND","Unknown","Unknown"
"CIMCOBIRL.NS","CIMMCO BIRLA DS","Unknown","Unknown"
"EDL.NS","EMPEE DISTILL","Unknown","Unknown"
"ICI.NS","ICI INDIA DS","Unknown","Unknown"
"SKFINDIA.NS","SKF INDIA DS","Unknown","Unknown"
"AEGISCHEM.NS","AEGIS LOGISTICS DS","Unknown","Unknown"
"VICEROY.NS","VICEROY HOTELS DS","Unknown","Unknown"
"CMC.NS","CMC DS","Unknown","Unknown"
"CANFINHOM.NS","CAN FIN HOMES DS","Unknown","Unknown"
"RPGCABLES.NS","RPG CABLES DS","Unknown","Unknown"
"FMGOETZE.NS","FEDERAL-MOGUL GO DS","Unknown","Unknown"
"IGARASHI.NS","IGARASHI MOTORS DS","Unknown","Unknown"
"INDUSFILA.NS","INDUS FILA","Unknown","Unknown"
"MVLIND.NS","MVL INDUSTRIES","Unknown","Unknown"
"GENESYS.NS","GENESYS INTL DS","Unknown","Unknown"
"CANDC.NS","C & C CONSTRUCT DS","Unknown","Unknown"
"ALLCARGO.NS","ALLCARGO GLB LOG DS","Unknown","Unknown"
"NORBTEAEX.NS","NORBEN TEA & XPT DS","Unknown","Unknown"
"M&MFIN.NS","MAHINDRA & M FIN DS","Unknown","Unknown"
"SPLIL.NS","SPL INDS DS","Unknown","Unknown"
"NAUKRI.NS","INFO EDGE DS","Unknown","Unknown"
"WINSOMYAR.NS","WINSOME YARNS DS","Unknown","Unknown"
"ROHLTD.NS","ROYAL ORCHID HTL DS","Unknown","Unknown"
"CUBEXTUB.NS","CUBEX TUBINGS DS","Unknown","Unknown"
"ONWARDTEC.NS","ONWARD TECH DS","Unknown","Unknown"
"AUTOIND.NS","AUTOLINE IND DS","Unknown","Unknown"
"JINDRILL.NS","JINDAL DRILLING DS","Unknown","Unknown"
"LYKALABS.NS","LYKA LABS DS","Unknown","Unknown"
"MURUDCERA.NS","MURUDESHWAR CERA DS","Unknown","Unknown"
"KIL.NS","KAMDHENU ISPAT DS","Unknown","Unknown"
"AVAYAGCL.NS","AVAYA GLOBALCONN DS","Unknown","Unknown"
"LAXMIMACH.NS","LAKSHMI MACHINE","Unknown","Unknown"
"UNIPLY.NS","UNIPLY INDUSTRIE DS","Unknown","Unknown"
"PFIZER.NS","PFIZER DS","Unknown","Unknown"
"CREATIVEY.NS","CREATIVE EYE DS","Unknown","Unknown"
"ENGINERSI.NS","ENGINEERS INDIA DS","Unknown","Unknown"
"GARWOFFS.NS","GARWARE OFFSHORE DS","Unknown","Unknown"
"HORIZONIN.NS","HORIZON INFRAS DS","Unknown","Unknown"
"WSTCSTPAP.NS","WEST COAST PAPER","Unknown","Unknown"
"NOVAPETRO.NS","NOVA PETROCHEM DS","Unknown","Unknown"
"BFUTILITI.NS","BF UTILITIES DS","Unknown","Unknown"
"MUKANDLTD.NS","MUKAND DS","Unknown","Unknown"
"PGHH.NS","PROCTER & GAMBLE DS","Unknown","Unknown"
"CCL.NS","CCL PRODUCTS (I) DS","Unknown","Unknown"
"ITDCEM.NS","ITD CEMENTATION DS","Unknown","Unknown"
"GUJRATGAS.NS","GUJARAT GAS","Unknown","Unknown"
"FKONCO.NS","FRESENIUS KABI","Unknown","Unknown"
"SURYAROSN.NS","SURYA ROSHNI DS","Unknown","Unknown"
"MALUPAPER.NS","MALU PAPER MILLS DS","Unknown","Unknown"
"MELSTAR.NS","MELSTAR INFO TEC DS","Unknown","Unknown"
"LANCOIN.NS","LANCO INDS DS","Unknown","Unknown"
"BVCL.NS","BARAK VALLEY","Unknown","Unknown"
"TCI.NS","TRANSPORT CORP DS","Unknown","Unknown"
"HBLPOWER.NS","HBL POWER SYSTEMS","Unknown","Unknown"
"OTL.NS","ORIENTAL TRIMEX","Unknown","Unknown"
"HINDUJAVE.NS","HINDUJA VENTURE","Unknown","Unknown"
"IVP.NS","IVP DS","Unknown","Unknown"
"BOC.NS","BOC INDIA DS","Unknown","Unknown"
"SIRPAPER.NS","SIRPUR PAPER MIL DS","Unknown","Unknown"
"MVL.NS","MVL","Unknown","Unknown"
"MAHINDUGI.NS","MAHINDRA UGINE DS","Unknown","Unknown"
"TVSELECT.NS","TVS ETECHNOLOGY","Unknown","Unknown"
"FIRSTWIN.NS","FIRST WINNER","Unknown","Unknown"
"NISSAN.NS","NISSAN COPPER","Unknown","Unknown"
"TIPSINDLT.NS","TIPS IND DS","Unknown","Unknown"
"RATNAMANI.NS","RATNAMANI MTLS DS","Unknown","Unknown"
"JAGSNPHAR.NS","JAGSONPAL PHARMA DS","Unknown","Unknown"
"EUROCERA.NS","EURO CERAMICS","Unknown","Unknown"
"INGERRAND.NS","INGERSOLL-RAND DS","Unknown","Unknown"
"PHILCORP.NS","PHIL CORP DS","Unknown","Unknown"
"GRANULES.NS","GRANULES INDIA","Unknown","Unknown"
"HIKAL.NS","HIKAL DS","Unknown","Unknown"
"PONNIEROD.NS","PONNI SUGARS ERO DS","Unknown","Unknown"
"IVC.NS","IL & FS INVT MGR DS","Unknown","Unknown"
"DHARSUGAR.NS","DHARANI SUGARS DS","Unknown","Unknown"
"INFOMEDIA.NS","INFOMEDIA 18","Unknown","Unknown"
"ETC.NS","ETC NETWORKS","Unknown","Unknown"
"STARPAPER.NS","STAR PAPER MILLS DS","Unknown","Unknown"
"IILTD.NS","INSECTICIDES","Unknown","Unknown"
"GARDENSIL.NS","GARDEN SILK MILL DS","Unknown","Unknown"
"NRC.NS","NRC DS","Unknown","Unknown"
"MUKTAARTS.NS","MUKTA ARTS DS","Unknown","Unknown"
"HOVS.NS","HOV SERVICES DS","Unknown","Unknown"
"CHI.NS","CHI INVESTMENTS","Unknown","Unknown"
"SAREGAMA.NS","SAREGAMA INDIA DS","Unknown","Unknown"
"MOTOGENFI.NS","MTR & GEN FIN DS","Unknown","Unknown"
"PLETHICO.NS","PLETHICO PHARMAC DS","Unknown","Unknown"
"CTE.NS","CAMBRIDGE TECHNO DS","Unknown","Unknown"
"CHETTINAD.NS","CHETTINAD CEMENT DS","Unknown","Unknown"
"PPAP.NS","PRECISION PIPES","Unknown","Unknown"
"SAMBHAAV.NS","SAMBHAAV MEDIA DS","Unknown","Unknown"
"GOKUL.NS","GOKUL REFOILS","Unknown","Unknown"
"AARTIDRUG.NS","AARTI DRUGS DS","Unknown","Unknown"
"LAKPRE.NS","LAKSHMI PRECIS DS","Unknown","Unknown"
"KOTAKGOLD.NS","KOTAK GOLD ETF","Unknown","Unknown"
"ADVANIHOT.NS","ADVANI HTL & RESORT","Unknown","Unknown"
"PAPERPROD.NS","PAPER PRODUCTS DS","Unknown","Unknown"
"BRABOURNE.NS","BRABOURNE ENT","Unknown","Unknown"
"SKMEGGPRO.NS","SKM EGG PRDTS XP DS","Unknown","Unknown"
"OILCOUNTU.NS","OIL COUNTRY TUB DS","Unknown","Unknown"
"TATAINVES.NS","TATA IVT CORP DS","Unknown","Unknown"
"KCP.NS","KCP DS","Unknown","Unknown"
"CAROLINFO.NS","CAROL INFO SVCS DS","Unknown","Unknown"
"HYDRBADIN.NS","HYDERABAD INDS DS","Unknown","Unknown"
"CYBERTECH.NS","CYBERTECH SYS DS","Unknown","Unknown"
"ATFL.NS","AGRO TECH FOODS DS","Unknown","Unknown"
"ARCHIDPLY.NS","ARCHIDPLY INDUS","Unknown","Unknown"
"DCMFINSER.NS","DCM FINL SVCS DS","Unknown","Unknown"
"HGSL.NS","HINDUJA GLOBAL","Unknown","Unknown"
"NAHARINDU.NS","NAHAR INDL ENTRP DS","Unknown","Unknown"
"SARLAPOLY.NS","SARLA PERFORMANC DS","Unknown","Unknown"
"UNIVCABLE.NS","UNIVERSAL CABLES DS","Unknown","Unknown"
"BIRLAERIC.NS","BIRLA ERICS OPTL DS","Unknown","Unknown"
"SANGAMIND.NS","SANGAM (INDIA) DS","Unknown","Unknown"
"ASTRAL.NS","ASTRAL POLY","Unknown","Unknown"
"SAKUMA.NS","SAKUMA EXPORTS DS","Unknown","Unknown"
"MANUGRAPH.NS","MANUGRAPH INDIA DS","Unknown","Unknown"
"MARALOVER.NS","MARAL OVERSEAS DS","Unknown","Unknown"
"HILTON.NS","HILTON METAL","Unknown","Unknown"
"VARDMNPOL.NS","VARDHMAN POLYTEX DS","Unknown","Unknown"
"PEACOCKIN.NS","PEACOCK INDS DS","Unknown","Unknown"
"FEDDERLOY.NS","FEDDERS LLOYD DS","Unknown","Unknown"
"GILLETTE.NS","GILLETTE INDIA DS","Unknown","Unknown"
"MCDHOLDIN.NS","MCDOWELL HLDGS","Unknown","Unknown"
"KINETICMO.NS","KINETIC MOTORS DS","Unknown","Unknown"
"ABHISHEK.NS","ABHISHEK CORP","Unknown","Unknown"
"MACMILLAN.NS","MACMILLAN INDIA DS","Unknown","Unknown"
"DONEAR.NS","DONEAR INDS DS","Unknown","Unknown"
"TFL.NS","TRANSWRRANTY FIN DS","Unknown","Unknown"
"SMSPHARMA.NS","SMS PHARMACEUTICALS","Unknown","Unknown"
"MUNJALSHO.NS","MUNJAL SHOWA DS","Unknown","Unknown"
"GMRFER.NS","GMR FERRO","Unknown","Unknown"
"GLFL.NS","GUJ LEASE FIN DS","Unknown","Unknown"
"KRISHNAEN.NS","KRISHNA ENGRG WK DS","Unknown","Unknown"
"TIRUMALCH.NS","THIRUMALAI CHEM DS","Unknown","Unknown"
"KPRMILL.NS","K.P.R. MILL","Unknown","Unknown"
"BIL.NS","BHARTIYA INTL DS","Unknown","Unknown"
"AVENTIS.NS","AVENTIS PHARMA DS","Unknown","Unknown"
"ADSL.NS","ALLIED DIGITAL","Unknown","Unknown"
"IFGLREFRA.NS","IFGL REFRACTORIE DS","Unknown","Unknown"
"JINDALPHO.NS","JINDAL PHOTO DS","Unknown","Unknown"
"AXIS-IT&T.NS","AXIS IT & T DS","Unknown","Unknown"
"BELCERAMI.NS","BELL CERAMICS DS","Unknown","Unknown"
"INDLMETER.NS","IMP POWERS DS","Unknown","Unknown"
"SURANATEL.NS","SURANA TELECOM","Unknown","Unknown"
"BHARATGEA.NS","BHARAT GEARS DS","Unknown","Unknown"
"INVSTSMAR.NS","IL&FS INVESTSMART","Unknown","Unknown"
"BANKBEES.NS","BANKING INDEX ETS","Unknown","Unknown"
"AFL.NS","ACCEL FRONTLINE","Unknown","Unknown"
"UCALFUEL.NS","UCAL FUEL SYSTEM DS","Unknown","Unknown"
"GARWALLRO.NS","GARWARE WALL ROP DS","Unknown","Unknown"
"BRITANNIA.NS","BRITANNIA INDS DS","Unknown","Unknown"
"BALMLAWRI.NS","BALMER LAWRIE&CO DS","Unknown","Unknown"
"LUMAXIND.NS","LUMAX INDS DS","Unknown","Unknown"
"DCM.NS","DCM DS","Unknown","Unknown"
"TNTELE.NS","TAMILNADU TELE DS","Unknown","Unknown"
"SHRIRAMEP.NS","SHRIRAM EPC","Unknown","Unknown"
"DECOLIGHT.NS","DECOLIGHT CERAM","Unknown","Unknown"
"SUNCLAYTO.NS","SUNDARAM CLAYTON DS","Unknown","Unknown"
"UPERGANGE.NS","UPPER GANGES SUG DS","Unknown","Unknown"
"RANEHOLDI.NS","RANE HOLDINGS DS","Unknown","Unknown"
"COMSYS.NS","COMPULINK SYSTEM DS","Unknown","Unknown"
"PEARLPOLY.NS","PEARL POLYMERS DS","Unknown","Unknown"
"GOLDIAM.NS","GOLDIAM INTL DS","Unknown","Unknown"
"NEOCURE.NS","COUNTRY CONDO'S","Unknown","Unknown"
"POLYPLEX.NS","POLYPLEX CORP DS","Unknown","Unknown"
"AJANTPHAR.NS","AJANTA PHARMA DS","Unknown","Unknown"
"SOMANYCER.NS","SOMANY CERAMICS","Unknown","Unknown"
"GOKEX.NS","GOKALDAS EXPORTS","Unknown","Unknown"
"HERITGFOO.NS","HERITAGE FOODS DS","Unknown","Unknown"
"ECEIND.NS","ECE INDS DS","Unknown","Unknown"
"CORDSCABL.NS","CORDS CABLE IND","Unknown","Unknown"
"GINNIFILA.NS","GINNI FILAMENTS DS","Unknown","Unknown"
"VINDHYATE.NS","VINDHYA TELELINK DS","Unknown","Unknown"
"JINDALSWH.NS","JINDAL STH WEST HLD","Unknown","Unknown"
"IMPEXFERR.NS","IMPEX FERRO TECH","Unknown","Unknown"
"FIRSTLEAS.NS","FIRST LSG DS","Unknown","Unknown"
"JAYAGROGN.NS","JAYANT AGRO-ORGA DS","Unknown","Unknown"
"VESUVIUS.NS","VESUVIUS INDIA","Unknown","Unknown"
"JAINSTUDI.NS","JAIN STUDIOS DS","Unknown","Unknown"
"ADORWELD.NS","ADOR WELDING DS","Unknown","Unknown"
"MUKANDENG.NS","MUKAND ENGINEERS DS","Unknown","Unknown"
"SURYAJYOT.NS","SURYAJYOTI SPG DS","Unknown","Unknown"
"RAMCOSYS.NS","RAMCO SYSTEMS DS","Unknown","Unknown"
"MANGTIMBE.NS","MANGALAM TIMBER DS","Unknown","Unknown"
"GODFRYPHL.NS","GODFREY PHILLIPS DS","Unknown","Unknown"
"ECLERX.NS","ECLERX SERVICES","Unknown","Unknown"
"VAIBHAVGE.NS","VAIBHAV GEMS DS","Unknown","Unknown"
"ZENITHINF.NS","ZENITH INFOTECH DS","Unknown","Unknown"
"AUTOLITIN.NS","AUTOLITE (INDIA) DS","Unknown","Unknown"
"MANALU.NS","MAN ALUMINIUM DS","Unknown","Unknown"
"EMKAY.NS","EMKAY GLOBAL","Unknown","Unknown"
"KHAITANEL.NS","KHAITAN ELEC DS","Unknown","Unknown"
"SALORAINT.NS","SALORA INTL DS","Unknown","Unknown"
"TATACOFFE.NS","TATA COFFEE DS","Unknown","Unknown"
"TIDEWATER.NS","TIDE WATER OIL DS","Unknown","Unknown"
"XPROINDIA.NS","XPRO INDIA","Unknown","Unknown"
"SUNDARMFI.NS","SUNDARAM FINANCE DS","Unknown","Unknown"
"LOGIXMICR.NS","LOGIX MICROSYS DS","Unknown","Unknown"
"PREMIER.NS","PREMIER DS","Unknown","Unknown"
"ELDERPHAR.NS","ELDER PHARMA DS","Unknown","Unknown"
"PAREKHPLA.NS","PAREKH PLATINUM DS","Unknown","Unknown"
"TAINWALCH.NS","TAINWALA CHEMICA DS","Unknown","Unknown"
"ICIL.NS","INDO COUNT IND DS","Unknown","Unknown"
"REPRO.NS","REPRO INDIA DS","Unknown","Unknown"
"POLARIND.NS","POLAR INDS DS","Unknown","Unknown"
"MAHSCOOTE.NS","MAHA SCOOTERS DS","Unknown","Unknown"
"PSUBNKBEE.NS","PSU BK BENCHAMRKETS","Unknown","Unknown"
"GLOBALVEC.NS","GLOBAL VECTRA HELIC","Unknown","Unknown"
"AUTOAXLES.NS","AUTOMOTIVE AXLES DS","Unknown","Unknown"
"SUPREMETE.NS","SUPREME TEX","Unknown","Unknown"
"HINDSYNTE.NS","HIND SYNTEX DS","Unknown","Unknown"
"GMBREW.NS","G.M. BREWERIES DS","Unknown","Unknown"
"ANGAUTO.NS","ANG AUTO DS","Unknown","Unknown"
"JAYBARMAR.NS","JAY BHARAT MARUT DS","Unknown","Unknown"
"SUDARSCHE.NS","SUDARSHAN CHEM DS","Unknown","Unknown"
"MUNJALAU.NS","MUNJAL AUTO INDS DS","Unknown","Unknown"
"TECHNOELE.NS","TECHNO EL & ENGG DS","Unknown","Unknown"
"KANORICHE.NS","KANORIA CHEM & IND","Unknown","Unknown"
"BLBLIMITE.NS","BLB DS","Unknown","Unknown"
"KAKATCEM.NS","KAKATIYA CEMENTS DS","Unknown","Unknown"
"PEARLGLOB.NS","PEARL GLOBAL DS","Unknown","Unknown"
"RSWM.NS","RSWM DS","Unknown","Unknown"
"SAVITACHE.NS","SAVITA CHEMICAL DS","Unknown","Unknown"
"TVSSRICHA.NS","TVS SRICHAKRA DS","Unknown","Unknown"
"MERCK.NS","MERCK DS","Unknown","Unknown"
"PHOENIXLM.NS","HALONIX","Unknown","Unknown"
"SADBHAV.NS","SADBHAV ENGRG DS","Unknown","Unknown"
"UNIENTER.NS","UNIPHOS ENTERPRI DS","Unknown","Unknown"
"RUCHINFRA.NS","RUCHI INFRAS DS","Unknown","Unknown"
"NUCENT.NS","NUCENT ESTATE DS","Unknown","Unknown"
"BSL.NS","BSL DS","Unknown","Unknown"
"GRINDWELL.NS","GRINDWELL NORTON DS","Unknown","Unknown"
"REGENCERA.NS","REGENCY CERAMIC DS","Unknown","Unknown"
"VSTIND.NS","VST INDS DS","Unknown","Unknown"
"KSBPUMPS.NS","K.S.B. PUMPS DS","Unknown","Unknown"
"MMFL.NS","M M FORGINGS DS","Unknown","Unknown"
"RML.NS","RANE (MADRAS) DS","Unknown","Unknown"
"CELEBRITY.NS","CELEBRITY FASHIO DS","Unknown","Unknown"
"DENORA.NS","DE NORA INDIA","Unknown","Unknown"
"CALSOFT.NS","CALIFORNIA SOFTW DS","Unknown","Unknown"
"KHANDSE.NS","KHANDWALA SECS DS","Unknown","Unknown"
"ORIENTCER.NS","ORIENT CERAMICS DS","Unknown","Unknown"
"BALPHARMA.NS","BAL PHARMA DS","Unknown","Unknown"
"CRISIL.NS","CRISIL DS","Unknown","Unknown"
"BLUESTINF.NS","BLUE STAR INFOTE DS","Unknown","Unknown"
"SANGHIIND.NS","SANGHI INDS DS","Unknown","Unknown"
"BASF.NS","BASF INDIA DS","Unknown","Unknown"
"TCIFINANC.NS","TCI FINANCE DS","Unknown","Unknown"
"MAGMA.NS","MAGMA FINCORP","Unknown","Unknown"
"NILKAMAL.NS","NILKAMAL DS","Unknown","Unknown"
"ADVANTA.NS","ADVANTA INDIA","Unknown","Unknown"
"CCCL.NS","CONSOLIDATED","Unknown","Unknown"
"ASIANHOTE.NS","ASIAN HOTELS DS","Unknown","Unknown"
"TALBROAUT.NS","TALBROS AUTO DS","Unknown","Unknown"
"SRHHYPOLT.NS","SARAC CHEMICALS DS","Unknown","Unknown"
"IMPAL.NS","INDIA MOTOR PART DS","Unknown","Unknown"
"HBSTOCK.NS","HB STOCKHOLDINGS DS","Unknown","Unknown"
"LAKSHMIEF.NS","LAKSHMI ENERGY & FD","Unknown","Unknown"
"MRF.NS","MRF DS","Unknown","Unknown"
"SSWL.NS","STEEL STRIPS DS","Unknown","Unknown"
"SESHAPAPE.NS","SESHASAYEE PAPER DS","Unknown","Unknown"
"SOFTPRO.NS","SOFTPRO SYSTEMS DS","Unknown","Unknown"
"ORIENTHOT.NS","ORIENTAL HOTELS DS","Unknown","Unknown"
"STINDIA.NS","STI INDIA DS","Unknown","Unknown"
"HOTELRUGB.NS","HOTEL RUGBY DS","Unknown","Unknown"
"HINDUJAFO.NS","HINDUJA FOUND","Unknown","Unknown"
"RAJVIR.NS","RAJVIR INDUSTRIES","Unknown","Unknown"
"CENTUM.NS","CENTUM ELECTR","Unknown","Unknown"
"SAGCEM.NS","SAGAR CEMENTS DS","Unknown","Unknown"
"QGOLDHALF.NS","QUANTUM GOLD ETF","Unknown","Unknown"
"PATSPINLT.NS","PATSPIN INDIA DS","Unknown","Unknown"
"PAEL.NS","PAE DS","Unknown","Unknown"
"AMBIKCO.NS","AMBIKA COTTON DS","Unknown","Unknown"
"HITECHGEA.NS","HI-TECH GEARS DS","Unknown","Unknown"
"RUBYMILLS.NS","RUBY MILLS DS","Unknown","Unknown"
"NUMERICPW.NS","NUMERIC POWER SY DS","Unknown","Unknown"
"FAGBEARIN.NS","FAG BEARINGS IND DS","Unknown","Unknown"
"LUMAXTECH.NS","LUMAX AUTO TECHNOLO","Unknown","Unknown"
"ALKYLAMIN.NS","ALKYL AMINES CHE DS","Unknown","Unknown"
"MAHINDFOR.NS","MAHINDRA FORGING DS","Unknown","Unknown"
"KABRAEXTR.NS","KABRA EXTRUSION DS","Unknown","Unknown"
"SHIVAMAUT.NS","SHIVAM AUTOTECH DS","Unknown","Unknown"
"MONSANTO.NS","MONSANTO INDIA DS","Unknown","Unknown"
"SUPRAJIT.NS","SUPRAJIT ENGG DS","Unknown","Unknown"
"SAKSOFT.NS","SAKSOFT","Unknown","Unknown"
"EIHAHOTEL.NS","EIH ASSOC HOTELS DS","Unknown","Unknown"
"SWARAJMAZ.NS","SWARAJ MAZDA DS","Unknown","Unknown"
"MANGALAM.NS","MANGALAM DRUGS & OR","Unknown","Unknown"
"ZODIACLOT.NS","ZODIAC CLOTHING DS","Unknown","Unknown"
"HITECHPLA.NS","HITECH PLAST DS","Unknown","Unknown"
"BASML.NS","BANNARI AMMAN SP DS","Unknown","Unknown"
"CHESLINTE.NS","CHESLIND TEXTILE DS","Unknown","Unknown"
"ZODJRDMKJ.NS","ZODIAC-JRD-MKJ DS","Unknown","Unknown"
"INDIANHUM.NS","INDIAN HUME PIPE DS","Unknown","Unknown"
"NOVOPANIN.NS","NOVOPAN INDS DS","Unknown","Unknown"
"WILLAMAGO.NS","WILLIAMSON MAGOR DS","Unknown","Unknown"
"GRUH.NS","GRUH FINANCE DS","Unknown","Unknown"
"KANSAINER.NS","KANSAI NEROLAC DS","Unknown","Unknown"
"LUMAXAUTO.NS","LUMAX AUTOMOTIVE SY","Unknown","Unknown"
"KKCL.NS","KEWAL KIRAN CLTH DS","Unknown","Unknown"
"JBMA.NS","JBM AUTO DS","Unknown","Unknown"
"ESABINDIA.NS","ESAB INDIA DS","Unknown","Unknown"
"RANEENGIN.NS","RANE ENGINE VAL","Unknown","Unknown"
"SOLEMS.NS","SEIL","Unknown","Unknown"
"STERTOOLS.NS","STERLING TOOLS DS","Unknown","Unknown"
"BBTC.NS","BOMBAY BURMAH TG DS","Unknown","Unknown"
"PETRONENG.NS","PETRON ENGR CONS DS","Unknown","Unknown"
"ENKEI.NS","ENKEI CASTALLOY","Unknown","Unknown"
"AVTNPL.NS","AVT NATURAL PRDT DS","Unknown","Unknown"
"KOTHARIPR.NS","KOTHARI PRDTS DS","Unknown","Unknown"
"SILINV.NS","SIL INVT","Unknown","Unknown"
"SHALPAINT.NS","SHALIMAR PAINTS DS","Unknown","Unknown"
"BANARISUG.NS","BANNARI AMMAN SG DS","Unknown","Unknown"
"WABCO-TVS.NS","WABCO-TVS","Unknown","Unknown"
"ZANDUPHAR.NS","ZANDU PHARM WORK DS","Unknown","Unknown"
"APCOTEXIN.NS","APCOTEX INDS DS","Unknown","Unknown"
"LAOPALA.NS","LA OPALA RG DS","Unknown","Unknown"
"PDUMJEPUL.NS","PUDUMJEE PULP DS","Unknown","Unknown"
"LOTTEINDI.NS","LOTTE INDIA DS","Unknown","Unknown"
"KHAITANLT.NS","KHAITAN INDIA DS","Unknown","Unknown"
"INDIANCAR.NS","IND CARD CLOTHG DS","Unknown","Unknown"
"SWARAJENG.NS","SWARAJ ENGINES DS","Unknown","Unknown"
"EVERESTIN.NS","EVEREST IND","Unknown","Unknown"
"REVATHI.NS","REVATHI EQUIPMEN DS","Unknown","Unknown"
"SANDESH.NS","SANDESH DS","Unknown","Unknown"
"VINCARDS.NS","VINTAGE CARDS","Unknown","Unknown"
"WHEELS.NS","WHEELS INDIA DS","Unknown","Unknown"
"MINDAIND.NS","MINDA FINANCE DS","Unknown","Unknown"
"WEIZMANIN.NS","WEIZMANN DS","Unknown","Unknown"
"DICIND.NS","DIC INDIA DS","Unknown","Unknown"
"WINDSOR.NS","WINDSOR MACHINES DS","Unknown","Unknown"
"SHIVTEX.NS","SHIVA TEXYARN DS","Unknown","Unknown"
"MALWACOTT.NS","MALWA COTTON DS","Unknown","Unknown"
"JOCIL.NS","JOCIL","Unknown","Unknown"
"3MINDIA.NS","3M INDIA DS","Unknown","Unknown"
"PRECOT.NS","PRECOT MERIDIAN DS","Unknown","Unknown"
"FOSECOIND.NS","FOSECO INDIA DS","Unknown","Unknown"
"SURYALAXM.NS","SURYALAKSHMI CTN DS","Unknown","Unknown"
"P1PASUPAT.NS","PAS FAB 0.0001% PRF","Unknown","Unknown"
"ALFALAVAL.NS","ALFA LAVAL (I) DS","Unknown","Unknown"
"TIMESGTY.NS","TIMES GUARANTY DS","Unknown","Unknown"
"NEULANDLA.NS","NEULAND LABS DS","Unknown","Unknown"
"ATLASCYCL.NS","ATLAS CYCLES HYN DS","Unknown","Unknown"
"PAGEIND.NS","PAGE INDUSTRIES","Unknown","Unknown"
"BLUEDART.NS","BLUE DART EXP","Unknown","Unknown"
"SUTLEJTEX.NS","SUTLEJ TEX & IND DS","Unknown","Unknown"
"INDNIPPON.NS","INDIA NIPPON EL DS","Unknown","Unknown"
"SHAHALLOY.NS","SHAH ALLOYS DS","Unknown","Unknown"
"TOKYOPLAS.NS","TOKYO PLAST INTL DS","Unknown","Unknown"
"AICHAMP.NS","A.I. CHAMPDANY DS","Unknown","Unknown"
"SUNDRMBRA.NS","SUNDARAM BRAKE DS","Unknown","Unknown"
"KEYCORPSE.NS","KEYNOTE CORP SVC DS","Unknown","Unknown"
"THIRUSUGA.NS","THIRUN AROORAN DS","Unknown","Unknown"
"DOLPHINOF.NS","DOLPHIN OFFSHORE DS","Unknown","Unknown"
"RAMCOIND.NS","RAMCO INDS DS","Unknown","Unknown"
"ASAL.NS","AUTO STAM&ASSEM DS","Unknown","Unknown"
"HONAUT.NS","HONEYWELL AUTO INDI","Unknown","Unknown"
"EIMCOELEC.NS","EIMCO ELECON (I) DS","Unknown","Unknown"
"QNIFTY.NS","QUANTUM INDEX - GRW","Unknown","Unknown"
"EUROTEXIN.NS","EUROTEX IND & XP DS","Unknown","Unknown"
"HINDCOMPO.NS","HIND COMPOSITE DS","Unknown","Unknown"
"KALYANIFR.NS","KALYANI FORGE DS","Unknown","Unknown"
"JMTAUTOLT.NS","JMT AUTO DS","Unknown","Unknown"
"SHREYANIN.NS","SHREYANS IND DS","Unknown","Unknown"
"RELBANK.NS","REL BANKING ETF","Unknown","Unknown"
"BHARATRAS.NS","BHARAT RASAYAN DS","Unknown","Unknown"
"NIPPOBATR.NS","NIPPO BATTERIES DS","Unknown","Unknown"
"WENDT.NS","WENDT (INDIA) DS","Unknown","Unknown"
"ZENITHEXP.NS","ZENITH EXPORTS DS","Unknown","Unknown"
"NSIL.NS","NALWA SONS INVTS DS","Unknown","Unknown"
"KOTAKPSUB.NS","KOTAK PSU BK ETF","Unknown","Unknown"
"REMSONSIN.NS","REMSONS INDS DS","Unknown","Unknown"
"DPSCLTD.NS","DPSC","Unknown","Unknown"
"IFBAGRO.NS","IFB AGRO INDS DS","Unknown","Unknown"
"P1SAKUMA.NS","SAKUMA EXPT 5% CRPS","Unknown","Unknown"
"UTISUNDER.NS","S&P CNX NIFTY UTI","Unknown","Unknown"
"CERA.NS","CERA SANITARYWAR DS","Unknown","Unknown"
"BLUECOAST.NS","BLUE COAST HTL DS","Unknown","Unknown"
"TATAMTRDV.NS","TATA MOTORS-A","Unknown","Unknown"
"VATSMUSC.NS","VATSA MUSIC DS","Unknown","Unknown"
"NETWORK.NS","NETWORK DS","Unknown","Unknown"
"ESTCSTSTE.NS","EAST COAST STEEL","Unknown","Unknown"
"DEEPAKSPI.NS","DEEPAK SPINNERS DS","Unknown","Unknown"
"SAMTELTD.NS","SAMTEL (INDIA) DS","Unknown","Unknown"
"DAICHIKAR.NS","DAI-ICHI KARKARIADS","Unknown","Unknown"
"ARENTERP.NS","RAJDARSHAN INDS DS","Unknown","Unknown"
"LLOYDMETA.NS","LLOYDS METALS & ENG","Unknown","Unknown"
"KHATJUNKE.NS","INDOKEM DS","Unknown","Unknown"
"APOWERTOO.NS","CONSORTEX KARL DS","Unknown","Unknown"
"WATERBASE.NS","WATERBASE DS","Unknown","Unknown"
"GOVINRUBE.NS","GOVIND RUBBER DS","Unknown","Unknown"
"PODARPIGM.NS","PODDAR PIGMENTS DS","Unknown","Unknown"
"PRIYADYES.NS","PRIYA DS","Unknown","Unknown"
"INTEGRFIN.NS","INTEGRATED FIN DS","Unknown","Unknown"
"FERRDALLO.NS","FERRO ALLOYS DS","Unknown","Unknown"
"NAKODATEX.NS","NAKODA TEXTILE DS","Unknown","Unknown"
"BAGWATIGA.NS","BHAGAWATI GASES DS","Unknown","Unknown"
"21STCENMG.NS","21 CENTURY MGT DS","Unknown","Unknown"
"RAMAPHOSP.NS","RAMA PHOSPHATES DS","Unknown","Unknown"
"RUBFILINT.NS","RUBFILA INTL DS","Unknown","Unknown"
"E3ELGIEQU.NS","ELGI EQUIPTMENT PP","Unknown","Unknown"
"VMJOGENGG.NS","JOB ENGG DS","Unknown","Unknown"
"FAZETHREE.NS","FAZE THREE","Unknown","Unknown"
"KJMCFIN.NS","KJMC FINL SVCS DS","Unknown","Unknown"
"MPAGROFER.NS","M.P AGRO IND DS","Unknown","Unknown"
"700121.NS","DEWAN HSG FN 1% PRF","Unknown","Unknown"
"896809.NS","SQL STAR INTL DS","Unknown","Unknown"
"BALURTRAN.NS","BALURGHAT TEC DS","Unknown","Unknown"
"PRAGBOSIM.NS","PRAG BOSIMI SYN DS","Unknown","Unknown"
"VIPPYSOLV.NS","VIPPY INDS","Unknown","Unknown"
"INOVATMAR.NS","INNOVA FOODS","Unknown","Unknown"
"KERALACHE.NS","NITTA GELATIN","Unknown","Unknown"
"MULTIARC.NS","MULTI-ARC INDIA DS","Unknown","Unknown"
"PINDLTD.NS","PI INDUSTRIES","Unknown","Unknown"
"BELLARYST.NS","BELLARY STL & AL DS","Unknown","Unknown"
"SAYAJHOTE.NS","SAYAJI HOTEL DS","Unknown","Unknown"
"FTCPOF5YG.NS","FRANKLIN TEMPLE","Unknown","Unknown"
"P3THOMASC.NS","0.001 THOMAS PREF-C","Unknown","Unknown"
"WIMPLAST.NS","WIM PLAST DS","Unknown","Unknown"
"SHREDIGCE.NS","SHREE DIGVIJAY DS","Unknown","Unknown"
"MUKATPIPE.NS","MUKAT PIPES DS","Unknown","Unknown"
"ALFREDHER.NS","ALFRED HERBERT DS","Unknown","Unknown"
"AVERY.NS","AVERY INDIA DS","Unknown","Unknown"
"RISHIPACK.NS","RISHI PACKERS DS","Unknown","Unknown"
"INDIALEAS.NS","INDIA LEASE DEV DS","Unknown","Unknown"
"SHRERAJSY.NS","SHREE RAJASTHAN DS","Unknown","Unknown"
"BIHARSPON.NS","BIHAR SPONGE DS","Unknown","Unknown"
"978725.NS","EPIC ENZYMERS DS","Unknown","Unknown"
"RUCHISTRI.NS","RUCHI STRIPS DS","Unknown","Unknown"
"SUDITIND.NS","SUDITI INDS DS","Unknown","Unknown"
"NIYATILEA.NS","NIYATI INDS DS","Unknown","Unknown"
"PALCREDIT.NS","PAL CR & CAP DS","Unknown","Unknown"
"MATHPLATT.NS","MPIL CORP DS","Unknown","Unknown"
"ABGHEAVY.NS","ABG INFRALOG","Unknown","Unknown"
"DAGERFORS.NS","DAGGER FORST TL DS","Unknown","Unknown"
"826844.NS","SHAW WALLACE&CO DS","Unknown","Unknown"
"VITALCOMM.NS","VITAL COMM DS","Unknown","Unknown"
"EMPEESUGA.NS","EMPEE SUGARS DS","Unknown","Unknown"
"STRAUSIND.NS","LUMINAIRE TECHNO DS","Unknown","Unknown"
"PANYAMCEM.NS","PANYAM CEM & MIN DS","Unknown","Unknown"
"SREERAYAL.NS","SREE RAYALASEEMA DS","Unknown","Unknown"
"HIMGRANIT.NS","HIMALAYA GRANITE DS","Unknown","Unknown"
"RAINBOWPP.NS","RAINBOW PAPERS DS","Unknown","Unknown"
"MADSUDIND.NS","MADHUSUDAN INDS DS","Unknown","Unknown"
"MORGANSTA.NS","MS GROWTH FUND 09","Unknown","Unknown"
"ARAVALISE.NS","ARAVALI SECS DS","Unknown","Unknown"
"AMFORGEIN.NS","AMFORGE INDS DS","Unknown","Unknown"
"KRISNAFIL.NS","MAVI INDUSTRIES","Unknown","Unknown"
"JAGAJITIN.NS","JAGATJIT IND DS","Unknown","Unknown"
"WESTERNBI.NS","ECOBOARD INDS DS","Unknown","Unknown"
"SHAWGELTI.NS","NARMADA GELATINE DS","Unknown","Unknown"
"PSMSPGMIL.NS","PRIYADARSHINI SP DS","Unknown","Unknown"
"ASHOKALCO.NS","ASHOK ALCO CHEM DS","Unknown","Unknown"
"SHRIDINES.NS","SHRI DINESH MILL DS","Unknown","Unknown"
"METALPIPE.NS","METALMAN INDS DS","Unknown","Unknown"
"AURANPAPE.NS","AURANGABAD PAPER DS","Unknown","Unknown"
"REMIMETAL.NS","REMI METALS GUJ","Unknown","Unknown"
"EMTEXIND.NS","EMTEX INDS (I) DS","Unknown","Unknown"
"KIRLOSINV.NS","KIRLOSKAR INVEST DS","Unknown","Unknown"
"SRFFINANC.NS","GE CAP TRANS FIN DS","Unknown","Unknown"
"ESTERIND.NS","ESTER INDS DS","Unknown","Unknown"
"GONTERPEI.NS","GONTERMANN PEIPE DS","Unknown","Unknown"
"ANDREWYUL.NS","ANDREW YULE & CO","Unknown","Unknown"
"FTCPOF3YD.NS","FRANKLIN TEMPLE","Unknown","Unknown"
"P2THOMASC.NS","0.001 THOMAS CRPS-B","Unknown","Unknown"
"FTCSF5YGR.NS","FRANKLIN TEMP","Unknown","Unknown"
"LAKSELECO.NS","LAKSHMI EL CTRL DS","Unknown","Unknown"
"FTCSF3YDI.NS","FRANKLIN TEMP","Unknown","Unknown"
"FTCSF5YDI.NS","FRANKLIN TEMP","Unknown","Unknown"
"FTCSF3YGR.NS","FRANKLIN TEMP","Unknown","Unknown"
"METAZINC.NS","MTZ INDS DS","Unknown","Unknown"
"FLATPROD.NS","CMI FPE","Unknown","Unknown"
"E3KARURVY.NS","KARUR VYSYA BK PP","Unknown","Unknown"
"GUJTHEMIS.NS","GUJ THEMIS BIOSYNDS","Unknown","Unknown"
"NATPEROXI.NS","NATIONAL PEROXID DS","Unknown","Unknown"
"GUJSTATFI.NS","GUJARAT ST FINL DS","Unknown","Unknown"
"MAIKALFIB.NS","MAIKAAL FIBRES DS","Unknown","Unknown"
"CAMPALLIE.NS","CAMPHOR & ALLIED DS","Unknown","Unknown"
"MODIPON.NS","MODIPON DS","Unknown","Unknown"
"DCMSRMIND.NS","DCM SHRIRAM DS","Unknown","Unknown"
"TRANSCHEM.NS","TRANSCHEM DS","Unknown","Unknown"
"CHOWGULST.NS","CHOWGULE STEAMSH DS","Unknown","Unknown"
"NALCOCHEM.NS","ONDEO NALCO DS","Unknown","Unknown"
"GOLCRESFI.NS","GOLDCREST FIN DS","Unknown","Unknown"
"SHRIYAMSE.NS","SHARDUL SECS DS","Unknown","Unknown"
"BRIGHTBRO.NS","BRIGHT BROTHERS DS","Unknown","Unknown"
"KIRLOSELE.NS","ENVAIR ELECTRODY DS","Unknown","Unknown"
"APPLEFIN.NS","APPLE FINANCE DS","Unknown","Unknown"
"AUTOCORP.NS","AUTOMOBILE CORP DS","Unknown","Unknown"
"PERMAGNET.NS","PERMANENT MAGNET DS","Unknown","Unknown"
"PANCHMSTE.NS","PANCHMAHAL STEEL DS","Unknown","Unknown"
"PICCADSUG.NS","PICCADILY SUGAR DS","Unknown","Unknown"
"SIPAPER.NS","STH INDIA PAPER DS","Unknown","Unknown"
"TANFAC.NS","TANFAC INDS DS","Unknown","Unknown"
"BAYER.NS","BAYER CROPSCIENC DS","Unknown","Unknown"
"HINDTINWR.NS","HINDUSTAN TIN WK DS","Unknown","Unknown"
"ORIENTCAR.NS","ORIENTAL CARBON DS","Unknown","Unknown"
"EDSERV.NS","EDSERV SOFTSYS","Unknown","Unknown"
"JSWSTEEL.NS","JSW STEEL DS","Unknown","Unknown"
"KGL.NS","KARUTURI GLOBAL","Unknown","Unknown"
"SUJANATOW.NS","SUJANA TOWERS","Unknown","Unknown"
"REIAGROLT.NS","REI AGRO","Unknown","Unknown"
"KSERAPRO.NS","K-SERA SERA PROD DS","Unknown","Unknown"
"VAKRANSOF.NS","VAKRANGEE SOFTWA DS","Unknown","Unknown"
"ESSARSHIP.NS","ESSAR SHIPPING","Unknown","Unknown"
"MANGCHEFE.NS","MANGALORE CHEM DS","Unknown","Unknown"
"PRETAILDV.NS","PANTALOON RETAIL","Unknown","Unknown"
"GULFOILCO.NS","GULF OIL","Unknown","Unknown"
"VISUINTL.NS","VISU INTL DS","Unknown","Unknown"
"AUSTRAL.NS","AUSTRAL COKE","Unknown","Unknown"
"COLORCHIP.NS","COLOR CHIPS (I) DS","Unknown","Unknown"
"GLORY.NS","GLORY POLYFILMS","Unknown","Unknown"
"ANKURDRUG.NS","ANKUR DRUGS & PH DS","Unknown","Unknown"
"BANG.NS","BANG OVERSEAS","Unknown","Unknown"
"ENTEGRA.NS","ENTEGRA","Unknown","Unknown"
"JAYNECOIN.NS","JAYASWAL NECO","Unknown","Unknown"
"MICROTECH.NS","MICRO TEC (I) DS","Unknown","Unknown"
"UBL.NS","UNITED BREWERIES DS","Unknown","Unknown"
"SHREEASHT.NS","SHREE ASHTAVINAYAK","Unknown","Unknown"
"MALCO.NS","MADRAS ALUMINIUM DS","Unknown","Unknown"
"BHAGWATIH.NS","BHAGWATI HOTELS","Unknown","Unknown"
"GEMINI.NS","GEMINI COMMUNICA DS","Unknown","Unknown"
"MAXWELL.NS","MAXWELL INDS DS","Unknown","Unknown"
"KIRIDYES.NS","KIRI DYES","Unknown","Unknown"
"SHLAKSHMI.NS","SHRI LAKSHMI COT DS","Unknown","Unknown"
"ALPHAGEO.NS","ALPHAGEO (I) DS","Unknown","Unknown"
"DELTACORP.NS","DELTA CORP","Unknown","Unknown"
"BILPOWER.NS","BILPOWER DS","Unknown","Unknown"
"LOTUSEYE.NS","LOTUS EYE CARE","Unknown","Unknown"
"SIGROUPIN.NS","SI GROUP","Unknown","Unknown"
"P1NETWORK.NS","NETWORK 18 PCCPS","Unknown","Unknown"
"NAHARSPIN.NS","NAHAR SPINNING DS","Unknown","Unknown"
"P1ISPATIN.NS","ISPAT IND 0.01% CRP","Unknown","Unknown"
"RMCL.NS","RADHA MADHAV DS","Unknown","Unknown"
"KAVVERITE.NS","KAVVERI TEL PRDT DS","Unknown","Unknown"
"CRESTANI.NS","CREST ANIMATION DS","Unknown","Unknown"
"INDBANK.NS","INDBANK MERCHANT DS","Unknown","Unknown"
"PUNJABCHE.NS","PUNJAB CHEM & CR DS","Unknown","Unknown"
"SEJALGLAS.NS","SEJAL ARCHITECT","Unknown","Unknown"
"NAHARCAP.NS","NAHAR CAP & FIN DS","Unknown","Unknown"
"WSI.NS","W.S. INDUSTRIES DS","Unknown","Unknown"
"SURANAIND.NS","SURANA INDUSTRIE DS","Unknown","Unknown"
"ASIANTILE.NS","ASIAN GRANITO","Unknown","Unknown"
"CAMLIN.NS","CAMLIN DS","Unknown","Unknown"
"NAVINFLUO.NS","NAVIN FLUORINE DS","Unknown","Unknown"
"GLODYNE.NS","GLODYNE TECHNO","Unknown","Unknown"
"GOACARBON.NS","GOA CARBON DS","Unknown","Unknown"
"SATHAISPA.NS","SATHAVAHANA ISPA DS","Unknown","Unknown"
"TIIL.NS","TECHNOCRAFT IND DS","Unknown","Unknown"
"VALUEIND.NS","VALUE INDSTR","Unknown","Unknown"
"ALMONDZ.NS","ALMONDZ GLOBAL SEC","Unknown","Unknown"
"JCTEL.NS","JCT ELECTRONICS","Unknown","Unknown"
"AARVEEDEN.NS","AARVEE DENIMS DS","Unknown","Unknown"
"SGFL.NS","SHREE GANESH FRG DS","Unknown","Unknown"
"WEBELSOLA.NS","WEBEL-SL ENERGY DS","Unknown","Unknown"
"ASHCO.NS","ASHCO NIULAB","Unknown","Unknown"
"KALSTEELS.NS","KALYANI STEELS DS","Unknown","Unknown"
"BATLIBOI.NS","BATLIBOI","Unknown","Unknown"
"HIRECT.NS","HIND RECTIFIERS","Unknown","Unknown"
"ANIKINDS.NS","ANIK INDUSTRIES DS","Unknown","Unknown"
"JKIL.NS","J KUMAR INFRA","Unknown","Unknown"
"SIMBHSUGA.NS","SIMBHAOLI SUGARS DS","Unknown","Unknown"
"RAJRAYON.NS","RAJ RAYON DS","Unknown","Unknown"
"ZENITHBIR.NS","ZENITH BIRLA (I) DS","Unknown","Unknown"
"HERCULES.NS","HERCULES HOISTS DS","Unknown","Unknown"
"TINPLATE.NS","TINPLATE DS","Unknown","Unknown"
"BANCOINDI.NS","BANCO PRODUCTS","Unknown","Unknown"
"BANSWRAS.NS","BANSWARA SYNTEX DS","Unknown","Unknown"
"VIJSHAN.NS","VIJAY SHANTI BLD DS","Unknown","Unknown"
"TTL.NS","T T DS","Unknown","Unknown"
"GUJAPOLLO.NS","GUJ APOLLO IND DS","Unknown","Unknown"
"PITTILAM.NS","PITTI LAMINATION DS","Unknown","Unknown"
"JDORGOCHE.NS","JD ORGOCHEM","Unknown","Unknown"
"PARAL.NS","PAREKH ALUMINEX DS","Unknown","Unknown"
"MADHAV.NS","MADHAV MARBLES","Unknown","Unknown"
"PATINTLOG.NS","PATEL INTEGRATED DS","Unknown","Unknown"
"ELECTHERM.NS","ELECTROTHERM (I) DS","Unknown","Unknown"
"COREEMBLG.NS","CORE EMBALLAGE DS","Unknown","Unknown"
"NAGREEKEX.NS","NAGREEKA EXPORTS","Unknown","Unknown"
"BAJAJELEC.NS","BAJAJ ELECT DS","Unknown","Unknown"
"IGPL.NS","I G PETROCHEM DS","Unknown","Unknown"
"BCCL.NS","ADITYA BIRLA","Unknown","Unknown"
"SOFTTECHG.NS","SOFTWARE TEC DS","Unknown","Unknown"
"SABTN.NS","SRI ADHIKARI BR","Unknown","Unknown"
"SIL.NS","STANDARD INDS","Unknown","Unknown"
"WANBURY.NS","WANBURY DS","Unknown","Unknown"
"ORIENTPRE.NS","ORIENT PRESS DS","Unknown","Unknown"
"KOPDRUGS.NS","KDL BIOTECH DS","Unknown","Unknown"
"AROGRANIT.NS","ARO GRANITE INDS DS","Unknown","Unknown"
"SIYSIL.NS","SIYARAM SILK MIL DS","Unknown","Unknown"
"KMSUGAR.NS","K. M. SUGAR MILL DS","Unknown","Unknown"
"EXCELINDU.NS","EXCEL INDS DS","Unknown","Unknown"
"NESCO.NS","NESCO DS","Unknown","Unknown"
"JIKIND.NS","JIK INDS","Unknown","Unknown"
"GTNIND.NS","GTN INDUSTRIES DS","Unknown","Unknown"
"PDUMJEIND.NS","PUDUMJEE IND","Unknown","Unknown"
"ASIL.NS","AMIT SPINNING DS","Unknown","Unknown"
"GANDHITUB.NS","GANDHI SPL TUBE DS","Unknown","Unknown"
"TANTIACON.NS","TANTIA CONSTRUCT DS","Unknown","Unknown"
"BALAMINES.NS","BALAJI AMINES DS","Unknown","Unknown"
"DYNAMATEC.NS","DYNAMATIC TEC DS","Unknown","Unknown"
"INEABS.NS","INEOS ABS","Unknown","Unknown"
"GRABALALK.NS","GRABAL ALOK IMPE DS","Unknown","Unknown"
"DTIL.NS","DHUNSERI TEA DS","Unknown","Unknown"
"THEMISMED.NS","THEMIS MEDICARE DS","Unknown","Unknown"
"MURLIIND.NS","MURLI IND","Unknown","Unknown"
"NAGREEKCA.NS","NAGREEKA CAP","Unknown","Unknown"
"CHEMFALKA.NS","CHEMFAB ALKALIES DS","Unknown","Unknown"
"ASTRAZEN.NS","ASTRAZENECA PHAR DS","Unknown","Unknown"
"PIRGLASS.NS","PIRAMAL GLASS","Unknown","Unknown"
"PLASTIBLE.NS","PLASTIBLENDS IND DS","Unknown","Unknown"
"HONDAPOWE.NS","HONDA SIEL PWR DS","Unknown","Unknown"
"SRHHLINDS.NS","SRHHL INDUSTRIES DS","Unknown","Unknown"
"RAIREKMOH.NS","RAI SAHEB REKHCH DS","Unknown","Unknown"
"SURANACOR.NS","SURANA CORP DS","Unknown","Unknown"
"PEPL.NS","PEARL ENGG POLYM DS","Unknown","Unknown"
"MORARJETE.NS","MORARJEE TEXTILE DS","Unknown","Unknown"
"DECCANCE.NS","DECCAN CEMENTS DS","Unknown","Unknown"
"AURIONPRO.NS","AURIONPRO SOL DS","Unknown","Unknown"
"KESARENT.NS","KESAR ENTERPRISE DS","Unknown","Unknown"
"PANORAMUN.NS","PANORAMIC UNIVL DS","Unknown","Unknown"
"SBBJ.NS","ST BK OF BIKANER","Unknown","Unknown"
"GUJRAFFIA.NS","GUJARAT RAFFIA INDS","Unknown","Unknown"
"DOONVALLE.NS","DOON VALLEY RICE","Unknown","Unknown"
"AKARLAMIN.NS","AKAR LAMINATORS DS","Unknown","Unknown"
"INDOFREBI.NS","INDO-FRENCH BIO DS","Unknown","Unknown"
"KAMPERCON.NS","KAMPER CONCAST","Unknown","Unknown"
"GUJOPTICA.NS","GUJARAT OPTICAL DS","Unknown","Unknown"
"INDTRADEC.NS","IND TRA DECO DS","Unknown","Unknown"
"IGGIRESOR.NS","IGGI RESORTS INTL","Unknown","Unknown"
"PUNSUMIM.NS","PUNSUMI INDIA DS","Unknown","Unknown"
"NATHSEEDS.NS","NATH SEEDS DS","Unknown","Unknown"
"NOVAELEMA.NS","NOVA ELECTRO","Unknown","Unknown"
"GOODVALUE.NS","GOOD VALUE MKTG DS","Unknown","Unknown"
"JALANFORG.NS","JALAN FORGINGS","Unknown","Unknown"
"INDUNISSA.NS","INDU NISSAN OXO DS","Unknown","Unknown"
"TATIASKYL.NS","ASHRAM ONLINE.CO DS","Unknown","Unknown"
"GMSIND.NS","GMS COMPUTERS DS","Unknown","Unknown"
"LABHCONST.NS","LABH CONSTRUCTIO DS","Unknown","Unknown"
"TMTINDIA.NS","TMT (INDIA)","Unknown","Unknown"
"GORDONHER.NS","GORDON HERBERT DS","Unknown","Unknown"
"SQUAREDBI.NS","ORIGIN AGROSTAR DS","Unknown","Unknown"
"MANTRIHSG.NS","GLOBAL INF & TEC DS","Unknown","Unknown"
"MODERNMAL.NS","MODERN MALLEABLE DS","Unknown","Unknown"
"MADHURFOO.NS","MADHUR INDUST","Unknown","Unknown"
"SHARDATER.NS","SHARADHA TERRY","Unknown","Unknown"
"NOVAIRNST.NS","NOVA IRON & STL DS","Unknown","Unknown"
"DEWANTYRE.NS","DEWAN TYRES DS","Unknown","Unknown"
"PHOENXINT.NS","PHOENIX INTL DS","Unknown","Unknown"
"APPLECRED.NS","APPLE CREDIT DS","Unknown","Unknown"
"RAMGOPOLY.NS","RAMGOPAL POLYTEX DS","Unknown","Unknown"
"RINKIPETR.NS","MOTOROL ENTERPR DS","Unknown","Unknown"
"HERDIOXID.NS","OXIDES & SPEC DS","Unknown","Unknown"
"BANARBEAD.NS","BANARAS BEADS DS","Unknown","Unknown"
"BURRBROWN.NS","BURR-BROWN (I) DS","Unknown","Unknown"
"ETPCORP.NS","ETP CORPN DS","Unknown","Unknown"
"GUJCOTEX.NS","GUJ COTEX","Unknown","Unknown"
"PRUDMOULI.NS","PRUD SUGAR CORP DS","Unknown","Unknown"
"MSLIND.NS","MSL INDS DS","Unknown","Unknown"
"CYBERSPAC.NS","CYBERSPACE DS","Unknown","Unknown"
"ADITYASPI.NS","ADITYA SPINNERS DS","Unknown","Unknown"
"CAUVERSOF.NS","CAUVERY SOFTWARE DS","Unknown","Unknown"
"OSWALAGRO.NS","OSWAL AGRO MILLS DS","Unknown","Unknown"
"OSWALSPG.NS","OSWAL SPG & WVG DS","Unknown","Unknown"
"PENARSTEE.NS","PENNAR INDS DS","Unknown","Unknown"
"JAMNAUTO.NS","JAMNA AUTO IND DS","Unknown","Unknown"
"SAURASTPP.NS","SAURASHTRA PAPER","Unknown","Unknown"
"CCI.NS","CABLE CORP (I) DS","Unknown","Unknown"
"CORALFINA.NS","CORAL INDIA DS","Unknown","Unknown"
"CTCOTTON.NS","C.T. COTTON YARN DS","Unknown","Unknown"
"MIDINDIA.NS","MID INDIA INDS DS","Unknown","Unknown"
"PARASIND.NS","PARASRAMPURIA IND","Unknown","Unknown"
"INTEGENT.NS","INTEGRATED ENTRP DS","Unknown","Unknown"
"PENAPATSE.NS","PENNAR PATERSON","Unknown","Unknown"
"ALPICFIN.NS","ALPIC FINANCE DS","Unknown","Unknown"
"VIRAJALLO.NS","VIRAJ ALLOYS","Unknown","Unknown"
"SHRIMM.NS","TRANSTREAM INDIA DS","Unknown","Unknown"
"SATYAMCEM.NS","SHREEJI PHOSPH DS","Unknown","Unknown"
"PACIFICIN.NS","PACIFIC INDS","Unknown","Unknown"
"INDOZINC.NS","INDO ZINC","Unknown","Unknown"
"INERTIAIN.NS","MILLENNIUM BEER","Unknown","Unknown"
"TECILCHEM.NS","TECIL CHEM & HY PWR","Unknown","Unknown"
"NEPCAGRO.NS","NEPC AGRO FOODS DS","Unknown","Unknown"
"SBT.NS","ST BK OF TRAVANCORE","Unknown","Unknown"
"NOVASTEEL.NS","NOVA STEEL (I) DS","Unknown","Unknown"
"NIRAJPETR.NS","NIRAJ PETROCHEM DS","Unknown","Unknown"
"CONTNLCON.NS","CONTINENTAL CONS DS","Unknown","Unknown"
"HITECHIJE.NS","HITACHI JEWELLER DS","Unknown","Unknown"
"NIHONIRMA.NS","NIHON NIRMAAN DS","Unknown","Unknown"
"BAKELHYLA.NS","BAKELITE HYLAM DS","Unknown","Unknown"
"GSL.NS","GSL (INDIA)","Unknown","Unknown"
"NAMASTEXP.NS","NAMASTE EXPORTS DS","Unknown","Unknown"
"OPTELCOMM.NS","OPTEL TELECOMM DS","Unknown","Unknown"
"VIBRANTIN.NS","VIBRANT IVT & PROP","Unknown","Unknown"
"AEC.NS","AEC INDIA","Unknown","Unknown"
"AVONIND.NS","AVON INDS","Unknown","Unknown"
"SSLFINANC.NS","ARCHANA SOFTWARE DS","Unknown","Unknown"
"CHOKAINTL.NS","CHOKHANI INT'L","Unknown","Unknown"
"KARUNACAB.NS","KARUNA CABLES DS","Unknown","Unknown"
"DHARNENIN.NS","DHARNENDRA IND DS","Unknown","Unknown"
"CEPHAMILK.NS","CEPHAM MILK SPL DS","Unknown","Unknown"
"ATLANTSPG.NS","ATLANTIC SPG DS","Unknown","Unknown"
"KNDENGTEC.NS","KND ENGRG TECHNO","Unknown","Unknown"
"ENKTEXFOO.NS","ENKAY TEXOFOOD DS","Unknown","Unknown"
"GUJRATTEL.NS","GUJ TEL CABLES DS","Unknown","Unknown"
"ARIHANTCO.NS","ARIHANT COTSYN DS","Unknown","Unknown"
"ARUNASUGA.NS","ARUNA HOTELS DS","Unknown","Unknown"
"KESWANISY.NS","KESWANI SYN INDS DS","Unknown","Unknown"
"171501.NS","PITTIE CEM & IND","Unknown","Unknown"
