"Code","Symbol","Industry","Board"
"000001.SZ","深发展","Unknown","Unknown"
"000002.SZ","万科","Unknown","Unknown"
"000004.SZ","国农科技","Unknown","Unknown"
"000005.SZ","世纪星源","Unknown","Unknown"
"000006.SZ","深振业","Unknown","Unknown"
"000007.SZ","深零七","Unknown","Unknown"
"000008.SZ","宝利来","Unknown","Unknown"
"000009.SZ","中国宝安","Unknown","Unknown"
"000010.SZ","深华新","Unknown","Unknown"
"000011.SZ","深物业","Unknown","Unknown"
"000012.SZ","南玻集团","Unknown","Unknown"
"000014.SZ","沙河股份","Unknown","Unknown"
"000016.SZ","深康佳","Unknown","Unknown"
"000017.SZ","深中华","Unknown","Unknown"
"000018.SZ","深中冠","Unknown","Unknown"
"000019.SZ","深深宝","Unknown","Unknown"
"000020.SZ","深华发","Unknown","Unknown"
"000021.SZ","长城开发","Unknown","Unknown"
"000022.SZ","深赤湾","Unknown","Unknown"
"000023.SZ","深天地","Unknown","Unknown"
"000024.SZ","招商地产","Unknown","Unknown"
"000025.SZ","深特力","Unknown","Unknown"
"000026.SZ","飞亚达","Unknown","Unknown"
"000027.SZ","深圳能源","Unknown","Unknown"
"000028.SZ","一致药业","Unknown","Unknown"
"000029.SZ","深房集团","Unknown","Unknown"
"000030.SZ","盛润股份","Unknown","Unknown"
"000031.SZ","中粮地产","Unknown","Unknown"
"000032.SZ","深桑达","Unknown","Unknown"
"000033.SZ","新都酒店","Unknown","Unknown"
"000034.SZ","深信泰丰","Unknown","Unknown"
"000035.SZ","中科健","Unknown","Unknown"
"000036.SZ","华联控股","Unknown","Unknown"
"000037.SZ","深南电","Unknown","Unknown"
"000038.SZ","深大通","Unknown","Unknown"
"000039.SZ","中集集团","Unknown","Unknown"
"000040.SZ","深鸿基","Unknown","Unknown"
"000042.SZ","深长城","Unknown","Unknown"
"000043.SZ","中航地产","Unknown","Unknown"
"000045.SZ","深纺织","Unknown","Unknown"
"000046.SZ","泛海建设","Unknown","Unknown"
"000048.SZ","康达尔","Unknown","Unknown"
"000049.SZ","德赛电池","Unknown","Unknown"
"000050.SZ","天马","Unknown","Unknown"
"000053.SZ","深基地","Unknown","Unknown"
"000054.SZ","建设摩托","Unknown","Unknown"
"000055.SZ","方大集团","Unknown","Unknown"
"000056.SZ","深国商","Unknown","Unknown"
"000058.SZ","深赛格","Unknown","Unknown"
"000059.SZ","辽通化工","Unknown","Unknown"
"000060.SZ","中金岭南","Unknown","Unknown"
"000061.SZ","农产品","Unknown","Unknown"
"000062.SZ","深圳华强","Unknown","Unknown"
"000063.SZ","中兴通讯","Unknown","Unknown"
"000065.SZ","北方国际","Unknown","Unknown"
"000066.SZ","长城电脑","Unknown","Unknown"
"000068.SZ","赛格三星","Unknown","Unknown"
"000069.SZ","华侨城","Unknown","Unknown"
"000070.SZ","特发信息","Unknown","Unknown"
"000078.SZ","海王生物","Unknown","Unknown"
"000088.SZ","盐田港","Unknown","Unknown"
"000089.SZ","深圳机场","Unknown","Unknown"
"000090.SZ","深天健","Unknown","Unknown"
"000096.SZ","广聚能源","Unknown","Unknown"
"000099.SZ","中信海直","Unknown","Unknown"
"000100.SZ","TCL集团","Unknown","Unknown"
"000150.SZ","宜华地产","Unknown","Unknown"
"000151.SZ","中成股份","Unknown","Unknown"
"000152.SZ","山航Ｂ","Unknown","Unknown"
"000153.SZ","丰原药业","Unknown","Unknown"
"000155.SZ","川化股份","Unknown","Unknown"
"000156.SZ","嘉瑞新材","Unknown","Unknown"
"000157.SZ","中联重科","Unknown","Unknown"
"000158.SZ","常山股份","Unknown","Unknown"
"000159.SZ","国际实业","Unknown","Unknown"
"000160.SZ","大路股份","Unknown","Unknown"
"000168.SZ","雷伊","Unknown","Unknown"
"000301.SZ","东方市场","Unknown","Unknown"
"000338.SZ","潍柴动力","Unknown","Unknown"
"000400.SZ","许继电气","Unknown","Unknown"
"000401.SZ","冀东水泥","Unknown","Unknown"
"000402.SZ","金融街","Unknown","Unknown"
"000403.SZ","振兴生化","Unknown","Unknown"
"000404.SZ","华意压缩","Unknown","Unknown"
"000407.SZ","胜利股份","Unknown","Unknown"
"000408.SZ","玉源控股","Unknown","Unknown"
"000409.SZ","泰复实业","Unknown","Unknown"
"000410.SZ","沈阳机床","Unknown","Unknown"
"000411.SZ","英特集团","Unknown","Unknown"
"000413.SZ","宝石","Unknown","Unknown"
"000415.SZ","汇通集团","Unknown","Unknown"
"000416.SZ","民生投资","Unknown","Unknown"
"000417.SZ","合肥百货","Unknown","Unknown"
"000418.SZ","小天鹅","Unknown","Unknown"
"000419.SZ","通程控股","Unknown","Unknown"
"000420.SZ","吉林化纤","Unknown","Unknown"
"000421.SZ","南京中北","Unknown","Unknown"
"000422.SZ","湖北宜化","Unknown","Unknown"
"000423.SZ","东阿阿胶","Unknown","Unknown"
"000425.SZ","徐工机械","Unknown","Unknown"
"000426.SZ","富龙热电","Unknown","Unknown"
"000428.SZ","华天酒店","Unknown","Unknown"
"000429.SZ","粤高速","Unknown","Unknown"
"000430.SZ","张家界","Unknown","Unknown"
"000468.SZ","宁通信","Unknown","Unknown"
"000488.SZ","晨鸣纸业","Unknown","Unknown"
"000498.SZ","丹东化纤","Unknown","Unknown"
"000501.SZ","鄂武商","Unknown","Unknown"
"000502.SZ","绿景地产","Unknown","Unknown"
"000503.SZ","海虹控股","Unknown","Unknown"
"000504.SZ","赛迪传媒","Unknown","Unknown"
"000505.SZ","珠江控股","Unknown","Unknown"
"000506.SZ","中润投资","Unknown","Unknown"
"000507.SZ","粤富华","Unknown","Unknown"
"000509.SZ","华塑控股","Unknown","Unknown"
"000510.SZ","金路集团","Unknown","Unknown"
"000511.SZ","银基发展","Unknown","Unknown"
"000512.SZ","闽灿坤","Unknown","Unknown"
"000513.SZ","丽珠集团","Unknown","Unknown"
"000514.SZ","渝开发","Unknown","Unknown"
"000516.SZ","开元控股","Unknown","Unknown"
"000517.SZ","荣安地产","Unknown","Unknown"
"000518.SZ","四环生物","Unknown","Unknown"
"000519.SZ","银河动力","Unknown","Unknown"
"000520.SZ","长航凤凰","Unknown","Unknown"
"000521.SZ","美菱电器","Unknown","Unknown"
"000522.SZ","白云山","Unknown","Unknown"
"000523.SZ","广州浪奇","Unknown","Unknown"
"000524.SZ","东方宾馆","Unknown","Unknown"
"000525.SZ","红太阳","Unknown","Unknown"
"000526.SZ","旭飞投资","Unknown","Unknown"
"000527.SZ","美的电器","Unknown","Unknown"
"000528.SZ","柳工","Unknown","Unknown"
"000529.SZ","广弘控股","Unknown","Unknown"
"000530.SZ","大冷股份","Unknown","Unknown"
"000531.SZ","穗恒运","Unknown","Unknown"
"000532.SZ","力合股份","Unknown","Unknown"
"000533.SZ","万家乐","Unknown","Unknown"
"000534.SZ","万泽股份","Unknown","Unknown"
"000536.SZ","华映科技","Unknown","Unknown"
"000537.SZ","广宇发展","Unknown","Unknown"
"000538.SZ","云南白药","Unknown","Unknown"
"000539.SZ","粤电力","Unknown","Unknown"
"000540.SZ","中天城投","Unknown","Unknown"
"000541.SZ","佛山照明","Unknown","Unknown"
"000543.SZ","皖能电力","Unknown","Unknown"
"000544.SZ","中原环保","Unknown","Unknown"
"000545.SZ","吉林制药","Unknown","Unknown"
"000546.SZ","光华控股","Unknown","Unknown"
"000547.SZ","神州学人","Unknown","Unknown"
"000548.SZ","湖南投资","Unknown","Unknown"
"000550.SZ","江铃汽车","Unknown","Unknown"
"000551.SZ","创元科技","Unknown","Unknown"
"000552.SZ","靖远煤电","Unknown","Unknown"
"000553.SZ","沙隆达","Unknown","Unknown"
"000554.SZ","泰山石油","Unknown","Unknown"
"000555.SZ","太光电信","Unknown","Unknown"
"000557.SZ","银广夏","Unknown","Unknown"
"000558.SZ","莱茵置业","Unknown","Unknown"
"000559.SZ","万向钱潮","Unknown","Unknown"
"000560.SZ","昆百大","Unknown","Unknown"
"000561.SZ","烽火电子","Unknown","Unknown"
"000562.SZ","宏源证券","Unknown","Unknown"
"000563.SZ","陕国投","Unknown","Unknown"
"000564.SZ","西安民生","Unknown","Unknown"
"000565.SZ","渝三峡","Unknown","Unknown"
"000566.SZ","海南海药","Unknown","Unknown"
"000567.SZ","海德股份","Unknown","Unknown"
"000568.SZ","泸州老窖","Unknown","Unknown"
"000570.SZ","苏常柴","Unknown","Unknown"
"000571.SZ","新大洲A","Unknown","Unknown"
"000572.SZ","海马股份","Unknown","Unknown"
"000573.SZ","粤宏远","Unknown","Unknown"
"000576.SZ","广东甘化","Unknown","Unknown"
"000578.SZ","盐湖集团","Unknown","Unknown"
"000581.SZ","威孚高科","Unknown","Unknown"
"000582.SZ","北海港","Unknown","Unknown"
"000584.SZ","友利控股","Unknown","Unknown"
"000585.SZ","东北电气","Unknown","Unknown"
"000586.SZ","汇源通信","Unknown","Unknown"
"000587.SZ","光明家具","Unknown","Unknown"
"000589.SZ","黔轮胎","Unknown","Unknown"
"000590.SZ","紫光古汉","Unknown","Unknown"
"000591.SZ","桐君阁","Unknown","Unknown"
"000592.SZ","中福实业","Unknown","Unknown"
"000593.SZ","大通燃气","Unknown","Unknown"
"000594.SZ","国恒铁路","Unknown","Unknown"
"000595.SZ","西北轴承","Unknown","Unknown"
"000596.SZ","古井贡酒","Unknown","Unknown"
"000597.SZ","东北制药","Unknown","Unknown"
"000598.SZ","兴蓉投资","Unknown","Unknown"
"000599.SZ","青岛双星","Unknown","Unknown"
"000600.SZ","建投能源","Unknown","Unknown"
"000601.SZ","韶能股份","Unknown","Unknown"
"000602.SZ","金马集团","Unknown","Unknown"
"000603.SZ","威达医械","Unknown","Unknown"
"000605.SZ","四环药业","Unknown","Unknown"
"000606.SZ","青海明胶","Unknown","Unknown"
"000607.SZ","华立药业","Unknown","Unknown"
"000608.SZ","阳光股份","Unknown","Unknown"
"000609.SZ","绵世股份","Unknown","Unknown"
"000610.SZ","西安旅游","Unknown","Unknown"
"000611.SZ","时代科技","Unknown","Unknown"
"000612.SZ","焦作万方","Unknown","Unknown"
"000613.SZ","大东海","Unknown","Unknown"
"000615.SZ","湖北金环","Unknown","Unknown"
"000616.SZ","亿城股份","Unknown","Unknown"
"000617.SZ","石油济柴","Unknown","Unknown"
"000619.SZ","海螺型材","Unknown","Unknown"
"000620.SZ","圣方科技","Unknown","Unknown"
"000622.SZ","岳阳恒立","Unknown","Unknown"
"000623.SZ","吉林敖东","Unknown","Unknown"
"000625.SZ","长安汽车","Unknown","Unknown"
"000626.SZ","如意集团","Unknown","Unknown"
"000627.SZ","天茂集团","Unknown","Unknown"
"000628.SZ","高新发展","Unknown","Unknown"
"000629.SZ","攀钢钒钛","Unknown","Unknown"
"000630.SZ","铜陵有色","Unknown","Unknown"
"000631.SZ","顺发恒业","Unknown","Unknown"
"000632.SZ","三木集团","Unknown","Unknown"
"000633.SZ","合金投资","Unknown","Unknown"
"000635.SZ","英力特","Unknown","Unknown"
"000636.SZ","风华高科","Unknown","Unknown"
"000637.SZ","茂化实华","Unknown","Unknown"
"000638.SZ","万方地产","Unknown","Unknown"
"000639.SZ","金德发展","Unknown","Unknown"
"000650.SZ","仁和药业","Unknown","Unknown"
"000651.SZ","格力电器","Unknown","Unknown"
"000652.SZ","泰达股份","Unknown","Unknown"
"000655.SZ","金岭矿业","Unknown","Unknown"
"000656.SZ","重庆东源","Unknown","Unknown"
"000657.SZ","中钨高新","Unknown","Unknown"
"000659.SZ","珠海中富","Unknown","Unknown"
"000661.SZ","长春高新","Unknown","Unknown"
"000662.SZ","索芙特","Unknown","Unknown"
"000663.SZ","永安林业","Unknown","Unknown"
"000665.SZ","武汉塑料","Unknown","Unknown"
"000666.SZ","经纬纺机","Unknown","Unknown"
"000667.SZ","名流置业","Unknown","Unknown"
"000668.SZ","荣丰控股","Unknown","Unknown"
"000669.SZ","领先科技","Unknown","Unknown"
"000670.SZ","舜元地产","Unknown","Unknown"
"000671.SZ","阳光城","Unknown","Unknown"
"000672.SZ","铜城集团","Unknown","Unknown"
"000673.SZ","大同水泥","Unknown","Unknown"
"000676.SZ","思达高科","Unknown","Unknown"
"000677.SZ","山东海龙","Unknown","Unknown"
"000678.SZ","襄阳轴承","Unknown","Unknown"
"000679.SZ","大连友谊","Unknown","Unknown"
"000680.SZ","山推股份","Unknown","Unknown"
"000681.SZ","远东股份","Unknown","Unknown"
"000682.SZ","东方电子","Unknown","Unknown"
"000683.SZ","远兴能源","Unknown","Unknown"
"000685.SZ","中山公用","Unknown","Unknown"
"000686.SZ","东北证券","Unknown","Unknown"
"000687.SZ","保定天鹅","Unknown","Unknown"
"000688.SZ","朝华科技","Unknown","Unknown"
"000690.SZ","宝新能源","Unknown","Unknown"
"000691.SZ","亚太实业","Unknown","Unknown"
"000692.SZ","惠天热电","Unknown","Unknown"
"000693.SZ","聚友网络","Unknown","Unknown"
"000695.SZ","滨海能源","Unknown","Unknown"
"000697.SZ","咸阳偏转","Unknown","Unknown"
"000698.SZ","沈阳化工","Unknown","Unknown"
"000700.SZ","模塑科技","Unknown","Unknown"
"000701.SZ","厦门信达","Unknown","Unknown"
"000702.SZ","正虹科技","Unknown","Unknown"
"000703.SZ","世纪光华","Unknown","Unknown"
"000705.SZ","浙江震元","Unknown","Unknown"
"000706.SZ","瓦轴","Unknown","Unknown"
"000707.SZ","双环科技","Unknown","Unknown"
"000708.SZ","大冶特钢","Unknown","Unknown"
"000709.SZ","河北钢铁","Unknown","Unknown"
"000710.SZ","天兴仪表","Unknown","Unknown"
"000711.SZ","天伦置业","Unknown","Unknown"
"000712.SZ","锦龙股份","Unknown","Unknown"
"000713.SZ","丰乐种业","Unknown","Unknown"
"000715.SZ","中兴商业","Unknown","Unknown"
"000716.SZ","南方食品","Unknown","Unknown"
"000717.SZ","韶钢松山","Unknown","Unknown"
"000718.SZ","苏宁环球","Unknown","Unknown"
"000719.SZ","焦作鑫安","Unknown","Unknown"
"000720.SZ","新能泰山","Unknown","Unknown"
"000721.SZ","西安饮食","Unknown","Unknown"
"000722.SZ","金果实业","Unknown","Unknown"
"000723.SZ","美锦能源","Unknown","Unknown"
"000725.SZ","京东方","Unknown","Unknown"
"000726.SZ","鲁泰","Unknown","Unknown"
"000727.SZ","华东科技","Unknown","Unknown"
"000728.SZ","国元证券","Unknown","Unknown"
"000729.SZ","燕京啤酒","Unknown","Unknown"
"000731.SZ","四川美丰","Unknown","Unknown"
"000732.SZ","福建三农","Unknown","Unknown"
"000733.SZ","振华科技","Unknown","Unknown"
"000735.SZ","罗牛山","Unknown","Unknown"
"000736.SZ","重庆实业","Unknown","Unknown"
"000737.SZ","南风化工","Unknown","Unknown"
"000738.SZ","中航动控","Unknown","Unknown"
"000739.SZ","普洛股份","Unknown","Unknown"
"000748.SZ","长城信息","Unknown","Unknown"
"000750.SZ","桂林集琦","Unknown","Unknown"
"000751.SZ","锌业股份","Unknown","Unknown"
"000752.SZ","西藏发展","Unknown","Unknown"
"000753.SZ","漳州发展","Unknown","Unknown"
"000755.SZ","山西三维","Unknown","Unknown"
"000756.SZ","新华制药","Unknown","Unknown"
"000757.SZ","方向光电","Unknown","Unknown"
"000758.SZ","中色股份","Unknown","Unknown"
"000759.SZ","武汉中百","Unknown","Unknown"
"000760.SZ","博盈投资","Unknown","Unknown"
"000761.SZ","本钢板材","Unknown","Unknown"
"000762.SZ","西藏矿业","Unknown","Unknown"
"000766.SZ","通化金马","Unknown","Unknown"
"000767.SZ","漳泽电力","Unknown","Unknown"
"000768.SZ","西飞国际","Unknown","Unknown"
"000770.SZ","武锅","Unknown","Unknown"
"000771.SZ","杭汽轮","Unknown","Unknown"
"000776.SZ","广发证券","Unknown","Unknown"
"000777.SZ","中核科技","Unknown","Unknown"
"000778.SZ","新兴铸管","Unknown","Unknown"
"000779.SZ","三毛派神","Unknown","Unknown"
"000780.SZ","平庄能源","Unknown","Unknown"
"000782.SZ","美达股份","Unknown","Unknown"
"000783.SZ","长江证券","Unknown","Unknown"
"000785.SZ","武汉中商","Unknown","Unknown"
"000786.SZ","北新建材","Unknown","Unknown"
"000787.SZ","创智科技","Unknown","Unknown"
"000788.SZ","西南合成","Unknown","Unknown"
"000789.SZ","江西水泥","Unknown","Unknown"
"000790.SZ","华神集团","Unknown","Unknown"
"000791.SZ","西北化工","Unknown","Unknown"
"000792.SZ","盐湖钾肥","Unknown","Unknown"
"000793.SZ","华闻传媒","Unknown","Unknown"
"000795.SZ","太原刚玉","Unknown","Unknown"
"000796.SZ","宝商集团","Unknown","Unknown"
"000797.SZ","中国武夷","Unknown","Unknown"
"000798.SZ","中水渔业","Unknown","Unknown"
"000799.SZ","湘酒鬼","Unknown","Unknown"
"000800.SZ","一汽轿车","Unknown","Unknown"
"000801.SZ","四川湖山","Unknown","Unknown"
"000802.SZ","北京旅游","Unknown","Unknown"
"000803.SZ","金宇车城","Unknown","Unknown"
"000805.SZ","炎黄物流","Unknown","Unknown"
"000806.SZ","银河科技","Unknown","Unknown"
"000807.SZ","云铝股份","Unknown","Unknown"
"000809.SZ","中汇医药","Unknown","Unknown"
"000810.SZ","华润锦华","Unknown","Unknown"
"000811.SZ","烟台冰轮","Unknown","Unknown"
"000812.SZ","陕西金叶","Unknown","Unknown"
"000813.SZ","天山纺织","Unknown","Unknown"
"000815.SZ","美利纸业","Unknown","Unknown"
"000816.SZ","江淮动力","Unknown","Unknown"
"000818.SZ","锦化氯碱","Unknown","Unknown"
"000819.SZ","岳阳兴长","Unknown","Unknown"
"000820.SZ","金城股份","Unknown","Unknown"
"000821.SZ","京山轻机","Unknown","Unknown"
"000822.SZ","山东海化","Unknown","Unknown"
"000823.SZ","超声电子","Unknown","Unknown"
"000825.SZ","太钢不锈","Unknown","Unknown"
"000826.SZ","桑德环境","Unknown","Unknown"
"000828.SZ","东莞控股","Unknown","Unknown"
"000829.SZ","天音控股","Unknown","Unknown"
"000830.SZ","鲁西化工","Unknown","Unknown"
"000831.SZ","关铝股份","Unknown","Unknown"
"000833.SZ","贵糖股份","Unknown","Unknown"
"000835.SZ","四川圣达","Unknown","Unknown"
"000836.SZ","鑫茂科技","Unknown","Unknown"
"000837.SZ","秦川发展","Unknown","Unknown"
"000838.SZ","国兴地产","Unknown","Unknown"
"000839.SZ","中信国安","Unknown","Unknown"
"000848.SZ","承德露露","Unknown","Unknown"
"000850.SZ","华茂股份","Unknown","Unknown"
"000851.SZ","高鸿股份","Unknown","Unknown"
"000852.SZ","江钻股份","Unknown","Unknown"
"000856.SZ","唐山陶瓷","Unknown","Unknown"
"000858.SZ","五粮液","Unknown","Unknown"
"000859.SZ","国风塑业","Unknown","Unknown"
"000860.SZ","顺鑫农业","Unknown","Unknown"
"000861.SZ","海印股份","Unknown","Unknown"
"000862.SZ","银星能源","Unknown","Unknown"
"000863.SZ","和光商务","Unknown","Unknown"
"000868.SZ","安凯客车","Unknown","Unknown"
"000869.SZ","张裕","Unknown","Unknown"
"000875.SZ","吉电股份","Unknown","Unknown"
"000876.SZ","新希望","Unknown","Unknown"
"000877.SZ","天山股份","Unknown","Unknown"
"000878.SZ","云南铜业","Unknown","Unknown"
"000880.SZ","潍柴重机","Unknown","Unknown"
"000881.SZ","大连国际","Unknown","Unknown"
"000882.SZ","华联股份","Unknown","Unknown"
"000883.SZ","三环股份","Unknown","Unknown"
"000885.SZ","同力水泥","Unknown","Unknown"
"000886.SZ","海南高速","Unknown","Unknown"
"000887.SZ","中鼎股份","Unknown","Unknown"
"000888.SZ","峨眉山","Unknown","Unknown"
"000889.SZ","渤海物流","Unknown","Unknown"
"000890.SZ","法尔胜","Unknown","Unknown"
"000892.SZ","星美联合","Unknown","Unknown"
"000893.SZ","东凌粮油","Unknown","Unknown"
"000895.SZ","双汇发展","Unknown","Unknown"
"000897.SZ","津滨发展","Unknown","Unknown"
"000898.SZ","鞍钢股份","Unknown","Unknown"
"000899.SZ","赣能股份","Unknown","Unknown"
"000900.SZ","现代投资","Unknown","Unknown"
"000901.SZ","航天科技","Unknown","Unknown"
"000902.SZ","中国服装","Unknown","Unknown"
"000903.SZ","云内动力","Unknown","Unknown"
"000905.SZ","厦门港务","Unknown","Unknown"
"000906.SZ","南方建材","Unknown","Unknown"
"000908.SZ","天一科技","Unknown","Unknown"
"000909.SZ","数源科技","Unknown","Unknown"
"000910.SZ","大亚科技","Unknown","Unknown"
"000911.SZ","南宁糖业","Unknown","Unknown"
"000912.SZ","泸天化","Unknown","Unknown"
"000913.SZ","钱江摩托","Unknown","Unknown"
"000915.SZ","山大华特","Unknown","Unknown"
"000916.SZ","华北高速","Unknown","Unknown"
"000917.SZ","电广传媒","Unknown","Unknown"
"000918.SZ","嘉凯城","Unknown","Unknown"
"000919.SZ","金陵药业","Unknown","Unknown"
"000920.SZ","南方汇通","Unknown","Unknown"
"000921.SZ","海信科龙","Unknown","Unknown"
"000922.SZ","阿继电器","Unknown","Unknown"
"000923.SZ","河北宣工","Unknown","Unknown"
"000925.SZ","众合机电","Unknown","Unknown"
"000926.SZ","福星股份","Unknown","Unknown"
"000927.SZ","一汽夏利","Unknown","Unknown"
"000928.SZ","中钢吉炭","Unknown","Unknown"
"000929.SZ","兰州黄河","Unknown","Unknown"
"000930.SZ","丰原生化","Unknown","Unknown"
"000931.SZ","中关村","Unknown","Unknown"
"000932.SZ","华菱钢铁","Unknown","Unknown"
"000933.SZ","神火股份","Unknown","Unknown"
"000935.SZ","四川双马","Unknown","Unknown"
"000936.SZ","华西村","Unknown","Unknown"
"000937.SZ","冀中能源","Unknown","Unknown"
"000938.SZ","紫光股份","Unknown","Unknown"
"000939.SZ","凯迪电力","Unknown","Unknown"
"000948.SZ","南天信息","Unknown","Unknown"
"000949.SZ","新乡化纤","Unknown","Unknown"
"000950.SZ","建峰化工","Unknown","Unknown"
"000951.SZ","中国重汽","Unknown","Unknown"
"000952.SZ","广济药业","Unknown","Unknown"
"000953.SZ","河池化工","Unknown","Unknown"
"000955.SZ","欣龙控股","Unknown","Unknown"
"000957.SZ","中通客车","Unknown","Unknown"
"000958.SZ","东方热电","Unknown","Unknown"
"000959.SZ","首钢股份","Unknown","Unknown"
"000960.SZ","锡业股份","Unknown","Unknown"
"000961.SZ","中南建设","Unknown","Unknown"
"000962.SZ","东方钽业","Unknown","Unknown"
"000963.SZ","华东医药","Unknown","Unknown"
"000965.SZ","天保基建","Unknown","Unknown"
"000966.SZ","长源电力","Unknown","Unknown"
"000967.SZ","上风高科","Unknown","Unknown"
"000968.SZ","煤气化","Unknown","Unknown"
"000969.SZ","安泰科技","Unknown","Unknown"
"000970.SZ","中科三环","Unknown","Unknown"
"000971.SZ","湖北迈亚","Unknown","Unknown"
"000972.SZ","新中基","Unknown","Unknown"
"000973.SZ","佛塑股份","Unknown","Unknown"
"000975.SZ","科学城","Unknown","Unknown"
"000976.SZ","春晖股份","Unknown","Unknown"
"000977.SZ","浪潮信息","Unknown","Unknown"
"000978.SZ","桂林旅游","Unknown","Unknown"
"000979.SZ","中弘地产","Unknown","Unknown"
"000980.SZ","金马股份","Unknown","Unknown"
"000981.SZ","兰光科技","Unknown","Unknown"
"000982.SZ","中银绒业","Unknown","Unknown"
"000983.SZ","西山煤电","Unknown","Unknown"
"000985.SZ","大庆华科","Unknown","Unknown"
"000986.SZ","粤华包","Unknown","Unknown"
"000987.SZ","广州友谊","Unknown","Unknown"
"000988.SZ","华工科技","Unknown","Unknown"
"000989.SZ","九芝堂","Unknown","Unknown"
"000990.SZ","诚志股份","Unknown","Unknown"
"000992.SZ","中鲁股份","Unknown","Unknown"
"000993.SZ","闽东电力","Unknown","Unknown"
"000995.SZ","皇台酒业","Unknown","Unknown"
"000996.SZ","中国中期","Unknown","Unknown"
"000997.SZ","新大陆","Unknown","Unknown"
"000998.SZ","隆平高科","Unknown","Unknown"
"000999.SZ","华润三九","Unknown","Unknown"
"001696.SZ","宗申动力","Unknown","Unknown"
"001896.SZ","豫能控股","Unknown","Unknown"
"002001.SZ","新和成","Unknown","Unknown"
"002002.SZ","江苏琼花","Unknown","Unknown"
"002003.SZ","伟星股份","Unknown","Unknown"
"002004.SZ","华邦制药","Unknown","Unknown"
"002005.SZ","德豪润达","Unknown","Unknown"
"002006.SZ","精功科技","Unknown","Unknown"
"002007.SZ","华兰生物","Unknown","Unknown"
"002008.SZ","大族激光","Unknown","Unknown"
"002009.SZ","天奇股份","Unknown","Unknown"
"002010.SZ","传化股份","Unknown","Unknown"
"002011.SZ","盾安环境","Unknown","Unknown"
"002012.SZ","凯恩股份","Unknown","Unknown"
"002013.SZ","中航精机","Unknown","Unknown"
"002014.SZ","永新股份","Unknown","Unknown"
"002015.SZ","霞客环保","Unknown","Unknown"
"002016.SZ","世荣兆业","Unknown","Unknown"
"002017.SZ","东信和平","Unknown","Unknown"
"002018.SZ","华星化工","Unknown","Unknown"
"002019.SZ","鑫富药业","Unknown","Unknown"
"002020.SZ","京新药业","Unknown","Unknown"
"002021.SZ","中捷股份","Unknown","Unknown"
"002022.SZ","科华生物","Unknown","Unknown"
"002023.SZ","海特高新","Unknown","Unknown"
"002024.SZ","苏宁电器","Unknown","Unknown"
"002025.SZ","航天电器","Unknown","Unknown"
"002026.SZ","山东威达","Unknown","Unknown"
"002027.SZ","七喜控股","Unknown","Unknown"
"002028.SZ","思源电气","Unknown","Unknown"
"002029.SZ","七匹狼","Unknown","Unknown"
"002030.SZ","达安基因","Unknown","Unknown"
"002031.SZ","巨轮股份","Unknown","Unknown"
"002032.SZ","苏泊尔","Unknown","Unknown"
"002033.SZ","丽江旅游","Unknown","Unknown"
"002034.SZ","美欣达","Unknown","Unknown"
"002035.SZ","华帝股份","Unknown","Unknown"
"002036.SZ","宜科科技","Unknown","Unknown"
"002037.SZ","久联发展","Unknown","Unknown"
"002038.SZ","双鹭药业","Unknown","Unknown"
"002039.SZ","黔源电力","Unknown","Unknown"
"002040.SZ","南京港","Unknown","Unknown"
"002041.SZ","登海种业","Unknown","Unknown"
"002042.SZ","华孚色纺","Unknown","Unknown"
"002043.SZ","兔宝宝","Unknown","Unknown"
"002044.SZ","江苏三友","Unknown","Unknown"
"002045.SZ","广州国光","Unknown","Unknown"
"002046.SZ","轴研科技","Unknown","Unknown"
"002047.SZ","成霖股份","Unknown","Unknown"
"002048.SZ","宁波华翔","Unknown","Unknown"
"002049.SZ","晶源电子","Unknown","Unknown"
"002050.SZ","三花股份","Unknown","Unknown"
"002051.SZ","中工国际","Unknown","Unknown"
"002052.SZ","同洲电子","Unknown","Unknown"
"002053.SZ","云南盐化","Unknown","Unknown"
"002054.SZ","德美化工","Unknown","Unknown"
"002055.SZ","得润电子","Unknown","Unknown"
"002056.SZ","横店东磁","Unknown","Unknown"
"002057.SZ","中钢天源","Unknown","Unknown"
"002058.SZ","威尔泰","Unknown","Unknown"
"002059.SZ","世博股份","Unknown","Unknown"
"002060.SZ","粤水电","Unknown","Unknown"
"002061.SZ","江山化工","Unknown","Unknown"
"002062.SZ","宏润建设","Unknown","Unknown"
"002063.SZ","远光软件","Unknown","Unknown"
"002064.SZ","华峰氨纶","Unknown","Unknown"
"002065.SZ","东华软件","Unknown","Unknown"
"002066.SZ","瑞泰科技","Unknown","Unknown"
"002067.SZ","景兴纸业","Unknown","Unknown"
"002068.SZ","黑猫股份","Unknown","Unknown"
"002069.SZ","獐子岛","Unknown","Unknown"
"002070.SZ","众和股份","Unknown","Unknown"
"002071.SZ","江苏宏宝","Unknown","Unknown"
"002072.SZ","德棉股份","Unknown","Unknown"
"002073.SZ","软控股份","Unknown","Unknown"
"002074.SZ","东源电器","Unknown","Unknown"
"002075.SZ","高新张铜","Unknown","Unknown"
"002076.SZ","雪莱特","Unknown","Unknown"
"002077.SZ","大港股份","Unknown","Unknown"
"002078.SZ","太阳纸业","Unknown","Unknown"
"002079.SZ","苏州固锝","Unknown","Unknown"
"002080.SZ","中材科技","Unknown","Unknown"
"002081.SZ","金螳螂","Unknown","Unknown"
"002082.SZ","栋梁新材","Unknown","Unknown"
"002083.SZ","孚日股份","Unknown","Unknown"
"002084.SZ","海鸥卫浴","Unknown","Unknown"
"002085.SZ","万丰奥威","Unknown","Unknown"
"002086.SZ","东方海洋","Unknown","Unknown"
"002087.SZ","新野纺织","Unknown","Unknown"
"002088.SZ","鲁阳股份","Unknown","Unknown"
"002089.SZ","新海宜","Unknown","Unknown"
"002090.SZ","金智科技","Unknown","Unknown"
"002091.SZ","江苏国泰","Unknown","Unknown"
"002092.SZ","中泰化学","Unknown","Unknown"
"002093.SZ","国脉科技","Unknown","Unknown"
"002094.SZ","青岛金王","Unknown","Unknown"
"002095.SZ","生意宝","Unknown","Unknown"
"002096.SZ","南岭民爆","Unknown","Unknown"
"002097.SZ","山河智能","Unknown","Unknown"
"002098.SZ","浔兴股份","Unknown","Unknown"
"002099.SZ","海翔药业","Unknown","Unknown"
"002100.SZ","天康生物","Unknown","Unknown"
"002101.SZ","广东鸿图","Unknown","Unknown"
"002102.SZ","冠福家用","Unknown","Unknown"
"002103.SZ","广博股份","Unknown","Unknown"
"002104.SZ","恒宝股份","Unknown","Unknown"
"002105.SZ","信隆实业","Unknown","Unknown"
"002106.SZ","莱宝高科","Unknown","Unknown"
"002107.SZ","沃华医药","Unknown","Unknown"
"002108.SZ","沧州明珠","Unknown","Unknown"
"002109.SZ","兴化股份","Unknown","Unknown"
"002110.SZ","三钢闽光","Unknown","Unknown"
"002111.SZ","威海广泰","Unknown","Unknown"
"002112.SZ","三变科技","Unknown","Unknown"
"002113.SZ","天润发展","Unknown","Unknown"
"002114.SZ","罗平锌电","Unknown","Unknown"
"002115.SZ","三维通信","Unknown","Unknown"
"002116.SZ","中国海诚","Unknown","Unknown"
"002117.SZ","东港股份","Unknown","Unknown"
"002118.SZ","紫鑫药业","Unknown","Unknown"
"002119.SZ","康强电子","Unknown","Unknown"
"002120.SZ","新海股份","Unknown","Unknown"
"002121.SZ","科陆电子","Unknown","Unknown"
"002122.SZ","天马股份","Unknown","Unknown"
"002123.SZ","荣信股份","Unknown","Unknown"
"002124.SZ","天邦股份","Unknown","Unknown"
"002125.SZ","湘潭电化","Unknown","Unknown"
"002126.SZ","银轮股份","Unknown","Unknown"
"002127.SZ","新民科技","Unknown","Unknown"
"002128.SZ","露天煤业","Unknown","Unknown"
"002129.SZ","中环股份","Unknown","Unknown"
"002130.SZ","沃尔核材","Unknown","Unknown"
"002131.SZ","利欧股份","Unknown","Unknown"
"002132.SZ","恒星科技","Unknown","Unknown"
"002133.SZ","广宇集团","Unknown","Unknown"
"002134.SZ","天津普林","Unknown","Unknown"
"002135.SZ","东南网架","Unknown","Unknown"
"002136.SZ","安纳达","Unknown","Unknown"
"002137.SZ","实益达","Unknown","Unknown"
"002138.SZ","顺络电子","Unknown","Unknown"
"002139.SZ","拓邦股份","Unknown","Unknown"
"002140.SZ","东华科技","Unknown","Unknown"
"002141.SZ","蓉胜超微","Unknown","Unknown"
"002142.SZ","宁波银行","Unknown","Unknown"
"002143.SZ","高金食品","Unknown","Unknown"
"002144.SZ","宏达经编","Unknown","Unknown"
"002145.SZ","中核钛白","Unknown","Unknown"
"002146.SZ","荣盛发展","Unknown","Unknown"
"002147.SZ","方圆支承","Unknown","Unknown"
"002148.SZ","北纬通信","Unknown","Unknown"
"002149.SZ","西部材料","Unknown","Unknown"
"002150.SZ","江苏通润","Unknown","Unknown"
"002151.SZ","北斗星通","Unknown","Unknown"
"002152.SZ","广电运通","Unknown","Unknown"
"002153.SZ","石基信息","Unknown","Unknown"
"002154.SZ","报喜鸟","Unknown","Unknown"
"002155.SZ","辰州矿业","Unknown","Unknown"
"002156.SZ","通富微电","Unknown","Unknown"
"002157.SZ","正邦科技","Unknown","Unknown"
"002158.SZ","汉钟精机","Unknown","Unknown"
"002159.SZ","三特索道","Unknown","Unknown"
"002160.SZ","常铝股份","Unknown","Unknown"
"002161.SZ","远望谷","Unknown","Unknown"
"002162.SZ","斯米克","Unknown","Unknown"
"002163.SZ","中航三鑫","Unknown","Unknown"
"002164.SZ","东力传动","Unknown","Unknown"
"002165.SZ","红宝丽","Unknown","Unknown"
"002166.SZ","莱茵生物","Unknown","Unknown"
"002167.SZ","东方锆业","Unknown","Unknown"
"002168.SZ","深圳惠程","Unknown","Unknown"
"002169.SZ","智光电气","Unknown","Unknown"
"002170.SZ","芭田股份","Unknown","Unknown"
"002171.SZ","精诚铜业","Unknown","Unknown"
"002172.SZ","澳洋科技","Unknown","Unknown"
"002173.SZ","山下湖","Unknown","Unknown"
"002174.SZ","梅花伞","Unknown","Unknown"
"002175.SZ","广陆数测","Unknown","Unknown"
"002176.SZ","江特电机","Unknown","Unknown"
"002177.SZ","御银股份","Unknown","Unknown"
"002178.SZ","延华智能","Unknown","Unknown"
"002179.SZ","中航光电","Unknown","Unknown"
"002180.SZ","万力达","Unknown","Unknown"
"002181.SZ","粤传媒","Unknown","Unknown"
"002182.SZ","云海金属","Unknown","Unknown"
"002183.SZ","怡亚通","Unknown","Unknown"
"002184.SZ","海得控制","Unknown","Unknown"
"002185.SZ","华天科技","Unknown","Unknown"
"002186.SZ","全聚德","Unknown","Unknown"
"002187.SZ","广百股份","Unknown","Unknown"
"002188.SZ","新嘉联","Unknown","Unknown"
"002189.SZ","利达光电","Unknown","Unknown"
"002190.SZ","成飞集成","Unknown","Unknown"
"002191.SZ","劲嘉股份","Unknown","Unknown"
"002192.SZ","路翔股份","Unknown","Unknown"
"002193.SZ","山东如意","Unknown","Unknown"
"002194.SZ","武汉凡谷","Unknown","Unknown"
"002195.SZ","海隆软件","Unknown","Unknown"
"002196.SZ","方正电机","Unknown","Unknown"
"002197.SZ","证通电子","Unknown","Unknown"
"002198.SZ","嘉应制药","Unknown","Unknown"
"002199.SZ","东晶电子","Unknown","Unknown"
"002200.SZ","绿大地","Unknown","Unknown"
"002201.SZ","九鼎新材","Unknown","Unknown"
"002202.SZ","金风科技","Unknown","Unknown"
"002203.SZ","海亮股份","Unknown","Unknown"
"002204.SZ","华锐铸钢","Unknown","Unknown"
"002205.SZ","国统股份","Unknown","Unknown"
"002206.SZ","海利得","Unknown","Unknown"
"002207.SZ","准油股份","Unknown","Unknown"
"002208.SZ","合肥城建","Unknown","Unknown"
"002209.SZ","达意隆","Unknown","Unknown"
"002210.SZ","飞马国际","Unknown","Unknown"
"002211.SZ","宏达新材","Unknown","Unknown"
"002212.SZ","南洋股份","Unknown","Unknown"
"002213.SZ","特尔佳","Unknown","Unknown"
"002214.SZ","大立科技","Unknown","Unknown"
"002215.SZ","诺普信","Unknown","Unknown"
"002216.SZ","三全食品","Unknown","Unknown"
"002217.SZ","联合化工","Unknown","Unknown"
"002218.SZ","拓日新能","Unknown","Unknown"
"002219.SZ","独一味","Unknown","Unknown"
"002220.SZ","天宝股份","Unknown","Unknown"
"002221.SZ","东华能源","Unknown","Unknown"
"002222.SZ","福晶科技","Unknown","Unknown"
"002223.SZ","鱼跃医疗","Unknown","Unknown"
"002224.SZ","三力士","Unknown","Unknown"
"002225.SZ","濮耐股份","Unknown","Unknown"
"002226.SZ","江南化工","Unknown","Unknown"
"002227.SZ","奥特迅","Unknown","Unknown"
"002228.SZ","合兴包装","Unknown","Unknown"
"002229.SZ","鸿博股份","Unknown","Unknown"
"002230.SZ","科大讯飞","Unknown","Unknown"
"002231.SZ","奥维通信","Unknown","Unknown"
"002232.SZ","启明信息","Unknown","Unknown"
"002233.SZ","塔牌集团","Unknown","Unknown"
"002234.SZ","民和股份","Unknown","Unknown"
"002235.SZ","安妮股份","Unknown","Unknown"
"002236.SZ","大华股份","Unknown","Unknown"
"002237.SZ","恒邦股份","Unknown","Unknown"
"002238.SZ","天威视讯","Unknown","Unknown"
"002239.SZ","金飞达","Unknown","Unknown"
"002240.SZ","威华股份","Unknown","Unknown"
"002241.SZ","歌尔声学","Unknown","Unknown"
"002242.SZ","九阳股份","Unknown","Unknown"
"002243.SZ","通产丽星","Unknown","Unknown"
"002244.SZ","滨江集团","Unknown","Unknown"
"002245.SZ","澳洋顺昌","Unknown","Unknown"
"002246.SZ","北化股份","Unknown","Unknown"
"002247.SZ","帝龙新材","Unknown","Unknown"
"002248.SZ","华东数控","Unknown","Unknown"
"002249.SZ","大洋电机","Unknown","Unknown"
"002250.SZ","联化科技","Unknown","Unknown"
"002251.SZ","步步高","Unknown","Unknown"
"002252.SZ","上海莱士","Unknown","Unknown"
"002253.SZ","川大智胜","Unknown","Unknown"
"002254.SZ","烟台氨纶","Unknown","Unknown"
"002255.SZ","海陆重工","Unknown","Unknown"
"002256.SZ","彩虹精化","Unknown","Unknown"
"002258.SZ","利尔化学","Unknown","Unknown"
"002259.SZ","升达林业","Unknown","Unknown"
"002260.SZ","伊立浦","Unknown","Unknown"
"002261.SZ","拓维信息","Unknown","Unknown"
"002262.SZ","恩华药业","Unknown","Unknown"
"002263.SZ","大东南","Unknown","Unknown"
"002264.SZ","新华都","Unknown","Unknown"
"002265.SZ","西仪股份","Unknown","Unknown"
"002266.SZ","浙富股份","Unknown","Unknown"
"002267.SZ","陕天然气","Unknown","Unknown"
"002268.SZ","卫士通","Unknown","Unknown"
"002269.SZ","美邦服饰","Unknown","Unknown"
"002270.SZ","法因数控","Unknown","Unknown"
"002271.SZ","东方雨虹","Unknown","Unknown"
"002272.SZ","川润股份","Unknown","Unknown"
"002273.SZ","水晶光电","Unknown","Unknown"
"002274.SZ","华昌化工","Unknown","Unknown"
"002275.SZ","桂林三金","Unknown","Unknown"
"002276.SZ","万马电缆","Unknown","Unknown"
"002277.SZ","阿波罗","Unknown","Unknown"
"002278.SZ","神开股份","Unknown","Unknown"
"002279.SZ","久其软件","Unknown","Unknown"
"002280.SZ","新世纪","Unknown","Unknown"
"002281.SZ","光迅科技","Unknown","Unknown"
"002282.SZ","博深工具","Unknown","Unknown"
"002283.SZ","天润曲轴","Unknown","Unknown"
"002284.SZ","亚太股份","Unknown","Unknown"
"002285.SZ","世联地产","Unknown","Unknown"
"002286.SZ","保龄宝","Unknown","Unknown"
"002287.SZ","奇正藏药","Unknown","Unknown"
"002288.SZ","超华科技","Unknown","Unknown"
"002289.SZ","宇顺电子","Unknown","Unknown"
"002290.SZ","禾盛新材","Unknown","Unknown"
"002291.SZ","星期六","Unknown","Unknown"
"002292.SZ","奥飞动漫","Unknown","Unknown"
"002293.SZ","罗莱家纺","Unknown","Unknown"
"002294.SZ","信立泰","Unknown","Unknown"
"002295.SZ","精艺股份","Unknown","Unknown"
"002296.SZ","辉煌科技","Unknown","Unknown"
"002297.SZ","博云新材","Unknown","Unknown"
"002298.SZ","鑫龙电器","Unknown","Unknown"
"002299.SZ","圣农发展","Unknown","Unknown"
"002300.SZ","太阳电缆","Unknown","Unknown"
"002301.SZ","齐心文具","Unknown","Unknown"
"002302.SZ","西部建设","Unknown","Unknown"
"002303.SZ","美盈森","Unknown","Unknown"
"002304.SZ","洋河股份","Unknown","Unknown"
"002305.SZ","南国置业","Unknown","Unknown"
"002306.SZ","湘鄂情","Unknown","Unknown"
"002307.SZ","北新路桥","Unknown","Unknown"
"002308.SZ","威创股份","Unknown","Unknown"
"002309.SZ","中利科技","Unknown","Unknown"
"002310.SZ","东方园林","Unknown","Unknown"
"002311.SZ","海大集团","Unknown","Unknown"
"002312.SZ","三泰电子","Unknown","Unknown"
"002313.SZ","日海通讯","Unknown","Unknown"
"002314.SZ","雅致股份","Unknown","Unknown"
"002315.SZ","焦点科技","Unknown","Unknown"
"002316.SZ","键桥通讯","Unknown","Unknown"
"002317.SZ","众生药业","Unknown","Unknown"
"002318.SZ","久立特材","Unknown","Unknown"
"002319.SZ","乐通股份","Unknown","Unknown"
"002320.SZ","海峡股份","Unknown","Unknown"
"002321.SZ","华英农业","Unknown","Unknown"
"002322.SZ","理工监测","Unknown","Unknown"
"002323.SZ","中联电气","Unknown","Unknown"
"002324.SZ","普利特","Unknown","Unknown"
"002325.SZ","洪涛股份","Unknown","Unknown"
"002326.SZ","永太科技","Unknown","Unknown"
"002327.SZ","富安娜","Unknown","Unknown"
"002328.SZ","新朋股份","Unknown","Unknown"
"002329.SZ","皇氏乳业","Unknown","Unknown"
"002330.SZ","得利斯","Unknown","Unknown"
"002331.SZ","皖通科技","Unknown","Unknown"
"002332.SZ","仙琚制药","Unknown","Unknown"
"002333.SZ","罗普斯金","Unknown","Unknown"
"002334.SZ","英威腾","Unknown","Unknown"
"002335.SZ","科华恒盛","Unknown","Unknown"
"002336.SZ","人人乐","Unknown","Unknown"
"002337.SZ","赛象科技","Unknown","Unknown"
"002338.SZ","奥普光电","Unknown","Unknown"
"002339.SZ","积成电子","Unknown","Unknown"
"002340.SZ","格林美","Unknown","Unknown"
"002341.SZ","新纶科技","Unknown","Unknown"
"002342.SZ","巨力索具","Unknown","Unknown"
"002343.SZ","禾欣股份","Unknown","Unknown"
"002344.SZ","海宁皮城","Unknown","Unknown"
"002345.SZ","潮宏基","Unknown","Unknown"
"002346.SZ","柘中建设","Unknown","Unknown"
"002347.SZ","泰尔重工","Unknown","Unknown"
"002348.SZ","高乐股份","Unknown","Unknown"
"002349.SZ","精华制药","Unknown","Unknown"
"002350.SZ","北京科锐","Unknown","Unknown"
"002351.SZ","漫步者","Unknown","Unknown"
"002352.SZ","鼎泰新材","Unknown","Unknown"
"002353.SZ","杰瑞股份","Unknown","Unknown"
"002354.SZ","科冕木业","Unknown","Unknown"
"002355.SZ","兴民钢圈","Unknown","Unknown"
"002356.SZ","浩宁达","Unknown","Unknown"
"002357.SZ","富临运业","Unknown","Unknown"
"002358.SZ","森源电气","Unknown","Unknown"
"002359.SZ","齐星铁塔","Unknown","Unknown"
"002360.SZ","同德化工","Unknown","Unknown"
"002361.SZ","神剑股份","Unknown","Unknown"
"002362.SZ","汉王科技","Unknown","Unknown"
"002363.SZ","隆基机械","Unknown","Unknown"
"002364.SZ","中恒电气","Unknown","Unknown"
"002365.SZ","永安药业","Unknown","Unknown"
"002366.SZ","丹甫股份","Unknown","Unknown"
"002367.SZ","康力电梯","Unknown","Unknown"
"002368.SZ","太极股份","Unknown","Unknown"
"002369.SZ","卓翼科技","Unknown","Unknown"
"002370.SZ","亚太药业","Unknown","Unknown"
"002371.SZ","七星电子","Unknown","Unknown"
"002372.SZ","伟星新材","Unknown","Unknown"
"002373.SZ","联信永益","Unknown","Unknown"
"002374.SZ","丽鹏股份","Unknown","Unknown"
"002375.SZ","亚厦股份","Unknown","Unknown"
"002376.SZ","新北洋","Unknown","Unknown"
"002377.SZ","国创高新","Unknown","Unknown"
"002378.SZ","章源钨业","Unknown","Unknown"
"002379.SZ","鲁丰股份","Unknown","Unknown"
"002380.SZ","科远股份","Unknown","Unknown"
"002381.SZ","双箭股份","Unknown","Unknown"
"002382.SZ","蓝帆股份","Unknown","Unknown"
"002383.SZ","合众思壮","Unknown","Unknown"
"002384.SZ","东山精密","Unknown","Unknown"
"002385.SZ","大北农","Unknown","Unknown"
"002386.SZ","天原集团","Unknown","Unknown"
"002387.SZ","黑牛食品","Unknown","Unknown"
"002388.SZ","新亚制程","Unknown","Unknown"
"002389.SZ","南洋科技","Unknown","Unknown"
"002390.SZ","信邦制药","Unknown","Unknown"
"002391.SZ","长青股份","Unknown","Unknown"
"002392.SZ","北京利尔","Unknown","Unknown"
"002393.SZ","力生制药","Unknown","Unknown"
"002394.SZ","联发股份","Unknown","Unknown"
"002395.SZ","双象股份","Unknown","Unknown"
"002396.SZ","星网锐捷","Unknown","Unknown"
"002397.SZ","梦洁家纺","Unknown","Unknown"
"002398.SZ","建研集团","Unknown","Unknown"
"002399.SZ","海普瑞","Unknown","Unknown"
"002400.SZ","省广股份","Unknown","Unknown"
"002401.SZ","交技发展","Unknown","Unknown"
"002402.SZ","和而泰","Unknown","Unknown"
"002403.SZ","爱仕达","Unknown","Unknown"
"002404.SZ","嘉欣丝绸","Unknown","Unknown"
"002405.SZ","四维图新","Unknown","Unknown"
"002406.SZ","远东传动","Unknown","Unknown"
"002407.SZ","多氟多","Unknown","Unknown"
"002408.SZ","齐翔腾达","Unknown","Unknown"
"002409.SZ","雅克科技","Unknown","Unknown"
"002410.SZ","广联达","Unknown","Unknown"
"002411.SZ","九九久","Unknown","Unknown"
"002412.SZ","汉森制药","Unknown","Unknown"
"002413.SZ","常发股份","Unknown","Unknown"
"002414.SZ","高德红外","Unknown","Unknown"
"002415.SZ","海康威视","Unknown","Unknown"
"002416.SZ","爱施德","Unknown","Unknown"
"002417.SZ","三元达","Unknown","Unknown"
"002418.SZ","康盛股份","Unknown","Unknown"
"002419.SZ","天虹商场","Unknown","Unknown"
"002420.SZ","毅昌股份","Unknown","Unknown"
"002421.SZ","达实智能","Unknown","Unknown"
"002422.SZ","科伦药业","Unknown","Unknown"
"002423.SZ","中原特钢","Unknown","Unknown"
"002424.SZ","贵州百灵","Unknown","Unknown"
"002425.SZ","凯撒股份","Unknown","Unknown"
"002426.SZ","胜利精密","Unknown","Unknown"
"002427.SZ","尤夫股份","Unknown","Unknown"
"002428.SZ","云南锗业","Unknown","Unknown"
"002429.SZ","兆驰股份","Unknown","Unknown"
"002430.SZ","杭氧股份","Unknown","Unknown"
"002431.SZ","棕榈园林","Unknown","Unknown"
"002432.SZ","九安医疗","Unknown","Unknown"
"002433.SZ","皮宝制药","Unknown","Unknown"
"002434.SZ","万里扬","Unknown","Unknown"
"002435.SZ","长江润发","Unknown","Unknown"
"002436.SZ","兴森科技","Unknown","Unknown"
"002437.SZ","誉衡药业","Unknown","Unknown"
"002438.SZ","江苏神通","Unknown","Unknown"
"002439.SZ","启明星辰","Unknown","Unknown"
"002440.SZ","闰土股份","Unknown","Unknown"
"002441.SZ","众业达","Unknown","Unknown"
"002442.SZ","龙星化工","Unknown","Unknown"
"002443.SZ","金洲管道","Unknown","Unknown"
"002444.SZ","巨星科技","Unknown","Unknown"
"002445.SZ","中南重工","Unknown","Unknown"
"002446.SZ","盛路通信","Unknown","Unknown"
"002447.SZ","壹桥苗业","Unknown","Unknown"
"002448.SZ","中原内配","Unknown","Unknown"
"002449.SZ","国星光电","Unknown","Unknown"
"002450.SZ","KANGDEX","Unknown","Unknown"
"002451.SZ","摩恩电气","Unknown","Unknown"
"002452.SZ","长高集团","Unknown","Unknown"
"002453.SZ","天马精化","Unknown","Unknown"
"002454.SZ","松芝股份","Unknown","Unknown"
"300001.SZ","特锐德","Unknown","Unknown"
"300002.SZ","神州泰岳","Unknown","Unknown"
"300003.SZ","乐普医疗","Unknown","Unknown"
"300004.SZ","南方风机","Unknown","Unknown"
"300005.SZ","探路者","Unknown","Unknown"
"300006.SZ","莱美药业","Unknown","Unknown"
"300007.SZ","汉威电子","Unknown","Unknown"
"300008.SZ","上海佳豪","Unknown","Unknown"
"300009.SZ","安科生物","Unknown","Unknown"
"300010.SZ","立思辰","Unknown","Unknown"
"300011.SZ","鼎汉技术","Unknown","Unknown"
"300012.SZ","华测检测","Unknown","Unknown"
"300013.SZ","新宁物流","Unknown","Unknown"
"300014.SZ","亿纬锂能","Unknown","Unknown"
"300015.SZ","爱尔眼科","Unknown","Unknown"
"300016.SZ","北陆药业","Unknown","Unknown"
"300017.SZ","网宿科技","Unknown","Unknown"
"300018.SZ","中元华电","Unknown","Unknown"
"300019.SZ","硅宝科技","Unknown","Unknown"
"300020.SZ","银江股份","Unknown","Unknown"
"300021.SZ","大禹节水","Unknown","Unknown"
"300022.SZ","吉峰农机","Unknown","Unknown"
"300023.SZ","宝德股份","Unknown","Unknown"
"300024.SZ","机器人","Unknown","Unknown"
"300025.SZ","华星创业","Unknown","Unknown"
"300026.SZ","红日药业","Unknown","Unknown"
"300027.SZ","华谊兄弟","Unknown","Unknown"
"300028.SZ","金亚科技","Unknown","Unknown"
"300029.SZ","天龙光电","Unknown","Unknown"
"300030.SZ","阳普医疗","Unknown","Unknown"
"300031.SZ","宝通带业","Unknown","Unknown"
"300032.SZ","金龙机电","Unknown","Unknown"
"300033.SZ","同花顺","Unknown","Unknown"
"300034.SZ","钢研高纳","Unknown","Unknown"
"300035.SZ","中科电气","Unknown","Unknown"
"300036.SZ","超图软件","Unknown","Unknown"
"300037.SZ","新宙邦","Unknown","Unknown"
"300038.SZ","梅泰诺","Unknown","Unknown"
"300039.SZ","上海凯宝","Unknown","Unknown"
"300040.SZ","九洲电气","Unknown","Unknown"
"300041.SZ","回天胶业","Unknown","Unknown"
"300042.SZ","朗科科技","Unknown","Unknown"
"300043.SZ","星辉车模","Unknown","Unknown"
"300044.SZ","赛为智能","Unknown","Unknown"
"300045.SZ","华力创通","Unknown","Unknown"
"300046.SZ","台基股份","Unknown","Unknown"
"300047.SZ","天源迪科","Unknown","Unknown"
"300048.SZ","合康变频","Unknown","Unknown"
"300049.SZ","福瑞股份","Unknown","Unknown"
"300050.SZ","世纪鼎利","Unknown","Unknown"
"300051.SZ","三五互联","Unknown","Unknown"
"300052.SZ","中青宝","Unknown","Unknown"
"300053.SZ","欧比特","Unknown","Unknown"
"300054.SZ","鼎龙股份","Unknown","Unknown"
"300055.SZ","万邦达","Unknown","Unknown"
"300056.SZ","三维丝","Unknown","Unknown"
"300057.SZ","万顺股份","Unknown","Unknown"
"300058.SZ","蓝色光标","Unknown","Unknown"
"300059.SZ","东方财富","Unknown","Unknown"
"300061.SZ","康耐特","Unknown","Unknown"
"300062.SZ","中能电气","Unknown","Unknown"
"300063.SZ","天龙集团","Unknown","Unknown"
"300064.SZ","豫金刚石","Unknown","Unknown"
"300065.SZ","海兰信","Unknown","Unknown"
"300066.SZ","三川股份","Unknown","Unknown"
"300067.SZ","安诺其","Unknown","Unknown"
"300068.SZ","南都电源","Unknown","Unknown"
"300069.SZ","金利华电","Unknown","Unknown"
"300070.SZ","碧水源","Unknown","Unknown"
"300071.SZ","华谊嘉信","Unknown","Unknown"
"300072.SZ","三聚环保","Unknown","Unknown"
"300073.SZ","当升科技","Unknown","Unknown"
"300074.SZ","华平股份","Unknown","Unknown"
"300075.SZ","数字政通","Unknown","Unknown"
"300076.SZ","宁波GQY","Unknown","Unknown"
"300077.SZ","国民技术","Unknown","Unknown"
"300078.SZ","中瑞思创","Unknown","Unknown"
"300079.SZ","数码视讯","Unknown","Unknown"
"300080.SZ","新大新材","Unknown","Unknown"
"300081.SZ","恒信移动","Unknown","Unknown"
"300082.SZ","奥克股份","Unknown","Unknown"
"300083.SZ","劲胜股份","Unknown","Unknown"
"300084.SZ","海默科技","Unknown","Unknown"
"300085.SZ","银之杰","Unknown","Unknown"
"300086.SZ","康芝药业","Unknown","Unknown"
"300087.SZ","荃银高科","Unknown","Unknown"
"300088.SZ","长信科技","Unknown","Unknown"
"300089.SZ","长城集团","Unknown","Unknown"
"300090.SZ","盛运股份","Unknown","Unknown"
"300091.SZ","金通灵","Unknown","Unknown"
"300092.SZ","科新机电","Unknown","Unknown"
"300093.SZ","金刚玻璃","Unknown","Unknown"
"300094.SZ","国联水产","Unknown","Unknown"
"600000.SS","浦发银行","Unknown","Unknown"
"600004.SS","白云机场","Unknown","Unknown"
"600005.SS","武钢股份","Unknown","Unknown"
"600006.SS","东风汽车","Unknown","Unknown"
"600007.SS","中国国贸","Unknown","Unknown"
"600008.SS","首创股份","Unknown","Unknown"
"600009.SS","上海机场","Unknown","Unknown"
"600010.SS","包钢股份","Unknown","Unknown"
"600011.SS","华能国际","Unknown","Unknown"
"600012.SS","皖通高速","Unknown","Unknown"
"600015.SS","华夏银行","Unknown","Unknown"
"600016.SS","民生银行","Unknown","Unknown"
"600017.SS","日照港","Unknown","Unknown"
"600018.SS","上港集团","Unknown","Unknown"
"600019.SS","宝钢股份","Unknown","Unknown"
"600020.SS","中原高速","Unknown","Unknown"
"600021.SS","上海电力","Unknown","Unknown"
"600022.SS","济南钢铁","Unknown","Unknown"
"600026.SS","中海发展","Unknown","Unknown"
"600027.SS","华电国际","Unknown","Unknown"
"600028.SS","中国石化","Unknown","Unknown"
"600029.SS","南方航空","Unknown","Unknown"
"600030.SS","中信证券","Unknown","Unknown"
"600031.SS","三一重工","Unknown","Unknown"
"600033.SS","福建高速","Unknown","Unknown"
"600035.SS","楚天高速","Unknown","Unknown"
"600036.SS","招商银行","Unknown","Unknown"
"600037.SS","歌华有线","Unknown","Unknown"
"600038.SS","哈飞股份","Unknown","Unknown"
"600039.SS","四川路桥","Unknown","Unknown"
"600048.SS","保利地产","Unknown","Unknown"
"600050.SS","中国联通","Unknown","Unknown"
"600051.SS","宁波联合","Unknown","Unknown"
"600052.SS","浙江广厦","Unknown","Unknown"
"600053.SS","中江地产","Unknown","Unknown"
"600054.SS","黄山旅游","Unknown","Unknown"
"600055.SS","万东医疗","Unknown","Unknown"
"600056.SS","中国医药","Unknown","Unknown"
"600058.SS","五矿发展","Unknown","Unknown"
"600059.SS","古越龙山","Unknown","Unknown"
"600060.SS","海信电器","Unknown","Unknown"
"600061.SS","中纺投资","Unknown","Unknown"
"600062.SS","双鹤药业","Unknown","Unknown"
"600063.SS","皖维高新","Unknown","Unknown"
"600064.SS","南京高科","Unknown","Unknown"
"600066.SS","宇通客车","Unknown","Unknown"
"600067.SS","冠城大通","Unknown","Unknown"
"600068.SS","葛洲坝","Unknown","Unknown"
"600069.SS","银鸽投资","Unknown","Unknown"
"600070.SS","浙江富润","Unknown","Unknown"
"600071.SS","凤凰光学","Unknown","Unknown"
"600072.SS","中船股份","Unknown","Unknown"
"600073.SS","上海梅林","Unknown","Unknown"
"600074.SS","中达股份","Unknown","Unknown"
"600075.SS","新疆天业","Unknown","Unknown"
"600076.SS","ST华光","Unknown","Unknown"
"600077.SS","*ST百科","Unknown","Unknown"
"600078.SS","澄星股份","Unknown","Unknown"
"600079.SS","人福医药","Unknown","Unknown"
"600080.SS","*ST金花","Unknown","Unknown"
"600081.SS","东风科技","Unknown","Unknown"
"600082.SS","海泰发展","Unknown","Unknown"
"600083.SS","ST博信","Unknown","Unknown"
"600084.SS","*ST中葡","Unknown","Unknown"
"600085.SS","同仁堂","Unknown","Unknown"
"600086.SS","东方金钰","Unknown","Unknown"
"600087.SS","长航油运","Unknown","Unknown"
"600088.SS","中视传媒","Unknown","Unknown"
"600089.SS","特变电工","Unknown","Unknown"
"600090.SS","啤酒花","Unknown","Unknown"
"600091.SS","*ST明科","Unknown","Unknown"
"600093.SS","禾嘉股份","Unknown","Unknown"
"600095.SS","哈高科","Unknown","Unknown"
"600096.SS","云天化","Unknown","Unknown"
"600097.SS","开创国际","Unknown","Unknown"
"600098.SS","广州控股","Unknown","Unknown"
"600099.SS","林海股份","Unknown","Unknown"
"600100.SS","同方股份","Unknown","Unknown"
"600101.SS","明星电力","Unknown","Unknown"
"600102.SS","莱钢股份","Unknown","Unknown"
"600103.SS","青山纸业","Unknown","Unknown"
"600104.SS","上海汽车","Unknown","Unknown"
"600105.SS","永鼎股份","Unknown","Unknown"
"600106.SS","重庆路桥","Unknown","Unknown"
"600107.SS","美尔雅","Unknown","Unknown"
"600108.SS","亚盛集团","Unknown","Unknown"
"600109.SS","国金证券","Unknown","Unknown"
"600110.SS","中科英华","Unknown","Unknown"
"600111.SS","包钢稀土","Unknown","Unknown"
"600112.SS","长征电气","Unknown","Unknown"
"600113.SS","浙江东日","Unknown","Unknown"
"600114.SS","东睦股份","Unknown","Unknown"
"600115.SS","东方航空","Unknown","Unknown"
"600116.SS","三峡水利","Unknown","Unknown"
"600117.SS","西宁特钢","Unknown","Unknown"
"600118.SS","中国卫星","Unknown","Unknown"
"600119.SS","长江投资","Unknown","Unknown"
"600120.SS","浙江东方","Unknown","Unknown"
"600121.SS","郑州煤电","Unknown","Unknown"
"600122.SS","宏图高科","Unknown","Unknown"
"600123.SS","兰花科创","Unknown","Unknown"
"600125.SS","铁龙物流","Unknown","Unknown"
"600126.SS","杭钢股份","Unknown","Unknown"
"600127.SS","金健米业","Unknown","Unknown"
"600128.SS","弘业股份","Unknown","Unknown"
"600129.SS","太极集团","Unknown","Unknown"
"600130.SS","ST波导","Unknown","Unknown"
"600131.SS","*ST岷电","Unknown","Unknown"
"600132.SS","重庆啤酒","Unknown","Unknown"
"600133.SS","东湖高新","Unknown","Unknown"
"600135.SS","乐凯胶片","Unknown","Unknown"
"600136.SS","道博股份","Unknown","Unknown"
"600137.SS","浪莎股份","Unknown","Unknown"
"600138.SS","中青旅","Unknown","Unknown"
"600139.SS","西部资源","Unknown","Unknown"
"600141.SS","兴发集团","Unknown","Unknown"
"600143.SS","金发科技","Unknown","Unknown"
"600145.SS","*ST四维","Unknown","Unknown"
"600146.SS","大元股份","Unknown","Unknown"
"600148.SS","长春一东","Unknown","Unknown"
"600149.SS","*ST建通","Unknown","Unknown"
"600150.SS","中国船舶","Unknown","Unknown"
"600151.SS","航天机电","Unknown","Unknown"
"600152.SS","维科精华","Unknown","Unknown"
"600153.SS","建发股份","Unknown","Unknown"
"600155.SS","*ST宝硕","Unknown","Unknown"
"600156.SS","华升股份","Unknown","Unknown"
"600157.SS","鲁润股份","Unknown","Unknown"
"600158.SS","中体产业","Unknown","Unknown"
"600159.SS","大龙地产","Unknown","Unknown"
"600160.SS","巨化股份","Unknown","Unknown"
"600161.SS","天坛生物","Unknown","Unknown"
"600162.SS","香江控股","Unknown","Unknown"
"600163.SS","福建南纸","Unknown","Unknown"
"600165.SS","宁夏恒力","Unknown","Unknown"
"600166.SS","福田汽车","Unknown","Unknown"
"600167.SS","联美控股","Unknown","Unknown"
"600168.SS","武汉控股","Unknown","Unknown"
"600169.SS","太原重工","Unknown","Unknown"
"600170.SS","上海建工","Unknown","Unknown"
"600171.SS","上海贝岭","Unknown","Unknown"
"600172.SS","黄河旋风","Unknown","Unknown"
"600173.SS","卧龙地产","Unknown","Unknown"
"600175.SS","美都控股","Unknown","Unknown"
"600176.SS","中国玻纤","Unknown","Unknown"
"600177.SS","雅戈尔","Unknown","Unknown"
"600178.SS","东安动力","Unknown","Unknown"
"600179.SS","*ST黑化","Unknown","Unknown"
"600180.SS","*ST九发","Unknown","Unknown"
"600182.SS","S佳通","Unknown","Unknown"
"600183.SS","生益科技","Unknown","Unknown"
"600184.SS","新华光","Unknown","Unknown"
"600185.SS","格力地产","Unknown","Unknown"
"600186.SS","莲花味精","Unknown","Unknown"
"600187.SS","ST国中","Unknown","Unknown"
"600188.SS","兖州煤业","Unknown","Unknown"
"600189.SS","吉林森工","Unknown","Unknown"
"600190.SS","锦州港","Unknown","Unknown"
"600191.SS","华资实业","Unknown","Unknown"
"600192.SS","长城电工","Unknown","Unknown"
"600193.SS","创兴置业","Unknown","Unknown"
"600195.SS","中牧股份","Unknown","Unknown"
"600196.SS","复星医药","Unknown","Unknown"
"600197.SS","伊力特","Unknown","Unknown"
"600198.SS","大唐电信","Unknown","Unknown"
"600199.SS","金种子酒","Unknown","Unknown"
"600200.SS","江苏吴中","Unknown","Unknown"
"600201.SS","金宇集团","Unknown","Unknown"
"600202.SS","哈空调","Unknown","Unknown"
"600203.SS","福日电子","Unknown","Unknown"
"600206.SS","有研硅股","Unknown","Unknown"
"600207.SS","ST安彩","Unknown","Unknown"
"600208.SS","新湖中宝","Unknown","Unknown"
"600209.SS","*ST罗顿","Unknown","Unknown"
"600210.SS","紫江企业","Unknown","Unknown"
"600211.SS","西藏药业","Unknown","Unknown"
"600212.SS","江泉实业","Unknown","Unknown"
"600213.SS","亚星客车","Unknown","Unknown"
"600215.SS","长春经开","Unknown","Unknown"
"600216.SS","浙江医药","Unknown","Unknown"
"600217.SS","*ST秦岭","Unknown","Unknown"
"600218.SS","全柴动力","Unknown","Unknown"
"600219.SS","南山铝业","Unknown","Unknown"
"600220.SS","江苏阳光","Unknown","Unknown"
"600221.SS","海南航空","Unknown","Unknown"
"600222.SS","太龙药业","Unknown","Unknown"
"600223.SS","鲁商置业","Unknown","Unknown"
"600225.SS","天津松江","Unknown","Unknown"
"600226.SS","升华拜克","Unknown","Unknown"
"600227.SS","赤天化","Unknown","Unknown"
"600228.SS","昌九生化","Unknown","Unknown"
"600229.SS","青岛碱业","Unknown","Unknown"
"600230.SS","沧州大化","Unknown","Unknown"
"600231.SS","凌钢股份","Unknown","Unknown"
"600232.SS","金鹰股份","Unknown","Unknown"
"600233.SS","大杨创世","Unknown","Unknown"
"600234.SS","ST天龙","Unknown","Unknown"
"600235.SS","民丰特纸","Unknown","Unknown"
"600236.SS","桂冠电力","Unknown","Unknown"
"600237.SS","铜峰电子","Unknown","Unknown"
"600238.SS","海南椰岛","Unknown","Unknown"
"600239.SS","云南城投","Unknown","Unknown"
"600240.SS","华业地产","Unknown","Unknown"
"600241.SS","时代万恒","Unknown","Unknown"
"600242.SS","ST华龙","Unknown","Unknown"
"600243.SS","青海华鼎","Unknown","Unknown"
"600246.SS","万通地产","Unknown","Unknown"
"600247.SS","成城股份","Unknown","Unknown"
"600248.SS","延长化建","Unknown","Unknown"
"600249.SS","两面针","Unknown","Unknown"
"600250.SS","南纺股份","Unknown","Unknown"
"600251.SS","冠农股份","Unknown","Unknown"
"600252.SS","中恒集团","Unknown","Unknown"
"600253.SS","天方药业","Unknown","Unknown"
"600255.SS","鑫科材料","Unknown","Unknown"
"600256.SS","广汇股份","Unknown","Unknown"
"600257.SS","大湖股份","Unknown","Unknown"
"600258.SS","首旅股份","Unknown","Unknown"
"600259.SS","广晟有色","Unknown","Unknown"
"600260.SS","凯乐科技","Unknown","Unknown"
"600261.SS","浙江阳光","Unknown","Unknown"
"600262.SS","北方股份","Unknown","Unknown"
"600263.SS","路桥建设","Unknown","Unknown"
"600265.SS","景谷林业","Unknown","Unknown"
"600266.SS","北京城建","Unknown","Unknown"
"600267.SS","海正药业","Unknown","Unknown"
"600268.SS","国电南自","Unknown","Unknown"
"600269.SS","赣粤高速","Unknown","Unknown"
"600270.SS","外运发展","Unknown","Unknown"
"600271.SS","航天信息","Unknown","Unknown"
"600272.SS","开开实业","Unknown","Unknown"
"600273.SS","华芳纺织","Unknown","Unknown"
"600275.SS","ST昌鱼","Unknown","Unknown"
"600276.SS","恒瑞医药","Unknown","Unknown"
"600277.SS","亿利能源","Unknown","Unknown"
"600278.SS","东方创业","Unknown","Unknown"
"600279.SS","重庆港九","Unknown","Unknown"
"600280.SS","南京中商","Unknown","Unknown"
"600281.SS","太化股份","Unknown","Unknown"
"600282.SS","南钢股份","Unknown","Unknown"
"600283.SS","钱江水利","Unknown","Unknown"
"600284.SS","浦东建设","Unknown","Unknown"
"600285.SS","羚锐制药","Unknown","Unknown"
"600287.SS","江苏舜天","Unknown","Unknown"
"600288.SS","大恒科技","Unknown","Unknown"
"600289.SS","亿阳信通","Unknown","Unknown"
"600290.SS","华仪电气","Unknown","Unknown"
"600291.SS","西水股份","Unknown","Unknown"
"600292.SS","九龙电力","Unknown","Unknown"
"600293.SS","三峡新材","Unknown","Unknown"
"600295.SS","鄂尔多斯","Unknown","Unknown"
"600297.SS","美罗药业","Unknown","Unknown"
"600298.SS","安琪酵母","Unknown","Unknown"
"600299.SS","*ST新材","Unknown","Unknown"
"600300.SS","维维股份","Unknown","Unknown"
"600301.SS","*ST南化","Unknown","Unknown"
"600302.SS","标准股份","Unknown","Unknown"
"600303.SS","曙光股份","Unknown","Unknown"
"600305.SS","恒顺醋业","Unknown","Unknown"
"600306.SS","商业城","Unknown","Unknown"
"600307.SS","酒钢宏兴","Unknown","Unknown"
"600308.SS","华泰股份","Unknown","Unknown"
"600309.SS","烟台万华","Unknown","Unknown"
"600310.SS","桂东电力","Unknown","Unknown"
"600311.SS","荣华实业","Unknown","Unknown"
"600312.SS","平高电气","Unknown","Unknown"
"600315.SS","上海家化","Unknown","Unknown"
"600316.SS","洪都航空","Unknown","Unknown"
"600317.SS","营口港","Unknown","Unknown"
"600318.SS","巢东股份","Unknown","Unknown"
"600319.SS","亚星化学","Unknown","Unknown"
"600320.SS","振华重工","Unknown","Unknown"
"600321.SS","国栋建设","Unknown","Unknown"
"600322.SS","天房发展","Unknown","Unknown"
"600323.SS","南海发展","Unknown","Unknown"
"600325.SS","华发股份","Unknown","Unknown"
"600326.SS","西藏天路","Unknown","Unknown"
"600327.SS","大厦股份","Unknown","Unknown"
"600328.SS","兰太实业","Unknown","Unknown"
"600329.SS","中新药业","Unknown","Unknown"
"600330.SS","天通股份","Unknown","Unknown"
"600331.SS","宏达股份","Unknown","Unknown"
"600332.SS","广州药业","Unknown","Unknown"
"600333.SS","长春燃气","Unknown","Unknown"
"600335.SS","鼎盛天工","Unknown","Unknown"
"600336.SS","澳柯玛","Unknown","Unknown"
"600337.SS","美克股份","Unknown","Unknown"
"600338.SS","ST珠峰","Unknown","Unknown"
"600339.SS","天利高新","Unknown","Unknown"
"600340.SS","ST国祥","Unknown","Unknown"
"600343.SS","航天动力","Unknown","Unknown"
"600345.SS","长江通信","Unknown","Unknown"
"600346.SS","大橡塑","Unknown","Unknown"
"600348.SS","国阳新能","Unknown","Unknown"
"600350.SS","山东高速","Unknown","Unknown"
"600351.SS","亚宝药业","Unknown","Unknown"
"600352.SS","浙江龙盛","Unknown","Unknown"
"600353.SS","旭光股份","Unknown","Unknown"
"600354.SS","敦煌种业","Unknown","Unknown"
"600355.SS","*ST精伦","Unknown","Unknown"
"600356.SS","恒丰纸业","Unknown","Unknown"
"600358.SS","国旅联合","Unknown","Unknown"
"600359.SS","新农开发","Unknown","Unknown"
"600360.SS","华微电子","Unknown","Unknown"
"600361.SS","华联综超","Unknown","Unknown"
"600362.SS","江西铜业","Unknown","Unknown"
"600363.SS","联创光电","Unknown","Unknown"
"600365.SS","通葡股份","Unknown","Unknown"
"600366.SS","宁波韵升","Unknown","Unknown"
"600367.SS","红星发展","Unknown","Unknown"
"600368.SS","五洲交通","Unknown","Unknown"
"600369.SS","西南证券","Unknown","Unknown"
"600370.SS","三房巷","Unknown","Unknown"
"600371.SS","万向德农","Unknown","Unknown"
"600373.SS","*ST鑫新","Unknown","Unknown"
"600375.SS","星马汽车","Unknown","Unknown"
"600376.SS","首开股份","Unknown","Unknown"
"600377.SS","宁沪高速","Unknown","Unknown"
"600378.SS","天科股份","Unknown","Unknown"
"600379.SS","宝光股份","Unknown","Unknown"
"600380.SS","健康元","Unknown","Unknown"
"600381.SS","ST贤成","Unknown","Unknown"
"600382.SS","广东明珠","Unknown","Unknown"
"600383.SS","金地集团","Unknown","Unknown"
"600385.SS","ST金泰","Unknown","Unknown"
"600386.SS","北巴传媒","Unknown","Unknown"
"600387.SS","海越股份","Unknown","Unknown"
"600388.SS","龙净环保","Unknown","Unknown"
"600389.SS","江山股份","Unknown","Unknown"
"600390.SS","金瑞科技","Unknown","Unknown"
"600391.SS","成发科技","Unknown","Unknown"
"600392.SS","太工天成","Unknown","Unknown"
"600393.SS","东华实业","Unknown","Unknown"
"600395.SS","盘江股份","Unknown","Unknown"
"600396.SS","金山股份","Unknown","Unknown"
"600397.SS","安源股份","Unknown","Unknown"
"600398.SS","凯诺科技","Unknown","Unknown"
"600399.SS","抚顺特钢","Unknown","Unknown"
"600400.SS","红豆股份","Unknown","Unknown"
"600403.SS","欣网视讯","Unknown","Unknown"
"600405.SS","动力源","Unknown","Unknown"
"600406.SS","国电南瑞","Unknown","Unknown"
"600408.SS","安泰集团","Unknown","Unknown"
"600409.SS","三友化工","Unknown","Unknown"
"600410.SS","华胜天成","Unknown","Unknown"
"600415.SS","小商品城","Unknown","Unknown"
"600416.SS","湘电股份","Unknown","Unknown"
"600418.SS","江淮汽车","Unknown","Unknown"
"600419.SS","ST天宏","Unknown","Unknown"
"600420.SS","现代制药","Unknown","Unknown"
"600421.SS","ST国药","Unknown","Unknown"
"600422.SS","昆明制药","Unknown","Unknown"
"600423.SS","柳化股份","Unknown","Unknown"
"600425.SS","青松建化","Unknown","Unknown"
"600426.SS","华鲁恒升","Unknown","Unknown"
"600428.SS","中远航运","Unknown","Unknown"
"600429.SS","三元股份","Unknown","Unknown"
"600432.SS","吉恩镍业","Unknown","Unknown"
"600433.SS","冠豪高新","Unknown","Unknown"
"600435.SS","中兵光电","Unknown","Unknown"
"600436.SS","片仔癀","Unknown","Unknown"
"600438.SS","通威股份","Unknown","Unknown"
"600439.SS","瑞贝卡","Unknown","Unknown"
"600444.SS","*ST国通","Unknown","Unknown"
"600446.SS","金证股份","Unknown","Unknown"
"600448.SS","华纺股份","Unknown","Unknown"
"600449.SS","赛马实业","Unknown","Unknown"
"600452.SS","涪陵电力","Unknown","Unknown"
"600455.SS","*ST博通","Unknown","Unknown"
"600456.SS","宝钛股份","Unknown","Unknown"
"600458.SS","时代新材","Unknown","Unknown"
"600459.SS","贵研铂业","Unknown","Unknown"
"600460.SS","士兰微","Unknown","Unknown"
"600461.SS","洪城水业","Unknown","Unknown"
"600462.SS","*ST石岘","Unknown","Unknown"
"600463.SS","空港股份","Unknown","Unknown"
"600466.SS","迪康药业","Unknown","Unknown"
"600467.SS","好当家","Unknown","Unknown"
"600468.SS","百利电气","Unknown","Unknown"
"600469.SS","风神股份","Unknown","Unknown"
"600470.SS","六国化工","Unknown","Unknown"
"600475.SS","华光股份","Unknown","Unknown"
"600476.SS","湘邮科技","Unknown","Unknown"
"600477.SS","杭萧钢构","Unknown","Unknown"
"600478.SS","科力远","Unknown","Unknown"
"600479.SS","千金药业","Unknown","Unknown"
"600480.SS","凌云股份","Unknown","Unknown"
"600481.SS","双良节能","Unknown","Unknown"
"600482.SS","风帆股份","Unknown","Unknown"
"600483.SS","福建南纺","Unknown","Unknown"
"600485.SS","中创信测","Unknown","Unknown"
"600486.SS","扬农化工","Unknown","Unknown"
"600487.SS","亨通光电","Unknown","Unknown"
"600488.SS","天药股份","Unknown","Unknown"
"600489.SS","中金黄金","Unknown","Unknown"
"600490.SS","*ST合臣","Unknown","Unknown"
"600491.SS","龙元建设","Unknown","Unknown"
"600493.SS","凤竹纺织","Unknown","Unknown"
"600495.SS","晋西车轴","Unknown","Unknown"
"600496.SS","精工钢构","Unknown","Unknown"
"600497.SS","驰宏锌锗","Unknown","Unknown"
"600498.SS","烽火通信","Unknown","Unknown"
"600499.SS","科达机电","Unknown","Unknown"
"600500.SS","中化国际","Unknown","Unknown"
"600501.SS","航天晨光","Unknown","Unknown"
"600502.SS","安徽水利","Unknown","Unknown"
"600503.SS","华丽家族","Unknown","Unknown"
"600505.SS","西昌电力","Unknown","Unknown"
"600506.SS","*ST香梨","Unknown","Unknown"
"600507.SS","方大特钢","Unknown","Unknown"
"600508.SS","上海能源","Unknown","Unknown"
"600509.SS","天富热电","Unknown","Unknown"
"600510.SS","黑牡丹","Unknown","Unknown"
"600511.SS","国药股份","Unknown","Unknown"
"600512.SS","腾达建设","Unknown","Unknown"
"600513.SS","联环药业","Unknown","Unknown"
"600515.SS","*ST筑信","Unknown","Unknown"
"600516.SS","方大炭素","Unknown","Unknown"
"600517.SS","置信电气","Unknown","Unknown"
"600518.SS","康美药业","Unknown","Unknown"
"600519.SS","贵州茅台","Unknown","Unknown"
"600520.SS","三佳科技","Unknown","Unknown"
"600521.SS","华海药业","Unknown","Unknown"
"600522.SS","中天科技","Unknown","Unknown"
"600523.SS","贵航股份","Unknown","Unknown"
"600525.SS","长园集团","Unknown","Unknown"
"600526.SS","菲达环保","Unknown","Unknown"
"600527.SS","江南高纤","Unknown","Unknown"
"600528.SS","中铁二局","Unknown","Unknown"
"600529.SS","山东药玻","Unknown","Unknown"
"600530.SS","交大昂立","Unknown","Unknown"
"600531.SS","豫光金铅","Unknown","Unknown"
"600532.SS","华阳科技","Unknown","Unknown"
"600533.SS","栖霞建设","Unknown","Unknown"
"600535.SS","天士力","Unknown","Unknown"
"600536.SS","中国软件","Unknown","Unknown"
"600537.SS","海通集团","Unknown","Unknown"
"600538.SS","*ST国发","Unknown","Unknown"
"600539.SS","狮头股份","Unknown","Unknown"
"600540.SS","新赛股份","Unknown","Unknown"
"600543.SS","莫高股份","Unknown","Unknown"
"600545.SS","新疆城建","Unknown","Unknown"
"600546.SS","山煤国际","Unknown","Unknown"
"600547.SS","山东黄金","Unknown","Unknown"
"600548.SS","深高速","Unknown","Unknown"
"600549.SS","厦门钨业","Unknown","Unknown"
"600550.SS","天威保变","Unknown","Unknown"
"600551.SS","时代出版","Unknown","Unknown"
"600552.SS","方兴科技","Unknown","Unknown"
"600553.SS","太行水泥","Unknown","Unknown"
"600555.SS","九龙山","Unknown","Unknown"
"600557.SS","康缘药业","Unknown","Unknown"
"600558.SS","大西洋","Unknown","Unknown"
"600559.SS","老白干酒","Unknown","Unknown"
"600560.SS","金自天正","Unknown","Unknown"
"600561.SS","江西长运","Unknown","Unknown"
"600562.SS","*ST高陶","Unknown","Unknown"
"600563.SS","法拉电子","Unknown","Unknown"
"600565.SS","迪马股份","Unknown","Unknown"
"600566.SS","洪城股份","Unknown","Unknown"
"600567.SS","山鹰纸业","Unknown","Unknown"
"600568.SS","中珠控股","Unknown","Unknown"
"600569.SS","安阳钢铁","Unknown","Unknown"
"600570.SS","恒生电子","Unknown","Unknown"
"600571.SS","信雅达","Unknown","Unknown"
"600572.SS","康恩贝","Unknown","Unknown"
"600573.SS","惠泉啤酒","Unknown","Unknown"
"600575.SS","芜湖港","Unknown","Unknown"
"600576.SS","万好万家","Unknown","Unknown"
"600577.SS","精达股份","Unknown","Unknown"
"600578.SS","京能热电","Unknown","Unknown"
"600579.SS","ST黄海","Unknown","Unknown"
"600580.SS","卧龙电气","Unknown","Unknown"
"600581.SS","八一钢铁","Unknown","Unknown"
"600582.SS","天地科技","Unknown","Unknown"
"600583.SS","海油工程","Unknown","Unknown"
"600584.SS","长电科技","Unknown","Unknown"
"600585.SS","海螺水泥","Unknown","Unknown"
"600586.SS","金晶科技","Unknown","Unknown"
"600587.SS","新华医疗","Unknown","Unknown"
"600588.SS","用友软件","Unknown","Unknown"
"600589.SS","广东榕泰","Unknown","Unknown"
"600590.SS","泰豪科技","Unknown","Unknown"
"600592.SS","龙溪股份","Unknown","Unknown"
"600593.SS","大连圣亚","Unknown","Unknown"
"600594.SS","益佰制药","Unknown","Unknown"
"600595.SS","中孚实业","Unknown","Unknown"
"600596.SS","新安股份","Unknown","Unknown"
"600597.SS","光明乳业","Unknown","Unknown"
"600598.SS","北大荒","Unknown","Unknown"
"600599.SS","熊猫烟花","Unknown","Unknown"
"600600.SS","青岛啤酒","Unknown","Unknown"
"600601.SS","方正科技","Unknown","Unknown"
"600602.SS","广电电子","Unknown","Unknown"
"600603.SS","ST兴业","Unknown","Unknown"
"600604.SS","ST二纺","Unknown","Unknown"
"600605.SS","汇通能源","Unknown","Unknown"
"600606.SS","金丰投资","Unknown","Unknown"
"600608.SS","*ST沪科","Unknown","Unknown"
"600609.SS","*ST金杯","Unknown","Unknown"
"600610.SS","SST中纺","Unknown","Unknown"
"600611.SS","大众交通","Unknown","Unknown"
"600612.SS","老凤祥","Unknown","Unknown"
"600613.SS","永生投资","Unknown","Unknown"
"600614.SS","鼎立股份","Unknown","Unknown"
"600615.SS","丰华股份","Unknown","Unknown"
"600616.SS","金枫酒业","Unknown","Unknown"
"600617.SS","*ST联华","Unknown","Unknown"
"600618.SS","氯碱化工","Unknown","Unknown"
"600619.SS","海立股份","Unknown","Unknown"
"600620.SS","天宸股份","Unknown","Unknown"
"600621.SS","上海金陵","Unknown","Unknown"
"600622.SS","嘉宝集团","Unknown","Unknown"
"600623.SS","双钱股份","Unknown","Unknown"
"600624.SS","复旦复华","Unknown","Unknown"
"600626.SS","申达股份","Unknown","Unknown"
"600628.SS","新世界","Unknown","Unknown"
"600629.SS","棱光实业","Unknown","Unknown"
"600630.SS","龙头股份","Unknown","Unknown"
"600631.SS","百联股份","Unknown","Unknown"
"600634.SS","*ST海鸟","Unknown","Unknown"
"600635.SS","大众公用","Unknown","Unknown"
"600636.SS","三爱富","Unknown","Unknown"
"600637.SS","广电信息","Unknown","Unknown"
"600638.SS","新黄浦","Unknown","Unknown"
"600639.SS","浦东金桥","Unknown","Unknown"
"600640.SS","中卫国脉","Unknown","Unknown"
"600641.SS","万业企业","Unknown","Unknown"
"600642.SS","申能股份","Unknown","Unknown"
"600643.SS","爱建股份","Unknown","Unknown"
"600644.SS","乐山电力","Unknown","Unknown"
"600645.SS","ST中源","Unknown","Unknown"
"600647.SS","同达创业","Unknown","Unknown"
"600648.SS","外高桥","Unknown","Unknown"
"600649.SS","城投控股","Unknown","Unknown"
"600650.SS","锦江投资","Unknown","Unknown"
"600651.SS","飞乐音响","Unknown","Unknown"
"600652.SS","爱使股份","Unknown","Unknown"
"600653.SS","申华控股","Unknown","Unknown"
"600654.SS","飞乐股份","Unknown","Unknown"
"600655.SS","豫园商城","Unknown","Unknown"
"600656.SS","ST方源","Unknown","Unknown"
"600657.SS","信达地产","Unknown","Unknown"
"600658.SS","电子城","Unknown","Unknown"
"600660.SS","福耀玻璃","Unknown","Unknown"
"600661.SS","新南洋","Unknown","Unknown"
"600662.SS","强生控股","Unknown","Unknown"
"600663.SS","陆家嘴","Unknown","Unknown"
"600664.SS","哈药股份","Unknown","Unknown"
"600665.SS","天地源","Unknown","Unknown"
"600666.SS","西南药业","Unknown","Unknown"
"600667.SS","太极实业","Unknown","Unknown"
"600668.SS","尖峰集团","Unknown","Unknown"
"600671.SS","天目药业","Unknown","Unknown"
"600673.SS","东阳光铝","Unknown","Unknown"
"600674.SS","川投能源","Unknown","Unknown"
"600675.SS","中华企业","Unknown","Unknown"
"600676.SS","交运股份","Unknown","Unknown"
"600677.SS","航天通信","Unknown","Unknown"
"600678.SS","ST金顶","Unknown","Unknown"
"600679.SS","金山开发","Unknown","Unknown"
"600680.SS","上海普天","Unknown","Unknown"
"600682.SS","南京新百","Unknown","Unknown"
"600683.SS","京投银泰","Unknown","Unknown"
"600684.SS","珠江实业","Unknown","Unknown"
"600685.SS","广船国际","Unknown","Unknown"
"600686.SS","金龙汽车","Unknown","Unknown"
"600687.SS","刚泰控股","Unknown","Unknown"
"600688.SS","S上石化","Unknown","Unknown"
"600689.SS","上海三毛","Unknown","Unknown"
"600690.SS","青岛海尔","Unknown","Unknown"
"600691.SS","*ST东碳","Unknown","Unknown"
"600692.SS","亚通股份","Unknown","Unknown"
"600693.SS","东百集团","Unknown","Unknown"
"600694.SS","大商股份","Unknown","Unknown"
"600695.SS","大江股份","Unknown","Unknown"
"600696.SS","多伦股份","Unknown","Unknown"
"600697.SS","欧亚集团","Unknown","Unknown"
"600698.SS","ST轻骑","Unknown","Unknown"
"600699.SS","*ST得亨","Unknown","Unknown"
"600701.SS","工大高新","Unknown","Unknown"
"600702.SS","沱牌曲酒","Unknown","Unknown"
"600703.SS","三安光电","Unknown","Unknown"
"600704.SS","中大股份","Unknown","Unknown"
"600706.SS","ST长信","Unknown","Unknown"
"600707.SS","彩虹股份","Unknown","Unknown"
"600708.SS","海博股份","Unknown","Unknown"
"600710.SS","常林股份","Unknown","Unknown"
"600711.SS","ST雄震","Unknown","Unknown"
"600712.SS","南宁百货","Unknown","Unknown"
"600713.SS","南京医药","Unknown","Unknown"
"600714.SS","ST金瑞","Unknown","Unknown"
"600715.SS","ST松辽","Unknown","Unknown"
"600716.SS","凤凰股份","Unknown","Unknown"
"600717.SS","天津港","Unknown","Unknown"
"600718.SS","东软集团","Unknown","Unknown"
"600719.SS","大连热电","Unknown","Unknown"
"600720.SS","祁连山","Unknown","Unknown"
"600721.SS","ST百花","Unknown","Unknown"
"600722.SS","*ST金化","Unknown","Unknown"
"600723.SS","西单商场","Unknown","Unknown"
"600724.SS","宁波富达","Unknown","Unknown"
"600725.SS","云维股份","Unknown","Unknown"
"600726.SS","华电能源","Unknown","Unknown"
"600728.SS","*ST新太","Unknown","Unknown"
"600729.SS","重庆百货","Unknown","Unknown"
"600730.SS","中国高科","Unknown","Unknown"
"600731.SS","湖南海利","Unknown","Unknown"
"600732.SS","上海新梅","Unknown","Unknown"
"600733.SS","S前锋","Unknown","Unknown"
"600734.SS","实达集团","Unknown","Unknown"
"600735.SS","新华锦","Unknown","Unknown"
"600736.SS","苏州高新","Unknown","Unknown"
"600737.SS","中粮屯河","Unknown","Unknown"
"600738.SS","兰州民百","Unknown","Unknown"
"600739.SS","辽宁成大","Unknown","Unknown"
"600740.SS","*ST山焦","Unknown","Unknown"
"600741.SS","华域汽车","Unknown","Unknown"
"600742.SS","一汽富维","Unknown","Unknown"
"600743.SS","华远地产","Unknown","Unknown"
"600744.SS","华银电力","Unknown","Unknown"
"600745.SS","中茵股份","Unknown","Unknown"
"600746.SS","江苏索普","Unknown","Unknown"
"600747.SS","大连控股","Unknown","Unknown"
"600748.SS","上实发展","Unknown","Unknown"
"600749.SS","西藏旅游","Unknown","Unknown"
"600750.SS","江中药业","Unknown","Unknown"
"600751.SS","SST天海","Unknown","Unknown"
"600753.SS","东方银星","Unknown","Unknown"
"600754.SS","锦江股份","Unknown","Unknown"
"600755.SS","厦门国贸","Unknown","Unknown"
"600756.SS","浪潮软件","Unknown","Unknown"
"600757.SS","*ST源发","Unknown","Unknown"
"600758.SS","红阳能源","Unknown","Unknown"
"600759.SS","正和股份","Unknown","Unknown"
"600760.SS","东安黑豹","Unknown","Unknown"
"600761.SS","安徽合力","Unknown","Unknown"
"600763.SS","通策医疗","Unknown","Unknown"
"600764.SS","中电广通","Unknown","Unknown"
"600765.SS","中航重机","Unknown","Unknown"
"600766.SS","园城股份","Unknown","Unknown"
"600767.SS","运盛实业","Unknown","Unknown"
"600768.SS","宁波富邦","Unknown","Unknown"
"600769.SS","*ST祥龙","Unknown","Unknown"
"600770.SS","综艺股份","Unknown","Unknown"
"600771.SS","ST东盛","Unknown","Unknown"
"600773.SS","西藏城投","Unknown","Unknown"
"600774.SS","汉商集团","Unknown","Unknown"
"600775.SS","南京熊猫","Unknown","Unknown"
"600776.SS","东方通信","Unknown","Unknown"
"600777.SS","新潮实业","Unknown","Unknown"
"600778.SS","友好集团","Unknown","Unknown"
"600779.SS","水井坊","Unknown","Unknown"
"600780.SS","通宝能源","Unknown","Unknown"
"600781.SS","上海辅仁","Unknown","Unknown"
"600782.SS","新钢股份","Unknown","Unknown"
"600783.SS","鲁信高新","Unknown","Unknown"
"600784.SS","鲁银投资","Unknown","Unknown"
"600785.SS","新华百货","Unknown","Unknown"
"600787.SS","中储股份","Unknown","Unknown"
"600789.SS","鲁抗医药","Unknown","Unknown"
"600790.SS","轻纺城","Unknown","Unknown"
"600791.SS","京能置业","Unknown","Unknown"
"600792.SS","ST马龙","Unknown","Unknown"
"600793.SS","ST宜纸","Unknown","Unknown"
"600794.SS","保税科技","Unknown","Unknown"
"600795.SS","国电电力","Unknown","Unknown"
"600796.SS","钱江生化","Unknown","Unknown"
"600797.SS","浙大网新","Unknown","Unknown"
"600798.SS","宁波海运","Unknown","Unknown"
"600800.SS","ST磁卡","Unknown","Unknown"
"600801.SS","华新水泥","Unknown","Unknown"
"600802.SS","福建水泥","Unknown","Unknown"
"600803.SS","威远生化","Unknown","Unknown"
"600804.SS","鹏博士","Unknown","Unknown"
"600805.SS","悦达投资","Unknown","Unknown"
"600806.SS","昆明机床","Unknown","Unknown"
"600807.SS","天业股份","Unknown","Unknown"
"600808.SS","马钢股份","Unknown","Unknown"
"600809.SS","山西汾酒","Unknown","Unknown"
"600810.SS","神马股份","Unknown","Unknown"
"600811.SS","东方集团","Unknown","Unknown"
"600812.SS","华北制药","Unknown","Unknown"
"600814.SS","杭州解百","Unknown","Unknown"
"600815.SS","厦工股份","Unknown","Unknown"
"600816.SS","安信信托","Unknown","Unknown"
"600818.SS","中路股份","Unknown","Unknown"
"600819.SS","耀皮玻璃","Unknown","Unknown"
"600820.SS","隧道股份","Unknown","Unknown"
"600821.SS","津劝业","Unknown","Unknown"
"600822.SS","上海物贸","Unknown","Unknown"
"600823.SS","世茂股份","Unknown","Unknown"
"600824.SS","益民商业","Unknown","Unknown"
"600825.SS","新华传媒","Unknown","Unknown"
"600826.SS","兰生股份","Unknown","Unknown"
"600827.SS","友谊股份","Unknown","Unknown"
"600828.SS","成商集团","Unknown","Unknown"
"600829.SS","三精制药","Unknown","Unknown"
"600830.SS","香溢融通","Unknown","Unknown"
"600831.SS","广电网络","Unknown","Unknown"
"600832.SS","东方明珠","Unknown","Unknown"
"600833.SS","第一医药","Unknown","Unknown"
"600834.SS","申通地铁","Unknown","Unknown"
"600835.SS","上海机电","Unknown","Unknown"
"600836.SS","界龙实业","Unknown","Unknown"
"600837.SS","海通证券","Unknown","Unknown"
"600838.SS","上海九百","Unknown","Unknown"
"600839.SS","四川长虹","Unknown","Unknown"
"600841.SS","上柴股份","Unknown","Unknown"
"600843.SS","上工申贝","Unknown","Unknown"
"600844.SS","丹化科技","Unknown","Unknown"
"600845.SS","宝信软件","Unknown","Unknown"
"600846.SS","同济科技","Unknown","Unknown"
"600847.SS","ST渝万里","Unknown","Unknown"
"600848.SS","自仪股份","Unknown","Unknown"
"600850.SS","华东电脑","Unknown","Unknown"
"600851.SS","海欣股份","Unknown","Unknown"
"600853.SS","龙建股份","Unknown","Unknown"
"600854.SS","ST春兰","Unknown","Unknown"
"600855.SS","航天长峰","Unknown","Unknown"
"600856.SS","长百集团","Unknown","Unknown"
"600857.SS","工大首创","Unknown","Unknown"
"600858.SS","银座股份","Unknown","Unknown"
"600859.SS","王府井","Unknown","Unknown"
"600860.SS","*ST北人","Unknown","Unknown"
"600861.SS","北京城乡","Unknown","Unknown"
"600862.SS","南通科技","Unknown","Unknown"
"600863.SS","内蒙华电","Unknown","Unknown"
"600864.SS","哈投股份","Unknown","Unknown"
"600865.SS","百大集团","Unknown","Unknown"
"600866.SS","星湖科技","Unknown","Unknown"
"600867.SS","通化东宝","Unknown","Unknown"
"600868.SS","ST梅雁","Unknown","Unknown"
"600869.SS","三普药业","Unknown","Unknown"
"600870.SS","ST厦华","Unknown","Unknown"
"600871.SS","S仪化","Unknown","Unknown"
"600872.SS","中炬高新","Unknown","Unknown"
"600873.SS","五洲明珠","Unknown","Unknown"
"600874.SS","创业环保","Unknown","Unknown"
"600875.SS","东方电气","Unknown","Unknown"
"600876.SS","ST洛玻","Unknown","Unknown"
"600877.SS","中国嘉陵","Unknown","Unknown"
"600879.SS","航天电子","Unknown","Unknown"
"600880.SS","博瑞传播","Unknown","Unknown"
"600881.SS","亚泰集团","Unknown","Unknown"
"600882.SS","大成股份","Unknown","Unknown"
"600883.SS","博闻科技","Unknown","Unknown"
"600884.SS","杉杉股份","Unknown","Unknown"
"600885.SS","*ST力阳","Unknown","Unknown"
"600886.SS","国投电力","Unknown","Unknown"
"600887.SS","伊利股份","Unknown","Unknown"
"600888.SS","新疆众和","Unknown","Unknown"
"600889.SS","南京化纤","Unknown","Unknown"
"600890.SS","ST中房","Unknown","Unknown"
"600891.SS","SST秋林","Unknown","Unknown"
"600892.SS","ST宝诚","Unknown","Unknown"
"600893.SS","航空动力","Unknown","Unknown"
"600894.SS","广钢股份","Unknown","Unknown"
"600895.SS","张江高科","Unknown","Unknown"
"600896.SS","中海海盛","Unknown","Unknown"
"600897.SS","厦门空港","Unknown","Unknown"
"600900.SS","长江电力","Unknown","Unknown"
"600960.SS","滨州活塞","Unknown","Unknown"
"600961.SS","株冶集团","Unknown","Unknown"
"600962.SS","国投中鲁","Unknown","Unknown"
"600963.SS","岳阳纸业","Unknown","Unknown"
"600965.SS","福成五丰","Unknown","Unknown"
"600966.SS","博汇纸业","Unknown","Unknown"
"600967.SS","北方创业","Unknown","Unknown"
"600969.SS","郴电国际","Unknown","Unknown"
"600970.SS","中材国际","Unknown","Unknown"
"600971.SS","恒源煤电","Unknown","Unknown"
"600973.SS","宝胜股份","Unknown","Unknown"
"600975.SS","新五丰","Unknown","Unknown"
"600976.SS","武汉健民","Unknown","Unknown"
"600978.SS","宜华木业","Unknown","Unknown"
"600979.SS","广安爱众","Unknown","Unknown"
"600980.SS","北矿磁材","Unknown","Unknown"
"600981.SS","江苏开元","Unknown","Unknown"
"600982.SS","宁波热电","Unknown","Unknown"
"600983.SS","合肥三洋","Unknown","Unknown"
"600984.SS","*ST建机","Unknown","Unknown"
"600985.SS","雷鸣科化","Unknown","Unknown"
"600986.SS","科达股份","Unknown","Unknown"
"600987.SS","航民股份","Unknown","Unknown"
"600988.SS","*ST宝龙","Unknown","Unknown"
"600990.SS","四创电子","Unknown","Unknown"
"600991.SS","广汽长丰","Unknown","Unknown"
"600992.SS","贵绳股份","Unknown","Unknown"
"600993.SS","马应龙","Unknown","Unknown"
"600995.SS","文山电力","Unknown","Unknown"
"600997.SS","开滦股份","Unknown","Unknown"
"600999.SS","招商证券","Unknown","Unknown"
"601000.SS","唐山港","Unknown","Unknown"
"601001.SS","大同煤业","Unknown","Unknown"
"601002.SS","晋亿实业","Unknown","Unknown"
"601003.SS","柳钢股份","Unknown","Unknown"
"601005.SS","重庆钢铁","Unknown","Unknown"
"601006.SS","大秦铁路","Unknown","Unknown"
"601007.SS","金陵饭店","Unknown","Unknown"
"601008.SS","连云港","Unknown","Unknown"
"601009.SS","南京银行","Unknown","Unknown"
"601088.SS","中国神华","Unknown","Unknown"
"601099.SS","太平洋","Unknown","Unknown"
"601101.SS","昊华能源","Unknown","Unknown"
"601106.SS","中国一重","Unknown","Unknown"
"601107.SS","四川成渝","Unknown","Unknown"
"601111.SS","中国国航","Unknown","Unknown"
"601117.SS","中国化学","Unknown","Unknown"
"601139.SS","深圳燃气","Unknown","Unknown"
"601158.SS","重庆水务","Unknown","Unknown"
"601166.SS","兴业银行","Unknown","Unknown"
"601168.SS","西部矿业","Unknown","Unknown"
"601169.SS","北京银行","Unknown","Unknown"
"601179.SS","中国西电","Unknown","Unknown"
"601186.SS","中国铁建","Unknown","Unknown"
"601188.SS","龙江交通","Unknown","Unknown"
"601268.SS","二重重装","Unknown","Unknown"
"601288.SS","农业银行","Unknown","Unknown"
"601299.SS","中国北车","Unknown","Unknown"
"601318.SS","中国平安","Unknown","Unknown"
"601328.SS","交通银行","Unknown","Unknown"
"601333.SS","广深铁路","Unknown","Unknown"
"601369.SS","陕鼓动力","Unknown","Unknown"
"601390.SS","中国中铁","Unknown","Unknown"
"601398.SS","工商银行","Unknown","Unknown"
"601518.SS","吉林高速","Unknown","Unknown"
"601588.SS","北辰实业","Unknown","Unknown"
"601600.SS","中国铝业","Unknown","Unknown"
"601601.SS","中国太保","Unknown","Unknown"
"601607.SS","上海医药","Unknown","Unknown"
"601618.SS","中国中冶","Unknown","Unknown"
"601628.SS","中国人寿","Unknown","Unknown"
"601666.SS","平煤股份","Unknown","Unknown"
"601668.SS","中国建筑","Unknown","Unknown"
"601678.SS","滨化股份","Unknown","Unknown"
"601688.SS","华泰证券","Unknown","Unknown"
"601699.SS","潞安环能","Unknown","Unknown"
"601717.SS","郑煤机","Unknown","Unknown"
"601727.SS","上海电气","Unknown","Unknown"
"601766.SS","中国南车","Unknown","Unknown"
"601788.SS","光大证券","Unknown","Unknown"
"601801.SS","皖新传媒","Unknown","Unknown"
"601808.SS","中海油服","Unknown","Unknown"
"601857.SS","中国石油","Unknown","Unknown"
"601866.SS","中海集运","Unknown","Unknown"
"601872.SS","招商轮船","Unknown","Unknown"
"601877.SS","正泰电器","Unknown","Unknown"
"601888.SS","中国国旅","Unknown","Unknown"
"601898.SS","中煤能源","Unknown","Unknown"
"601899.SS","紫金矿业","Unknown","Unknown"
"601918.SS","国投新集","Unknown","Unknown"
"601919.SS","中国远洋","Unknown","Unknown"
"601939.SS","建设银行","Unknown","Unknown"
"601958.SS","金钼股份","Unknown","Unknown"
"601988.SS","中国银行","Unknown","Unknown"
"601989.SS","中国重工","Unknown","Unknown"
"601991.SS","大唐发电","Unknown","Unknown"
"601998.SS","中信银行","Unknown","Unknown"
"601999.SS","出版传媒","Unknown","Unknown"
