"Code","Name"
"600116.SS","重庆三峡水利电力(集团)股份有限公司"
"000572.SZ","海马投资集团股份有限公司"
"002287.SZ","西藏奇正藏药股份有限公司"
"002170.SZ","深圳市芭田生态工程股份有限公司"
"000700.SZ","江南模塑科技股份有限公司"
"600822.SS","上海物资贸易股份有限公司"
"000687.SZ","保定天鹅股份有限公司"
"002295.SZ","广东精艺金属股份有限公司"
"002020.SZ","浙江京新药业股份有限公司"
"000983.SZ","山西西山煤电股份有限公司"
"600252.SS","广西梧州中恒集团股份有限公司"
"000633.SZ","沈阳合金投资股份有限公司"
"600584.SS","江苏长电科技股份有限公司"
"601179.SS","中国西电电气股份有限公司"
"000895.SZ","河南双汇投资发展股份有限公司"
"000813.SZ","新疆天山毛纺织股份有限公司"
"002217.SZ","山东联合化工股份有限公司"
"300009.SZ","安徽安科生物工程（集团）股份有限公司"
"002339.SZ","积成电子股份有限公司"
"600577.SS","铜陵精达特种电磁线股份有限公司"
"000601.SZ","广东韶能集团股份有限公司"
"000538.SZ","云南白药集团股份有限公司"
"000929.SZ","兰州黄河企业股份有限公司"
"000811.SZ","烟台冰轮股份有限公司"
"002355.SZ","山东兴民钢圈股份有限公司"
"600239.SS","云南城投置业股份有限公司"
"600978.SS","广东省宜华木业股份有限公司"
"600018.SS","上海国际港务（集团）股份有限公司"
"002356.SZ","深圳浩宁达仪表股份有限公司"
"002226.SZ","安徽江南化工股份有限公司"
"600503.SS","华丽家族股份有限公司"
"600370.SS","江苏三房巷实业股份有限公司"
"600201.SS","内蒙古金宇集团股份有限公司"
"002351.SZ","深圳市漫步者科技股份有限公司"
"600663.SS","上海陆家嘴金融贸易区开发股份有限公司"
"000564.SZ","西安民生集团股份有限公司"
"002424.SZ","贵州百灵企业集团制药股份有限公司"
"600886.SS","国投华靖电力控股股份有限公司"
"000034.SZ","深圳市深信泰丰(集团)股份有限公司"
"600830.SS","香溢融通控股集团股份有限公司"
"601788.SS","光大证券股份有限公司"
"600039.SS","四川路桥建设股份有限公司"
"000706.SZ","瓦房店轴承股份有限公司"
"600773.SS","西藏城市发展投资股份有限公司"
"300022.SZ","吉峰农机连锁股份有限公司"
"600857.SS","哈工大首创科技股份有限公司"
"000777.SZ","中核苏阀科技实业股份有限公司"
"002017.SZ","东信和平智能卡股份有限公司"
"600463.SS","北京空港科技园区股份有限公司"
"600628.SS","上海新世界股份有限公司"
"000792.SZ","青海盐湖钾肥股份有限公司"
"000883.SZ","湖北三环股份有限公司"
"600895.SS","上海张江高科技园区开发股份有限公司"
"000798.SZ","中水集团远洋股份有限公司"
"600170.SS","上海建工集团股份有限公司"
"600522.SS","江苏中天科技股份有限公司"
"002146.SZ","荣盛房地产发展股份有限公司"
"000511.SZ","沈阳银基发展股份有限公司"
"600537.SS","海通食品集团股份有限公司"
"000948.SZ","云南南天电子信息产业股份有限公司"
"600288.SS","大恒新纪元科技股份有限公司"
"600499.SS","广东科达机电股份有限公司"
"000835.SZ","四川圣达实业股份有限公司"
"002177.SZ","广州御银科技股份有限公司"
"600875.SS","东方电气股份有限公司"
"000903.SZ","昆明云内动力股份有限公司"
"000656.SZ","重庆东源产业发展股份有限公司"
"002310.SZ","北京东方园林股份有限公司"
"000805.SZ","江苏炎黄在线物流股份有限公司"
"601106.SS","中国第一重型机械股份公司"
"300057.SZ","汕头万顺包装材料股份有限公司"
"600535.SS","天津天士力制药股份有限公司"
"600819.SS","上海耀华皮尔金顿玻璃股份有限公司"
"002388.SZ","深圳市新亚电子制程股份有限公司"
"600405.SS","北京动力源科技股份有限公司"
"600734.SS","福建实达集团股份有限公司"
"600491.SS","龙元建设集团股份有限公司"
"600325.SS","珠海华发实业股份有限公司"
"600332.SS","广州药业股份有限公司"
"002028.SZ","思源电气股份有限公司"
"002306.SZ","北京湘鄂情股份有限公司"
"000011.SZ","深圳市物业发展(集团)股份有限公司"
"600256.SS","新疆广汇实业股份有限公司"
"002207.SZ","新疆准东石油技术股份有限公司"
"600078.SS","江苏澄星磷化工股份有限公司"
"002009.SZ","江苏天奇物流系统工程股份有限公司"
"000553.SZ","湖北沙隆达股份有限公司"
"300086.SZ","海南康芝药业股份有限公司"
"600285.SS","河南羚锐制药股份有限公司"
"600966.SS","山东博汇纸业股份有限公司"
"601369.SS","西安陕鼓动力股份有限公司"
"600280.SS","南京中央商场（集团）股份有限公司"
"002052.SZ","深圳市同洲电子股份有限公司"
"002385.SZ","北京大北农科技集团股份有限公司"
"600010.SS","内蒙古包钢钢联股份有限公司"
"600135.SS","乐凯胶片股份有限公司"
"000995.SZ","甘肃皇台酒业股份有限公司"
"000151.SZ","中成进出口股份有限公司"
"600228.SS","江西昌九生物化工股份有限公司"
"600593.SS","大连圣亚旅游控股股份有限公司"
"002262.SZ","江苏恩华药业股份有限公司"
"000018.SZ","深圳中冠纺织印染股份有限公司"
"000056.SZ","深圳市国际企业股份有限公司"
"600284.SS","上海浦东路桥建设股份有限公司"
"000429.SZ","广东省高速公路发展股份有限公司"
"000576.SZ","江门甘蔗化工厂(集团)股份有限公司"
"600122.SS","江苏宏图高科技股份有限公司"
"600074.SS","江苏中达新材料集团股份有限公司"
"000488.SZ","山东晨鸣纸业集团股份有限公司"
"000050.SZ","天马微电子股份有限公司"
"601666.SS","平顶山天安煤业股份有限公司"
"000652.SZ","天津泰达股份有限公司"
"000045.SZ","深圳市纺织(集团)股份有限公司"
"600030.SS","中信证券股份有限公司"
"000976.SZ","广东开平春晖股份有限公司"
"002243.SZ","深圳市通产丽星股份有限公司"
"000589.SZ","贵州轮胎股份有限公司"
"002432.SZ","天津九安医疗电子股份有限公司"
"002406.SZ","许昌远东传动轴股份有限公司"
"600329.SS","天津中新药业集团股份有限公司"
"600004.SS","广州白云国际机场股份有限公司"
"002331.SZ","安徽皖通科技股份有限公司"
"002011.SZ","浙江盾安人工环境股份有限公司"
"002347.SZ","安徽泰尔重工股份有限公司"
"300038.SZ","北京梅泰诺通信技术股份有限公司"
"002069.SZ","大连獐子岛渔业集团股份有限公司"
"600165.SS","宁夏恒力钢丝绳股份有限公司"
"600838.SS","上海九百股份有限公司"
"300034.SZ","北京钢研高纳科技股份有限公司"
"002095.SZ","浙江网盛生意宝股份有限公司"
"002249.SZ","中山大洋电机股份有限公司"
"000502.SZ","绿景地产股份有限公司"
"601668.SS","中国建筑股份有限公司"
"600426.SS","山东华鲁恒升化工股份有限公司"
"002108.SZ","沧州明珠塑料股份有限公司"
"000527.SZ","广东美的电器股份有限公司"
"000578.SZ","青海盐湖工业集团股份有限公司"
"002442.SZ","龙星化工股份有限公司"
"002039.SZ","贵州黔源电力股份有限公司"
"000972.SZ","新疆中基实业股份有限公司"
"002436.SZ","深圳市兴森快捷电路科技股份有限公司"
"300091.SZ","江苏金通灵风机股份有限公司"
"002035.SZ","中山华帝燃具股份有限公司"
"600053.SS","江西中江地产股份有限公司"
"600674.SS","四川川投能源股份有限公司"
"600525.SS","长园集团股份有限公司"
"600631.SS","上海百联集团股份有限公司"
"002290.SZ","苏州禾盛新型材料股份有限公司"
"000955.SZ","欣龙控股（集团）股份有限公司"
"000731.SZ","四川美丰化工股份有限公司"
"002084.SZ","广州海鸥卫浴用品股份有限公司"
"002245.SZ","江苏澳洋顺昌金属材料股份有限公司"
"600756.SS","山东浪潮齐鲁软件产业股份有限公司"
"000752.SZ","西藏银河科技发展股份有限公司"
"600622.SS","上海嘉宝实业(集团)股份有限公司"
"600297.SS","美罗药业股份有限公司"
"002429.SZ","深圳市兆驰股份有限公司"
"600353.SS","成都旭光电子股份有限公司"
"000959.SZ","北京首钢股份有限公司"
"600376.SS","北京首都开发股份有限公司"
"002294.SZ","深圳信立泰药业股份有限公司"
"600027.SS","华电国际电力股份有限公司"
"601518.SS","吉林高速公路股份有限公司"
"002103.SZ","浙江广博集团股份有限公司"
"002026.SZ","山东威达机械股份有限公司"
"600565.SS","重庆市迪马实业股份有限公司"
"300077.SZ","国民技术股份有限公司"
"000613.SZ","海南大东海旅游中心股份有限公司"
"600398.SS","凯诺科技股份有限公司"
"600740.SS","山西焦化股份有限公司"
"600403.SS","南京欣网视讯科技股份有限公司"
"002219.SZ","甘肃独一味生物制药股份有限公司"
"601003.SS","柳州钢铁股份有限公司"
"601988.SS","中国银行股份有限公司"
"000420.SZ","吉林化纤股份有限公司"
"000780.SZ","内蒙古平庄能源股份有限公司"
"002172.SZ","江苏澳洋科技股份有限公司"
"600711.SS","厦门雄震矿业集团股份有限公司"
"000998.SZ","袁隆平农业高科技股份有限公司"
"002188.SZ","浙江新嘉联电子股份有限公司"
"600784.SS","鲁银投资集团股份有限公司"
"002382.SZ","山东蓝帆塑胶股份有限公司"
"000830.SZ","鲁西化工集团股份有限公司"
"002284.SZ","浙江亚太机电股份有限公司"
"600717.SS","天津港股份有限公司"
"000636.SZ","广东风华高新科技股份有限公司"
"601002.SS","晋亿实业股份有限公司"
"002396.SZ","福建星网锐捷通讯股份有限公司"
"000005.SZ","深圳世纪星源股份有限公司"
"002278.SZ","上海神开石油化工装备股份有限公司"
"600348.SS","山西国阳新能股份有限公司"
"002232.SZ","启明信息技术股份有限公司"
"600096.SS","云南云天化股份有限公司"
"300033.SZ","浙江核新同花顺网络信息股份有限公司"
"002420.SZ","广州毅昌科技股份有限公司"
"300018.SZ","武汉中元华电科技股份有限公司"
"000762.SZ","西藏矿业发展股份有限公司"
"600546.SS","山煤国际能源集团股份有限公司"
"300046.SZ","湖北台基半导体股份有限公司"
"600339.SS","新疆独山子天利高新技术股份有限公司"
"000677.SZ","山东海龙股份有限公司"
"300063.SZ","广东天龙油墨集团股份有限公司"
"600986.SS","科达集团股份有限公司"
"600249.SS","柳州两面针股份有限公司"
"002116.SZ","中国海诚工程科技股份有限公司"
"002054.SZ","广东德美精细化工股份有限公司"
"600988.SS","广州东方宝龙汽车工业股份有限公司"
"000038.SZ","深圳大通实业股份有限公司"
"000022.SZ","深圳赤湾港航股份有限公司"
"600217.SS","陕西秦岭水泥(集团)股份有限公司"
"002371.SZ","北京七星华创电子股份有限公司"
"600745.SS","中茵股份有限公司"
"600091.SS","包头明天科技股份有限公司"
"002114.SZ","云南罗平锌电股份有限公司"
"601919.SS","中国远洋控股股份有限公司"
"000667.SZ","名流置业集团股份有限公司"
"000862.SZ","宁夏银星能源股份有限公司"
"600016.SS","中国民生银行股份有限公司"
"600601.SS","方正科技集团股份有限公司"
"300056.SZ","厦门三维丝环保股份有限公司"
"600061.SS","中纺投资发展股份有限公司"
"600459.SS","贵研铂业股份有限公司"
"601899.SS","紫金矿业集团股份有限公司"
"600567.SS","安徽山鹰纸业股份有限公司"
"002277.SZ","湖南友谊阿波罗商业股份有限公司"
"601727.SS","上海电气集团股份有限公司"
"600035.SS","湖北楚天高速公路股份有限公司"
"002139.SZ","深圳拓邦股份有限公司"
"002063.SZ","远光软件股份有限公司"
"000869.SZ","烟台张裕葡萄酿酒股份有限公司"
"600671.SS","杭州天目山药业股份有限公司"
"000720.SZ","山东新能泰山发电股份有限公司"
"000682.SZ","东方电子股份有限公司"
"600611.SS","大众交通（集团）股份有限公司"
"002023.SZ","四川海特高新技术股份有限公司"
"600864.SS","哈尔滨哈投投资股份有限公司"
"600007.SS","中国国际贸易中心股份有限公司"
"600114.SS","东睦新材料集团股份有限公司"
"000683.SZ","内蒙古远兴能源股份有限公司"
"600846.SS","上海同济科技实业股份有限公司"
"000875.SZ","吉林电力股份有限公司"
"000033.SZ","深圳新都酒店股份有限公司"
"600062.SS","北京双鹤药业股份有限公司"
"002078.SZ","山东太阳纸业股份有限公司"
"000068.SZ","深圳赛格三星股份有限公司"
"000858.SZ","宜宾五粮液股份有限公司"
"600415.SS","浙江中国小商品城集团股份有限公司"
"002411.SZ","江苏九九久科技股份有限公司"
"002073.SZ","软控股份有限公司"
"000591.SZ","重庆桐君阁股份有限公司"
"002091.SZ","江苏国泰国际集团国贸股份有限公司"
"002378.SZ","崇义章源钨业股份有限公司"
"000537.SZ","天津广宇发展股份有限公司"
"000565.SZ","重庆三峡油漆股份有限公司"
"000155.SZ","川化股份有限公司"
"601111.SS","中国国际航空股份有限公司"
"600138.SS","中青旅控股股份有限公司"
"000514.SZ","重庆渝开发股份有限公司"
"601801.SS","安徽新华传媒股份有限公司"
"002370.SZ","浙江亚太药业股份有限公司"
"600231.SS","凌源钢铁股份有限公司"
"000606.SZ","青海明胶股份有限公司"
"000887.SZ","安徽中鼎密封件股份有限公司"
"000919.SZ","金陵药业股份有限公司"
"002266.SZ","浙江富春江水电设备股份有限公司"
"000961.SZ","江苏中南建设集团股份有限公司"
"000539.SZ","广东电力发展股份有限公司"
"600208.SS","新湖中宝股份有限公司"
"600084.SS","中信国安葡萄酒业股份有限公司"
"000913.SZ","浙江钱江摩托股份有限公司"
"002043.SZ","德华兔宝宝装饰新材股份有限公司"
"300055.SZ","北京万邦达环保技术股份有限公司"
"300006.SZ","重庆莱美药业股份有限公司"
"600724.SS","宁波富达股份有限公司"
"000859.SZ","安徽国风塑业股份有限公司"
"002381.SZ","浙江双箭橡胶股份有限公司"
"002145.SZ","中核华原钛白股份有限公司"
"000609.SZ","北京绵世投资集团股份有限公司"
"000568.SZ","泸州老窖股份有限公司"
"600052.SS","浙江广厦股份有限公司"
"600237.SS","安徽铜峰电子股份有限公司"
"600662.SS","上海强生控股股份有限公司"
"600234.SS","太原天龙集团股份有限公司"
"002042.SZ","华孚色纺股份有限公司"
"600757.SS","上海华源企业发展股份有限公司"
"600278.SS","东方国际创业股份有限公司"
"600381.SS","青海贤成矿业股份有限公司"
"300023.SZ","西安宝德自动化股份有限公司"
"000410.SZ","沈阳机床股份有限公司"
"002117.SZ","东港安全印刷股份有限公司"
"000021.SZ","深圳长城开发科技股份有限公司"
"002417.SZ","福建三元达通讯股份有限公司"
"600223.SS","鲁商置业股份有限公司"
"002404.SZ","浙江嘉欣丝绸股份有限公司"
"600516.SS","方大炭素新材料科技股份有限公司"
"000958.SZ","石家庄东方热电股份有限公司"
"002004.SZ","重庆华邦制药股份有限公司"
"000597.SZ","东北制药集团股份有限公司"
"600054.SS","黄山旅游发展股份有限公司"
"000989.SZ","九芝堂股份有限公司"
"600753.SS","河南东方银星投资股份有限公司"
"600291.SS","内蒙古西水创业股份有限公司"
"600238.SS","海南椰岛（集团）股份有限公司"
"002282.SZ","博深工具股份有限公司"
"002126.SZ","浙江银轮机械股份有限公司"
"000755.SZ","山西三维集团股份有限公司"
"300089.SZ","广东长城集团股份有限公司"
"600160.SS","浙江巨化股份有限公司"
"002125.SZ","湘潭电化科技股份有限公司"
"600749.SS","西藏旅游股份有限公司"
"300044.SZ","深圳市赛为智能股份有限公司"
"002248.SZ","威海华东数控股份有限公司"
"600073.SS","上海梅林正广和股份有限公司"
"600528.SS","中铁二局股份有限公司"
"600555.SS","上海九龙山股份有限公司"
"600805.SS","江苏悦达投资股份有限公司"
"600399.SS","抚顺特殊钢股份有限公司"
"002168.SZ","深圳市惠程电气股份有限公司"
"600791.SS","京能置业股份有限公司"
"002051.SZ","中工国际工程股份有限公司"
"002391.SZ","江苏长青农化股份有限公司"
"600568.SS","中珠控股股份有限公司"
"600794.SS","张家港保税科技股份有限公司"
"000159.SZ","新疆国际实业股份有限公司"
"002372.SZ","浙江伟星新型建材股份有限公司"
"600645.SS","中源协和干细胞生物工程股份公司"
"600212.SS","山东江泉实业股份有限公司"
"600475.SS","无锡华光锅炉股份有限公司"
"600708.SS","上海海博股份有限公司"
"000528.SZ","广西柳工机械股份有限公司"
"600834.SS","上海申通地铁股份有限公司"
"002164.SZ","宁波东力传动设备股份有限公司"
"600345.SS","武汉长江通信产业集团股份有限公司"
"000695.SZ","天津滨海能源发展股份有限公司"
"600602.SS","上海广电电子股份有限公司"
"600418.SS","安徽江淮汽车股份有限公司"
"600845.SS","上海宝信软件股份有限公司"
"002027.SZ","七喜控股股份有限公司"
"300021.SZ","甘肃大禹节水股份有限公司"
"000833.SZ","广西贵糖(集团)股份有限公司"
"600566.SS","湖北洪城通用机械股份有限公司"
"000505.SZ","海南珠江控股股份有限公司"
"000403.SZ","振兴生化股份有限公司"
"000748.SZ","长城信息产业股份有限公司"
"000070.SZ","深圳市特发信息股份有限公司"
"600446.SS","深圳市金证科技股份有限公司"
"000665.SZ","武汉塑料工业集团股份有限公司"
"000721.SZ","西安饮食股份有限公司"
"000503.SZ","海虹企业（控股）股份有限公司"
"000010.SZ","北京深华新股份有限公司"
"000416.SZ","民生投资管理股份有限公司"
"600987.SS","浙江航民股份有限公司"
"600704.SS","浙江中大集团股份有限公司"
"002094.SZ","青岛金王应用化学股份有限公司"
"000717.SZ","广东韶钢松山股份有限公司"
"600610.SS","中国纺织机械股份有限公司"
"000059.SZ","辽宁华锦通达化工股份有限公司"
"002367.SZ","康力电梯股份有限公司"
"000850.SZ","安徽华茂纺织股份有限公司"
"600141.SS","湖北兴发化工集团股份有限公司"
"000655.SZ","山东金岭矿业股份有限公司"
"600326.SS","西藏天路股份有限公司"
"000856.SZ","唐山陶瓷股份有限公司"
"002380.SZ","南京科远自动化集团股份有限公司"
"601998.SS","中信银行股份有限公司"
"000713.SZ","合肥丰乐种业股份有限公司"
"002389.SZ","浙江南洋科技股份有限公司"
"002229.SZ","福建鸿博印刷股份有限公司"
"002344.SZ","海宁中国皮革城股份有限公司"
"000552.SZ","甘肃靖远煤电股份有限公司"
"600874.SS","天津创业环保集团股份有限公司"
"002008.SZ","深圳市大族激光科技股份有限公司"
"000812.SZ","陕西金叶科教集团股份有限公司"
"000585.SZ","东北电气发展股份有限公司"
"600009.SS","上海国际机场股份有限公司"
"000046.SZ","泛海建设集团股份有限公司"
"600361.SS","北京华联综合超市股份有限公司"
"300084.SZ","兰州海默科技股份有限公司"
"002065.SZ","东华软件股份公司"
"002151.SZ","北京北斗星通导航技术股份有限公司"
"002060.SZ","广东水电二局股份有限公司"
"002452.SZ","湖南长高高压开关集团股份公司"
"000935.SZ","四川双马水泥股份有限公司"
"000821.SZ","湖北京山轻工机械股份有限公司"
"600000.SS","上海浦东发展银行股份有限公司"
"300041.SZ","湖北回天胶业股份有限公司"
"002270.SZ","山东法因数控机械股份有限公司"
"002157.SZ","江西正邦科技股份有限公司"
"000758.SZ","中国有色金属建设股份有限公司"
"002031.SZ","广东巨轮模具股份有限公司"
"000698.SZ","沈阳化工股份有限公司"
"002105.SZ","深圳信隆实业股份有限公司"
"600590.SS","泰豪科技股份有限公司"
"600253.SS","河南天方药业股份有限公司"
"002445.SZ","江阴中南重工股份有限公司"
"000786.SZ","北新集团建材股份有限公司"
"600104.SS","上海汽车集团股份有限公司"
"002299.SZ","福建圣农发展股份有限公司"
"002210.SZ","深圳市飞马国际供应链股份有限公司"
"002189.SZ","利达光电股份有限公司"
"000584.SZ","四川友利投资控股股份有限公司"
"600883.SS","云南博闻科技实业股份有限公司"
"600588.SS","用友软件股份有限公司"
"600810.SS","神马实业股份有限公司"
"600992.SS","贵州钢绳股份有限公司"
"600390.SS","金瑞新材料科技股份有限公司"
"002428.SZ","云南临沧鑫圆锗业股份有限公司"
"000980.SZ","黄山金马股份有限公司"
"600962.SS","国投中鲁果汁股份有限公司"
"600375.SS","安徽星马汽车股份有限公司"
"600028.SS","中国石油化工股份有限公司"
"002395.SZ","无锡双象超纤材料股份有限公司"
"600829.SS","哈药集团三精制药股份有限公司"
"600818.SS","中路股份有限公司"
"600769.SS","武汉祥龙电业股份有限公司"
"600619.SS","上海海立(集团)股份有限公司"
"600653.SS","上海申华控股股份有限公司"
"601139.SS","深圳市燃气集团股份有限公司"
"600559.SS","河北衡水老白干酒业股份有限公司"
"600066.SS","郑州宇通客车股份有限公司"
"300012.SZ","深圳市华测检测技术股份有限公司"
"000931.SZ","北京中关村科技发展(控股)股份有限公司"
"600171.SS","上海贝岭股份有限公司"
"600675.SS","中华企业股份有限公司"
"600696.SS","上海多伦实业股份有限公司"
"600870.SS","厦门华侨电子股份有限公司"
"000078.SZ","深圳市海王生物工程股份有限公司"
"002363.SZ","山东隆基机械股份有限公司"
"000729.SZ","北京燕京啤酒股份有限公司"
"600095.SS","哈尔滨高科技(集团)股份有限公司"
"300074.SZ","上海华平信息技术股份有限公司"
"000795.SZ","太原双塔刚玉股份有限公司"
"000152.SZ","山东航空股份有限公司"
"002178.SZ","上海延华智能科技股份有限公司"
"600868.SS","广东梅雁水电股份有限公司"
"600272.SS","上海开开实业股份有限公司"
"600581.SS","新疆八一钢铁股份有限公司"
"000725.SZ","京东方科技集团股份有限公司"
"000709.SZ","河北钢铁股份有限公司"
"002038.SZ","北京双鹭药业股份有限公司"
"600509.SS","新疆天富热电股份有限公司"
"002274.SZ","江苏华昌化工股份有限公司"
"600778.SS","新疆友好(集团)股份有限公司"
"600867.SS","通化东宝药业股份有限公司"
"002255.SZ","苏州海陆重工股份有限公司"
"002138.SZ","深圳顺络电子股份有限公司"
"000728.SZ","国元证券股份有限公司"
"600190.SS","锦州港股份有限公司"
"601117.SS","中国化学工程股份有限公司"
"002134.SZ","天津普林电路股份有限公司"
"600182.SS","佳通轮胎股份有限公司"
"000612.SZ","焦作万方铝业股份有限公司"
"000897.SZ","天津津滨发展股份有限公司"
"002181.SZ","广东九州阳光传媒股份有限公司"
"000430.SZ","张家界旅游开发股份有限公司"
"000531.SZ","广州恒运企业集团股份有限公司"
"600268.SS","国电南京自动化股份有限公司"
"600598.SS","黑龙江北大荒农业股份有限公司"
"000096.SZ","深圳市广聚能源股份有限公司"
"600276.SS","江苏恒瑞医药股份有限公司"
"600152.SS","宁波维科精华集团股份有限公司"
"000712.SZ","广东锦龙发展股份有限公司"
"600241.SS","辽宁时代万恒股份有限公司"
"600220.SS","江苏阳光股份有限公司"
"002360.SZ","山西同德化工股份有限公司"
"002194.SZ","武汉凡谷电子技术股份有限公司"
"000801.SZ","四川湖山电子股份有限公司"
"000923.SZ","河北宣化工程机械股份有限公司"
"000063.SZ","中兴通讯股份有限公司"
"300045.SZ","北京华力创通科技股份有限公司"
"600547.SS","山东黄金矿业股份有限公司"
"600178.SS","哈尔滨东安汽车动力股份有限公司"
"600737.SS","中粮屯河股份有限公司"
"600421.SS","武汉国药科技股份有限公司"
"002221.SZ","东华能源股份有限公司"
"600722.SS","河北金牛化工股份有限公司"
"002121.SZ","深圳市科陆电子科技股份有限公司"
"000301.SZ","江苏吴江中国东方丝绸市场股份有限公司"
"002072.SZ","山东德棉股份有限公司"
"600690.SS","青岛海尔股份有限公司"
"600059.SS","浙江古越龙山绍兴酒股份有限公司"
"002318.SZ","浙江久立特材科技股份有限公司"
"000526.SZ","厦门旭飞投资股份有限公司"
"002233.SZ","广东塔牌集团股份有限公司"
"600976.SS","武汉健民药业集团股份有限公司"
"000688.SZ","朝华科技(集团)股份有限公司"
"000707.SZ","湖北双环科技股份有限公司"
"600725.SS","云南云维股份有限公司"
"600768.SS","宁波富邦精业集团股份有限公司"
"600366.SS","宁波韵升股份有限公司"
"601618.SS","中国冶金科工股份有限公司"
"600716.SS","江苏凤凰置业投资股份有限公司"
"600337.SS","美克国际家具股份有限公司"
"600137.SS","四川浪莎控股股份有限公司"
"000793.SZ","华闻传媒投资集团股份有限公司"
"002171.SZ","安徽精诚铜业股份有限公司"
"000733.SZ","中国振华(集团)科技股份有限公司"
"600550.SS","保定天威保变电气股份有限公司"
"600183.SS","广东生益科技股份有限公司"
"600770.SS","江苏综艺股份有限公司"
"600397.SS","安源实业股份有限公司"
"600558.SS","四川大西洋焊接材料股份有限公司"
"002083.SZ","孚日集团股份有限公司"
"000659.SZ","珠海中富实业股份有限公司"
"000407.SZ","山东胜利股份有限公司"
"600037.SS","北京歌华有线电视网络股份有限公司"
"600363.SS","江西联创光电科技股份有限公司"
"600335.SS","鼎盛天工工程机械股份有限公司"
"600801.SS","华新水泥股份有限公司"
"300053.SZ","珠海欧比特控制工程股份有限公司"
"000627.SZ","天茂实业集团股份有限公司"
"002422.SZ","四川科伦药业股份有限公司"
"002358.SZ","河南森源电气股份有限公司"
"002348.SZ","广东高乐玩具股份有限公司"
"600855.SS","北京航天长峰股份有限公司"
"600661.SS","上海新南洋股份有限公司"
"600796.SS","浙江钱江生物化学股份有限公司"
"002409.SZ","江苏雅克科技股份有限公司"
"002340.SZ","深圳市格林美高新技术股份有限公司"
"600199.SS","安徽金种子酒业股份有限公司"
"002244.SZ","杭州滨江房产集团股份有限公司"
"300085.SZ","深圳市银之杰科技股份有限公司"
"600470.SS","安徽六国化工股份有限公司"
"600227.SS","贵州赤天化股份有限公司"
"600695.SS","上海大江(集团)股份有限公司"
"600103.SS","福建省青山纸业股份有限公司"
"002384.SZ","苏州东山精密制造股份有限公司"
"002357.SZ","四川富临运业集团股份有限公司"
"600643.SS","上海爱建股份有限公司"
"600991.SS","广汽长丰汽车股份有限公司"
"000559.SZ","万向钱潮股份有限公司"
"000892.SZ","星美联合股份有限公司"
"002096.SZ","湖南南岭民用爆破器材股份有限公司"
"300001.SZ","青岛特锐德电气股份有限公司"
"000598.SZ","成都市兴蓉投资股份有限公司"
"002070.SZ","福建众和股份有限公司"
"600897.SS","厦门国际航空港股份有限公司"
"601166.SS","兴业银行股份有限公司"
"000800.SZ","一汽轿车股份有限公司"
"002439.SZ","北京启明星辰信息技术股份有限公司"
"000661.SZ","长春高新技术产业(集团)股份有限公司"
"600036.SS","招商银行股份有限公司"
"002064.SZ","浙江华峰氨纶股份有限公司"
"002316.SZ","深圳键桥通讯技术股份有限公司"
"600166.SS","北汽福田汽车股份有限公司"
"002293.SZ","罗莱家纺股份有限公司"
"600866.SS","广东肇庆星湖生物科技股份有限公司"
"002115.SZ","三维通信股份有限公司"
"002346.SZ","上海柘中建设股份有限公司"
"601898.SS","中国中煤能源股份有限公司"
"000770.SZ","武汉锅炉股份有限公司"
"600330.SS","天通控股股份有限公司"
"002435.SZ","长江润发机械股份有限公司"
"000028.SZ","深圳一致药业股份有限公司"
"600684.SS","广州珠江实业开发股份有限公司"
"000547.SZ","神州学人集团股份有限公司"
"000516.SZ","西安开元控股集团股份有限公司"
"000950.SZ","重庆建峰化工股份有限公司"
"600077.SS","辽宁百科集团（控股）股份有限公司"
"600255.SS","安徽鑫科新材料股份有限公司"
"300092.SZ","四川科新机电股份有限公司"
"000566.SZ","海南海药股份有限公司"
"000037.SZ","深圳南山热电股份有限公司"
"001896.SZ","河南豫能控股股份有限公司"
"300064.SZ","郑州华晶金刚石股份有限公司"
"600533.SS","南京栖霞建设股份有限公司"
"300066.SZ","江西三川水表股份有限公司"
"600512.SS","腾达建设集团股份有限公司"
"002081.SZ","苏州金螳螂建筑装饰股份有限公司"
"300073.SZ","北京当升材料科技股份有限公司"
"001696.SZ","重庆宗申动力机械股份有限公司"
"000922.SZ","阿城继电器股份有限公司"
"002068.SZ","江西黑猫炭黑股份有限公司"
"000697.SZ","咸阳偏转股份有限公司"
"002182.SZ","南京云海特种金属股份有限公司"
"600060.SS","青岛海信电器股份有限公司"
"002055.SZ","深圳市得润电子股份有限公司"
"000756.SZ","山东新华制药股份有限公司"
"000911.SZ","南宁糖业股份有限公司"
"000937.SZ","冀中能源股份有限公司"
"600048.SS","保利房地产（集团）股份有限公司"
"002010.SZ","浙江传化股份有限公司"
"000672.SZ","白银铜城商厦(集团)股份有限公司"
"000890.SZ","江苏法尔胜股份有限公司"
"600847.SS","重庆万里控股（集团）股份有限公司"
"600351.SS","亚宝药业集团股份有限公司"
"002169.SZ","广州智光电气股份有限公司"
"002160.SZ","江苏常铝铝业股份有限公司"
"300031.SZ","无锡宝通带业股份有限公司"
"002254.SZ","烟台氨纶股份有限公司"
"002297.SZ","湖南博云新材料股份有限公司"
"600597.SS","光明乳业股份有限公司"
"000898.SZ","鞍钢股份有限公司"
"600126.SS","杭州钢铁股份有限公司"
"000532.SZ","力合股份有限公司"
"000543.SZ","安徽省皖能股份有限公司"
"002193.SZ","山东济宁如意毛纺织股份有限公司"
"600161.SS","北京天坛生物制品股份有限公司"
"000150.SZ","宜华地产股份有限公司"
"600195.SS","中牧实业股份有限公司"
"600562.SS","江苏高淳陶瓷股份有限公司"
"300047.SZ","深圳天源迪科信息技术股份有限公司"
"600761.SS","安徽合力股份有限公司"
"002393.SZ","天津力生制药股份有限公司"
"002102.SZ","福建冠福现代家用股份有限公司"
"600433.SS","广东冠豪高新技术股份有限公司"
"600779.SS","四川水井坊股份有限公司"
"600373.SS","江西鑫新实业股份有限公司"
"600090.SS","新疆啤酒花股份有限公司"
"600896.SS","中海（海南）海盛船务股份有限公司"
"600232.SS","浙江金鹰股份有限公司"
"600999.SS","招商证券股份有限公司"
"000785.SZ","武汉中商集团股份有限公司"
"000555.SZ","深圳市太光电信股份有限公司"
"000586.SZ","四川汇源光通信股份有限公司"
"002016.SZ","广东世荣兆业股份有限公司"
"600476.SS","湖南湘邮科技股份有限公司"
"600571.SS","信雅达系统工程股份有限公司"
"002427.SZ","浙江尤夫高新纤维股份有限公司"
"600097.SS","上海开创国际海洋资源股份有限公司"
"000779.SZ","兰州三毛实业股份有限公司"
"002328.SZ","上海新朋实业股份有限公司"
"000006.SZ","深圳市振业(集团)股份有限公司"
"000419.SZ","长沙通程控股股份有限公司"
"600369.SS","西南证券股份有限公司"
"600202.SS","哈尔滨空调股份有限公司"
"600843.SS","上工申贝（集团）股份有限公司"
"600150.SS","中国船舶工业股份有限公司"
"600251.SS","新疆冠农果茸集团股份有限公司"
"002279.SZ","北京久其软件股份有限公司"
"600323.SS","南海发展股份有限公司"
"000563.SZ","陕西省国际信托股份有限公司"
"600287.SS","江苏舜天股份有限公司"
"601268.SS","二重集团（德阳）重型装备股份有限公司"
"002033.SZ","丽江玉龙旅游股份有限公司"
"002029.SZ","福建七匹狼实业股份有限公司"
"600392.SS","太原理工天成科技股份有限公司"
"300010.SZ","北京立思辰科技股份有限公司"
"000426.SZ","赤峰富龙热电股份有限公司"
"600444.SS","安徽国通高新管业股份有限公司"
"000789.SZ","江西万年青水泥股份有限公司"
"000971.SZ","湖北迈亚股份有限公司"
"600435.SS","中兵光电科技股份有限公司"
"002330.SZ","山东得利斯食品股份有限公司"
"000619.SZ","芜湖海螺型材科技股份有限公司"
"000602.SZ","广东金马旅游集团股份有限公司"
"002001.SZ","浙江新和成股份有限公司"
"000975.SZ","南方科学城发展股份有限公司"
"002087.SZ","河南新野纺织股份有限公司"
"002211.SZ","江苏宏达新材料股份有限公司"
"000825.SZ","山西太钢不锈钢股份有限公司"
"600839.SS","四川长虹电器股份有限公司"
"000719.SZ","焦作鑫安科技股份有限公司"
"002218.SZ","深圳市拓日新能源科技股份有限公司"
"600654.SS","上海飞乐股份有限公司"
"000888.SZ","峨眉山旅游股份有限公司"
"600575.SS","芜湖港储运股份有限公司"
"600354.SS","甘肃省敦煌种业股份有限公司"
"600787.SS","中储发展股份有限公司"
"002397.SZ","湖南梦洁家纺股份有限公司"
"002423.SZ","中原特钢股份有限公司"
"600668.SS","浙江尖峰集团股份有限公司"
"000809.SZ","四川中汇医药(集团)股份有限公司"
"000928.SZ","中钢集团吉林炭素股份有限公司"
"600110.SS","中科英华高技术股份有限公司"
"000525.SZ","南京红太阳股份有限公司"
"002129.SZ","天津中环半导体股份有限公司"
"002179.SZ","中航光电科技股份有限公司"
"600747.SS","大连大显控股股份有限公司"
"002305.SZ","武汉南国置业股份有限公司"
"002354.SZ","大连科冕木业股份有限公司"
"600393.SS","广州东华实业股份有限公司"
"300035.SZ","湖南中科电气股份有限公司"
"600439.SS","河南瑞贝卡发制品股份有限公司"
"002185.SZ","天水华天科技股份有限公司"
"600656.SS","东莞市方达再生资源产业股份有限公司"
"600086.SS","湖北东方金钰股份有限公司"
"600320.SS","上海振华重工（集团）股份有限公司"
"600211.SS","西藏诺迪康药业股份有限公司"
"002237.SZ","山东恒邦冶炼股份有限公司"
"002220.SZ","大连天宝绿色食品股份有限公司"
"600701.SS","哈尔滨工大高新技术产业开发股份有限公司"
"300043.SZ","广东星辉车模股份有限公司"
"000517.SZ","荣安地产股份有限公司"
"300016.SZ","北京北陆药业股份有限公司"
"600980.SS","北矿磁材科技股份有限公司"
"600101.SS","四川明星电力股份有限公司"
"000017.SZ","深圳中华自行车(集团)股份有限公司"
"600885.SS","武汉力诺太阳能集团股份有限公司"
"002022.SZ","上海科华生物工程股份有限公司"
"002120.SZ","宁波新海电气股份有限公司"
"000001.SZ","深圳发展银行股份有限公司"
"600088.SS","中视传媒股份有限公司"
"002454.SZ","上海加冷松芝汽车空调股份有限公司"
"601699.SS","山西潞安环保能源开发股份有限公司"
"600460.SS","杭州士兰微电子股份有限公司"
"600298.SS","安琪酵母股份有限公司"
"600069.SS","河南银鸽实业投资股份有限公司"
"000610.SZ","西安旅游股份有限公司"
"600187.SS","黑龙江国中水务股份有限公司"
"600243.SS","青海华鼎实业股份有限公司"
"600478.SS","湖南科力远新能源股份有限公司"
"600664.SS","哈药集团股份有限公司"
"600008.SS","北京首创股份有限公司"
"600793.SS","宜宾纸业股份有限公司"
"600569.SS","安阳钢铁股份有限公司"
"300080.SZ","河南新大新材料股份有限公司"
"002208.SZ","合肥城建发展股份有限公司"
"002147.SZ","马鞍山方圆回转支承股份有限公司"
"000678.SZ","襄阳汽车轴承股份有限公司"
"002093.SZ","国脉科技股份有限公司"
"600521.SS","浙江华海药业股份有限公司"
"600657.SS","信达地产股份有限公司"
"600487.SS","江苏亨通光电股份有限公司"
"000968.SZ","太原煤气化股份有限公司"
"000925.SZ","浙江众合机电股份有限公司"
"600774.SS","武汉市汉商集团股份有限公司"
"601107.SS","四川成渝高速公路股份有限公司"
"600316.SS","江西洪都航空工业股份有限公司"
"600148.SS","长春一东离合器股份有限公司"
"000691.SZ","海南亚太实业发展股份有限公司"
"000768.SZ","西安飞机国际航空制造股份有限公司"
"002446.SZ","广东盛路通信科技股份有限公司"
"600967.SS","包头北方创业股份有限公司"
"601918.SS","国投新集能源股份有限公司"
"000902.SZ","中国服装股份有限公司"
"600529.SS","山东省药用玻璃股份有限公司"
"601088.SS","中国神华能源股份有限公司"
"002324.SZ","上海普利特复合材料股份有限公司"
"002350.SZ","北京科锐配电自动化股份有限公司"
"000796.SZ","宝鸡商场(集团)股份有限公司"
"600680.SS","上海普天邮通科技股份有限公司"
"002156.SZ","南通富士通微电子股份有限公司"
"002419.SZ","天虹商场股份有限公司"
"600860.SS","北人印刷机械股份有限公司"
"600823.SS","上海世茂股份有限公司"
"600804.SS","成都鹏博士电信传媒集团股份有限公司"
"002341.SZ","深圳市新纶科技股份有限公司"
"600380.SS","健康元药业集团股份有限公司"
"000732.SZ","福建三农集团股份有限公司"
"000425.SZ","徐工集团工程机械股份有限公司"
"002285.SZ","深圳世联地产顾问股份有限公司"
"002079.SZ","苏州固锝电子股份有限公司"
"002176.SZ","江西特种电机股份有限公司"
"600676.SS","上海交运股份有限公司"
"600336.SS","青岛澳柯玛股份有限公司"
"600800.SS","天津环球磁卡股份有限公司"
"600587.SS","山东新华医疗股份有限公司"
"600423.SS","柳州化工股份有限公司"
"000522.SZ","广州白云山制药股份有限公司"
"600689.SS","上海三毛企业（集团）股份有限公司"
"300019.SZ","成都硅宝科技股份有限公司"
"002075.SZ","高新张铜股份有限公司"
"000953.SZ","广西河池化工股份有限公司"
"000803.SZ","四川金宇汽车城（集团）股份有限公司"
"300083.SZ","东莞劲胜精密组件股份有限公司"
"600151.SS","上海航天汽车机电股份有限公司"
"600979.SS","四川广安爱众股份有限公司"
"600844.SS","丹化化工科技股份有限公司"
"000581.SZ","无锡威孚高科技集团股份有限公司"
"600389.SS","南通江山农药化工股份有限公司"
"000860.SZ","北京顺鑫农业股份有限公司"
"000020.SZ","深圳中恒华发股份有限公司"
"000153.SZ","安徽丰原药业股份有限公司"
"000751.SZ","葫芦岛锌业股份有限公司"
"600648.SS","上海外高桥保税区开发股份有限公司"
"000868.SZ","安徽安凯汽车股份有限公司"
"600884.SS","宁波杉杉股份有限公司"
"002251.SZ","步步高商业连锁股份有限公司"
"002383.SZ","北京合众思壮科技股份有限公司"
"002317.SZ","广东众生药业股份有限公司"
"000069.SZ","深圳华侨城股份有限公司"
"600085.SS","北京同仁堂股份有限公司"
"600618.SS","上海氯碱化工股份有限公司"
"600583.SS","海洋石油工程股份有限公司"
"000608.SZ","阳光新业地产股份有限公司"
"600098.SS","广州发展实业控股集团股份有限公司"
"600644.SS","乐山电力股份有限公司"
"000767.SZ","山西漳泽电力股份有限公司"
"000822.SZ","山东海化股份有限公司"
"600250.SS","南京纺织品进出口股份有限公司"
"002453.SZ","苏州天马精细化学品股份有限公司"
"000032.SZ","深圳市桑达实业股份有限公司"
"002430.SZ","杭州杭氧股份有限公司"
"600130.SS","宁波波导股份有限公司"
"600890.SS","中房置业股份有限公司"
"002267.SZ","陕西省天然气股份有限公司"
"000685.SZ","中山公用事业集团股份有限公司"
"000881.SZ","中国大连国际合作(集团)股份有限公司"
"000521.SZ","合肥美菱股份有限公司"
"600362.SS","江西铜业股份有限公司"
"600635.SS","上海大众公用事业(集团)股份有限公司"
"000551.SZ","创元科技股份有限公司"
"000501.SZ","武汉武商集团股份有限公司"
"000622.SZ","岳阳恒立冷气设备股份有限公司"
"002021.SZ","中捷缝纫机股份有限公司"
"600159.SS","北京市大龙伟业房地产开发股份有限公司"
"002034.SZ","浙江美欣达印染集团股份有限公司"
"002128.SZ","内蒙古霍林河露天煤业股份有限公司"
"600307.SS","甘肃酒钢集团宏兴钢铁股份有限公司"
"600766.SS","烟台园城企业集团股份有限公司"
"002135.SZ","浙江东南网架股份有限公司"
"600623.SS","双钱集团股份有限公司"
"600191.SS","包头华资实业股份有限公司"
"000650.SZ","仁和药业股份有限公司"
"600075.SS","新疆天业股份有限公司"
"600560.SS","北京金自天正智能控制股份有限公司"
"600736.SS","苏州新区高新技术产业股份有限公司"
"600970.SS","中国中材国际工程股份有限公司"
"600328.SS","内蒙古兰太实业股份有限公司"
"000889.SZ","秦皇岛渤海物流控股股份有限公司"
"000783.SZ","长江证券股份有限公司"
"300008.SZ","上海佳豪船舶工程设计股份有限公司"
"300039.SZ","上海凯宝药业股份有限公司"
"600594.SS","贵州益佰制药股份有限公司"
"002434.SZ","浙江万里扬变速器股份有限公司"
"600732.SS","上海新梅置业股份有限公司"
"002106.SZ","深圳莱宝高科技股份有限公司"
"002362.SZ","汉王科技股份有限公司"
"601601.SS","中国太平洋保险（集团）股份有限公司"
"000932.SZ","湖南华菱钢铁股份有限公司"
"600759.SS","海南正和实业集团股份有限公司"
"002366.SZ","四川丹甫制冷压缩机股份有限公司"
"002323.SZ","江苏中联电气股份有限公司"
"600015.SS","华夏银行股份有限公司"
"000066.SZ","中国长城计算机深圳股份有限公司"
"000761.SZ","本钢板材股份有限公司"
"000058.SZ","深圳赛格股份有限公司"
"600488.SS","天津天药药业股份有限公司"
"000716.SZ","广西南方食品集团股份有限公司"
"600263.SS","路桥集团国际建设股份有限公司"
"601299.SS","中国北车股份有限公司"
"600508.SS","上海大屯能源股份有限公司"
"000029.SZ","深圳经济特区房地产(集团)股份有限公司"
"600873.SS","五洲明珠股份有限公司"
"600113.SS","浙江东日股份有限公司"
"300004.SZ","南方风机股份有限公司"
"601857.SS","中国石油天然气股份有限公司"
"000534.SZ","广东万泽实业股份有限公司"
"600490.SS","上海中科合臣股份有限公司"
"600811.SS","东方集团股份有限公司"
"000711.SZ","黑龙江天伦置业股份有限公司"
"600408.SS","山西安泰集团股份有限公司"
"000738.SZ","中航动力控制股份有限公司"
"000615.SZ","湖北金环股份有限公司"
"600809.SS","山西杏花村汾酒厂股份有限公司"
"002410.SZ","广联达软件股份有限公司"
"000413.SZ","石家庄宝石电子玻璃股份有限公司"
"000550.SZ","江铃汽车股份有限公司"
"600869.SS","三普药业股份有限公司"
"600578.SS","北京京能热电股份有限公司"
"002444.SZ","杭州巨星科技股份有限公司"
"600247.SS","吉林成城集团股份有限公司"
"002403.SZ","浙江爱仕达电器股份有限公司"
"600603.SS","上海兴业能源控股股份有限公司"
"600835.SS","上海机电股份有限公司"
"600350.SS","山东高速公路股份有限公司"
"002005.SZ","广东德豪润达电气股份有限公司"
"000901.SZ","航天科技控股集团股份有限公司"
"600031.SS","三一重工股份有限公司"
"000027.SZ","深圳能源集团股份有限公司"
"000710.SZ","成都天兴仪表股份有限公司"
"300028.SZ","成都金亚科技股份有限公司"
"600781.SS","上海辅仁实业（集团）股份有限公司"
"600683.SS","京投银泰股份有限公司"
"600466.SS","四川迪康科技药业股份有限公司"
"000048.SZ","深圳市康达尔（集团）股份有限公司"
"600629.SS","上海棱光实业股份有限公司"
"002030.SZ","中山大学达安基因股份有限公司"
"600188.SS","兖州煤业股份有限公司"
"002144.SZ","浙江宏达经编股份有限公司"
"002082.SZ","浙江栋梁新材股份有限公司"
"002074.SZ","江苏东源电器集团股份有限公司"
"300013.SZ","江苏新宁现代物流股份有限公司"
"000590.SZ","紫光古汉集团股份有限公司"
"000631.SZ","顺发恒业股份公司"
"601717.SS","郑州煤矿机械集团股份有限公司"
"601808.SS","中海油田服务股份有限公司"
"000468.SZ","南京普天通信股份有限公司"
"002311.SZ","广东海大集团股份有限公司"
"002281.SZ","武汉光迅科技股份有限公司"
"002018.SZ","安徽华星化工股份有限公司"
"000422.SZ","湖北宜化化工股份有限公司"
"600856.SS","长春百货大楼集团股份有限公司"
"600266.SS","北京城建投资发展股份有限公司"
"000918.SZ","嘉凯城集团股份有限公司"
"300011.SZ","北京鼎汉技术股份有限公司"
"601158.SS","重庆水务集团股份有限公司"
"002327.SZ","深圳市富安娜家居用品股份有限公司"
"600125.SS","中铁铁龙集装箱物流股份有限公司"
"002118.SZ","吉林紫鑫药业股份有限公司"
"000593.SZ","四川大通燃气开发股份有限公司"
"600436.SS","漳州片仔癀药业股份有限公司"
"002361.SZ","安徽神剑新材料股份有限公司"
"600293.SS","湖北三峡新型建材股份有限公司"
"600606.SS","上海金丰投资股份有限公司"
"600887.SS","内蒙古伊利实业集团股份有限公司"
"600782.SS","新余钢铁股份有限公司"
"600816.SS","安信信托投资股份有限公司"
"600099.SS","林海股份有限公司"
"600502.SS","安徽水利开发股份有限公司"
"002071.SZ","江苏宏宝五金股份有限公司"
"000996.SZ","中国中期投资股份有限公司"
"600812.SS","华北制药股份有限公司"
"600189.SS","吉林森林工业股份有限公司"
"000662.SZ","索芙特股份有限公司"
"600305.SS","江苏恒顺醋业股份有限公司"
"600572.SS","浙江康恩贝制药股份有限公司"
"600693.SS","福建东百集团股份有限公司"
"000837.SZ","陕西秦川机械发展股份有限公司"
"600317.SS","营口港务股份有限公司"
"002276.SZ","浙江万马电缆股份有限公司"
"000963.SZ","华东医药股份有限公司"
"600553.SS","河北太行水泥股份有限公司"
"002242.SZ","九阳股份有限公司"
"002124.SZ","宁波天邦股份有限公司"
"002433.SZ","广东皮宝制药股份有限公司"
"600177.SS","雅戈尔集团股份有限公司"
"600469.SS","风神轮胎股份有限公司"
"002345.SZ","广东潮宏基实业股份有限公司"
"000049.SZ","深圳市德赛电池科技股份有限公司"
"600180.SS","山东九发食用菌股份有限公司"
"000986.SZ","佛山华新包装股份有限公司"
"000990.SZ","诚志股份有限公司"
"600379.SS","陕西宝光真空电器股份有限公司"
"002412.SZ","湖南汉森制药股份有限公司"
"600497.SS","云南驰宏锌锗股份有限公司"
"000920.SZ","南方汇通股份有限公司"
"000040.SZ","鸿基地产集团股份有限公司"
"002236.SZ","浙江大华技术股份有限公司"
"600620.SS","上海市天宸股份有限公司"
"000993.SZ","福建闽东电力股份有限公司"
"002379.SZ","山东鲁丰铝箔股份有限公司"
"002373.SZ","北京联信永益科技股份有限公司"
"600281.SS","太原化工股份有限公司"
"002315.SZ","焦点科技股份有限公司"
"000062.SZ","深圳华强实业股份有限公司"
"002107.SZ","山东沃华医药科技股份有限公司"
"000673.SZ","大同水泥股份有限公司"
"000757.SZ","四川方向光电股份有限公司"
"002359.SZ","山东齐星铁塔科技股份有限公司"
"600358.SS","国旅联合股份有限公司"
"002127.SZ","江苏新民纺织科技股份有限公司"
"000404.SZ","华意压缩机股份有限公司"
"600975.SS","湖南新五丰股份有限公司"
"600854.SS","江苏春兰制冷设备股份有限公司"
"000708.SZ","大冶特殊钢股份有限公司"
"000036.SZ","华联控股股份有限公司"
"600744.SS","大唐华银电力股份有限公司"
"600311.SS","甘肃荣华实业（集团）股份有限公司"
"601939.SS","中国建设银行股份有限公司"
"600338.SS","西藏珠峰工业股份有限公司"
"000504.SZ","北京赛迪传媒投资股份有限公司"
"000023.SZ","深圳市天地(集团)股份有限公司"
"000671.SZ","阳光城集团股份有限公司"
"002392.SZ","北京利尔高温材料股份有限公司"
"000512.SZ","厦门灿坤实业股份有限公司"
"000906.SZ","南方建材股份有限公司"
"600513.SS","江苏联环药业股份有限公司"
"600750.SS","江中药业股份有限公司"
"600020.SS","河南中原高速公路股份有限公司"
"000544.SZ","中原环保股份有限公司"
"600275.SS","湖北武昌鱼股份有限公司"
"002198.SZ","广东嘉应制药股份有限公司"
"000722.SZ","湖南金果实业股份有限公司"
"600087.SS","中国长江航运集团南京油运股份有限公司"
"000933.SZ","河南神火煤电股份有限公司"
"600748.SS","上海实业发展股份有限公司"
"600259.SS","广晟有色金属股份有限公司"
"000910.SZ","大亚科技股份有限公司"
"600064.SS","南京新港高科技股份有限公司"
"000587.SZ","光明集团家具股份有限公司"
"000401.SZ","唐山冀东水泥股份有限公司"
"000668.SZ","荣丰控股集团股份有限公司"
"600072.SS","中船江南重工股份有限公司"
"600149.SS","华夏建通科技开发股份有限公司"
"000981.SZ","甘肃兰光科技股份有限公司"
"002007.SZ","华兰生物工程股份有限公司"
"600658.SS","北京电子城投资开发股份有限公司"
"002086.SZ","山东东方海洋科技股份有限公司"
"600582.SS","天地科技股份有限公司"
"002203.SZ","浙江海亮股份有限公司"
"000545.SZ","吉林制药股份有限公司"
"600162.SS","深圳香江控股股份有限公司"
"000338.SZ","潍柴动力股份有限公司"
"600677.SS","航天通信控股集团股份有限公司"
"002450.SZ","北京康得新复合材料股份有限公司"
"600133.SS","武汉东湖高新集团股份有限公司"
"600706.SS","长安信息产业(集团)股份有限公司"
"002303.SZ","深圳市美盈森环保科技股份有限公司"
"000949.SZ","新乡化纤股份有限公司"
"002394.SZ","江苏联发纺织股份有限公司"
"601958.SS","金堆城钼业股份有限公司"
"600771.SS","东盛科技股份有限公司"
"000669.SZ","吉林领先科技发展股份有限公司"
"600139.SS","四川西部资源控股股份有限公司"
"600235.SS","民丰特种纸股份有限公司"
"600196.SS","上海复星医药（集团）股份有限公司"
"000053.SZ","深圳赤湾石油基地股份有限公司"
"600894.SS","广州钢铁股份有限公司"
"600299.SS","蓝星化工新材料股份有限公司"
"300068.SZ","浙江南都电源动力股份有限公司"
"000735.SZ","海口农工贸(罗牛山)股份有限公司"
"600792.SS","云南马龙产业集团股份有限公司"
"002037.SZ","贵州久联民爆器材发展股份有限公司"
"000099.SZ","中信海洋直升机股份有限公司"
"600093.SS","四川禾嘉股份有限公司"
"000703.SZ","世纪光华科技股份有限公司"
"002067.SZ","浙江景兴纸业股份有限公司"
"000596.SZ","安徽古井贡酒股份有限公司"
"600763.SS","通策医疗投资股份有限公司"
"002405.SZ","北京四维图新科技股份有限公司"
"600872.SS","中炬高新技术实业（集团）股份有限公司"
"000617.SZ","济南柴油机股份有限公司"
"600388.SS","福建龙净环保股份有限公司"
"000987.SZ","广州友谊集团股份有限公司"
"600209.SS","罗顿发展股份有限公司"
"000546.SZ","吉林光华控股集团股份有限公司"
"002301.SZ","深圳市齐心文具股份有限公司"
"600109.SS","国金证券股份有限公司"
"600033.SS","福建发展高速公路股份有限公司"
"600790.SS","浙江中国轻纺城集团股份有限公司"
"002437.SZ","哈尔滨誉衡药业股份有限公司"
"002332.SZ","浙江仙琚制药股份有限公司"
"600226.SS","浙江升华拜克生物股份有限公司"
"600595.SS","河南中孚实业股份有限公司"
"000790.SZ","成都华神集团股份有限公司"
"600461.SS","江西洪城水业股份有限公司"
"601328.SS","交通银行股份有限公司"
"300067.SZ","上海安诺其纺织化工股份有限公司"
"000819.SZ","岳阳兴长石化股份有限公司"
"002206.SZ","浙江海利得新材料股份有限公司"
"002386.SZ","宜宾天原集团股份有限公司"
"300003.SZ","乐普(北京)医疗器械股份有限公司"
"300088.SZ","芜湖长信科技股份有限公司"
"600731.SS","湖南海利化工股份有限公司"
"600282.SS","南京钢铁股份有限公司"
"600222.SS","河南太龙药业股份有限公司"
"600723.SS","北京市西单商场股份有限公司"
"300042.SZ","深圳市朗科科技股份有限公司"
"600483.SS","福建南纺股份有限公司"
"600422.SS","昆明制药集团股份有限公司"
"002014.SZ","黄山永新股份有限公司"
"002132.SZ","河南恒星科技股份有限公司"
"000628.SZ","成都高新发展股份有限公司"
"002390.SZ","贵州信邦制药股份有限公司"
"000529.SZ","广东广弘控股股份有限公司"
"600505.SS","四川西昌电力股份有限公司"
"600900.SS","中国长江电力股份有限公司"
"000088.SZ","深圳市盐田港股份有限公司"
"000771.SZ","杭州汽轮机股份有限公司"
"600391.SS","四川成发航空科技股份有限公司"
"002119.SZ","宁波康强电子股份有限公司"
"300079.SZ","北京数码视讯科技股份有限公司"
"000760.SZ","湖北博盈投资股份有限公司"
"600331.SS","四川宏达股份有限公司"
"600518.SS","康美药业股份有限公司"
"000019.SZ","深圳市深宝实业股份有限公司"
"002264.SZ","福建新华都购物广场股份有限公司"
"002112.SZ","三变科技股份有限公司"
"002045.SZ","国光电器股份有限公司"
"002292.SZ","广东奥飞动漫文化股份有限公司"
"600267.SS","浙江海正药业股份有限公司"
"600984.SS","陕西建设机械股份有限公司"
"600821.SS","天津劝业场（集团）股份有限公司"
"600754.SS","上海锦江国际酒店发展股份有限公司"
"000912.SZ","四川泸天化股份有限公司"
"002247.SZ","浙江帝龙新材料股份有限公司"
"600367.SS","贵州红星发展股份有限公司"
"600531.SS","河南豫光金铅股份有限公司"
"600233.SS","大连大杨创世股份有限公司"
"600548.SS","深圳高速公路股份有限公司"
"002161.SZ","深圳市远望谷信息技术股份有限公司"
"002056.SZ","横店集团东磁股份有限公司"
"002049.SZ","唐山晶源裕丰电子股份有限公司"
"600467.SS","山东好当家海洋发展股份有限公司"
"000778.SZ","新兴铸管股份有限公司"
"000693.SZ","成都聚友网络股份有限公司"
"600647.SS","上海同达创业投资股份有限公司"
"000065.SZ","北方国际合作股份有限公司"
"002298.SZ","安徽鑫龙电器股份有限公司"
"002349.SZ","南通精华制药股份有限公司"
"600076.SS","潍坊北大青鸟华光科技股份有限公司"
"600167.SS","联美控股股份有限公司"
"000828.SZ","东莞发展控股股份有限公司"
"002149.SZ","西部金属材料股份有限公司"
"002099.SZ","浙江海翔药业股份有限公司"
"600824.SS","上海益民商业股份有限公司"
"600726.SS","华电能源股份有限公司"
"600327.SS","无锡商业大厦大东方股份有限公司"
"000607.SZ","重庆华立药业股份有限公司"
"600136.SS","武汉道博股份有限公司"
"600682.SS","南京新街口百货商店股份有限公司"
"000810.SZ","华润锦华股份有限公司"
"600563.SS","厦门法拉电子股份有限公司"
"000880.SZ","潍柴重机股份有限公司"
"000408.SZ","玉源控股股份有限公司"
"600070.SS","浙江富润股份有限公司"
"000533.SZ","广东万家乐股份有限公司"
"600613.SS","上海永生投资管理股份有限公司"
"600636.SS","上海三爱富新材料股份有限公司"
"000620.SZ","黑龙江圣方科技股份有限公司"
"600368.SS","广西五洲交通股份有限公司"
"300071.SZ","北京华谊嘉信整合营销顾问股份有限公司"
"000815.SZ","中冶美利纸业股份有限公司"
"600155.SS","河北宝硕股份有限公司"
"002180.SZ","珠海万力达电气股份有限公司"
"000838.SZ","国兴融达地产股份有限公司"
"002154.SZ","浙江报喜鸟服饰股份有限公司"
"600120.SS","浙江东方集团股份有限公司"
"600714.SS","青海金瑞矿业发展股份有限公司"
"000877.SZ","新疆天山水泥股份有限公司"
"600242.SS","中昌海运股份有限公司"
"600416.SS","湘潭电机股份有限公司"
"600832.SS","上海东方明珠（集团）股份有限公司"
"600624.SS","上海复旦复华科技股份有限公司"
"000938.SZ","紫光股份有限公司"
"600720.SS","甘肃祁连山水泥集团股份有限公司"
"002275.SZ","桂林三金药业股份有限公司"
"300030.SZ","广州阳普医疗科技股份有限公司"
"600877.SS","中国嘉陵工业股份有限公司(集团)"
"600360.SS","吉林华微电子股份有限公司"
"600192.SS","兰州长城电工股份有限公司"
"002202.SZ","新疆金风科技股份有限公司"
"600826.SS","上海兰生股份有限公司"
"600520.SS","铜陵三佳科技股份有限公司"
"000605.SZ","四环药业股份有限公司"
"600089.SS","特变电工股份有限公司"
"600203.SS","福建福日电子股份有限公司"
"000519.SZ","成都银河动力股份有限公司"
"000611.SZ","内蒙古时代科技股份有限公司"
"002235.SZ","厦门安妮股份有限公司"
"600063.SS","安徽皖维高新材料股份有限公司"
"600277.SS","内蒙古亿利能源股份有限公司"
"600021.SS","上海电力股份有限公司"
"002100.SZ","新疆天康畜牧生物技术股份有限公司"
"000799.SZ","酒鬼酒股份有限公司"
"600859.SS","北京王府井百货（集团）股份有限公司"
"000638.SZ","万方地产股份有限公司"
"300007.SZ","河南汉威电子股份有限公司"
"600730.SS","中国高科集团股份有限公司"
"600359.SS","新疆塔里木农业综合开发股份有限公司"
"600775.SS","南京熊猫电子股份有限公司"
"000560.SZ","昆明百货大楼(集团)股份有限公司"
"601872.SS","招商局能源运输股份有限公司"
"000513.SZ","丽珠医药集团股份有限公司"
"600865.SS","百大集团股份有限公司"
"600432.SS","吉林吉恩镍业股份有限公司"
"000962.SZ","宁夏东方钽业股份有限公司"
"002186.SZ","中国全聚德（集团）股份有限公司"
"600655.SS","上海豫园旅游商城股份有限公司"
"600880.SS","成都博瑞传播股份有限公司"
"600780.SS","山西通宝能源股份有限公司"
"600993.SS","马应龙药业集团股份有限公司"
"002089.SZ","苏州新海宜通信科技股份有限公司"
"600585.SS","安徽海螺水泥股份有限公司"
"600777.SS","烟台新潮实业股份有限公司"
"600355.SS","精伦电子股份有限公司"
"002195.SZ","上海海隆软件股份有限公司"
"600419.SS","新疆天宏纸业股份有限公司"
"002215.SZ","深圳诺普信农化股份有限公司"
"600651.SS","上海飞乐音响股份有限公司"
"600452.SS","重庆涪陵电力实业股份有限公司"
"600707.SS","彩虹显示器件股份有限公司"
"601005.SS","重庆钢铁股份有限公司"
"300036.SZ","北京超图软件股份有限公司"
"600346.SS","大连橡胶塑料机械股份有限公司"
"600678.SS","四川金顶(集团)股份有限公司"
"601888.SS","中国国旅股份有限公司"
"000788.SZ","北大国际医院集团西南合成制药股份有限公司"
"601009.SS","南京银行股份有限公司"
"600082.SS","天津海泰科技发展股份有限公司"
"002175.SZ","桂林广陆数字测控股份有限公司"
"600609.SS","金杯汽车股份有限公司"
"002224.SZ","浙江三力士橡胶股份有限公司"
"600743.SS","华远地产股份有限公司"
"600310.SS","广西桂东电力股份有限公司"
"600176.SS","中国玻纤股份有限公司"
"600321.SS","四川国栋建设股份有限公司"
"600617.SS","上海联华合纤股份有限公司"
"600891.SS","哈尔滨秋林集团股份有限公司"
"002314.SZ","雅致集成房屋股份有限公司"
"600728.SS","新太科技股份有限公司"
"000927.SZ","天津一汽夏利汽车股份有限公司"
"002325.SZ","深圳市洪涛装饰股份有限公司"
"600185.SS","西安格力地产股份有限公司"
"600713.SS","南京医药股份有限公司"
"002173.SZ","浙江山下湖珍珠集团股份有限公司"
"000002.SZ","万科企业股份有限公司"
"600079.SS","武汉人福医药集团股份有限公司"
"000423.SZ","山东东阿阿胶股份有限公司"
"000026.SZ","深圳市飞亚达(集团)股份有限公司"
"600741.SS","华域汽车系统股份有限公司"
"600667.SS","无锡市太极实业股份有限公司"
"000558.SZ","莱茵达置业股份有限公司"
"002165.SZ","南京红宝丽股份有限公司"
"000007.SZ","深圳市零七股份有限公司"
"002252.SZ","上海莱士血液制品股份有限公司"
"600128.SS","江苏弘业股份有限公司"
"600184.SS","湖北新华光信息材料股份有限公司"
"002426.SZ","苏州胜利精密制造科技股份有限公司"
"600410.SS","北京华胜天成科技股份有限公司"
"002003.SZ","浙江伟星实业发展股份有限公司"
"600271.SS","航天信息股份有限公司"
"002159.SZ","武汉三特索道集团股份有限公司"
"300040.SZ","哈尔滨九洲电气股份有限公司"
"000726.SZ","鲁泰纺织股份有限公司"
"000523.SZ","广州市浪奇实业股份有限公司"
"300082.SZ","辽宁奥克化学股份有限公司"
"600660.SS","福耀玻璃工业集团股份有限公司"
"600111.SS","内蒙古包钢稀土(集团)高科技股份有限公司"
"002335.SZ","厦门科华恒盛股份有限公司"
"600963.SS","岳阳纸业股份有限公司"
"002143.SZ","四川高金食品股份有限公司"
"000054.SZ","重庆建设摩托车股份有限公司"
"002418.SZ","浙江康盛股份有限公司"
"300049.SZ","内蒙古福瑞中蒙药科技股份有限公司"
"002421.SZ","深圳达实智能股份有限公司"
"000787.SZ","创智信息科技股份有限公司"
"600458.SS","株洲时代新材料科技股份有限公司"
"600206.SS","有研半导体材料股份有限公司"
"000816.SZ","江苏江淮动力股份有限公司"
"000031.SZ","中粮地产（集团）股份有限公司"
"000089.SZ","深圳市机场股份有限公司"
"600685.SS","广州广船国际股份有限公司"
"000509.SZ","华塑控股股份有限公司"
"600283.SS","钱江水利开发股份有限公司"
"002408.SZ","淄博齐翔腾达化工股份有限公司"
"600853.SS","龙建路桥股份有限公司"
"002400.SZ","广东省广告股份有限公司"
"600100.SS","同方股份有限公司"
"002231.SZ","奥维通信股份有限公司"
"600385.SS","山东金泰集团股份有限公司"
"000016.SZ","康佳集团股份有限公司"
"002122.SZ","浙江天马轴承股份有限公司"
"002024.SZ","苏宁电器股份有限公司"
"600981.SS","江苏开元股份有限公司"
"000782.SZ","广东新会美达锦纶股份有限公司"
"000567.SZ","海南海德实业股份有限公司"
"600586.SS","山东金晶科技股份有限公司"
"600776.SS","东方通信股份有限公司"
"600486.SS","江苏扬农化工股份有限公司"
"002092.SZ","新疆中泰化学股份有限公司"
"002288.SZ","广东超华科技股份有限公司"
"300024.SZ","沈阳新松机器人自动化股份有限公司"
"600719.SS","大连热电股份有限公司"
"600767.SS","运盛(上海)实业股份有限公司"
"000595.SZ","西北轴承股份有限公司"
"600642.SS","申能股份有限公司"
"002304.SZ","江苏洋河酒厂股份有限公司"
"600702.SS","四川沱牌曲酒股份有限公司"
"002302.SZ","新疆西部建设股份有限公司"
"600260.SS","湖北凯乐科技股份有限公司"
"002337.SZ","天津赛象科技股份有限公司"
"300059.SZ","东方财富信息股份有限公司"
"600889.SS","南京化纤股份有限公司"
"600881.SS","吉林亚泰(集团)股份有限公司"
"000916.SZ","华北高速公路股份有限公司"
"000651.SZ","珠海格力电器股份有限公司"
"002263.SZ","浙江大东南包装股份有限公司"
"600814.SS","杭州解百集团股份有限公司"
"002201.SZ","江苏九鼎新材料股份有限公司"
"600055.SS","北京万东医疗装备股份有限公司"
"600536.SS","中国软件与技术服务股份有限公司"
"600456.SS","宝鸡钛业股份有限公司"
"600173.SS","卧龙地产集团股份有限公司"
"002440.SZ","浙江闰土股份有限公司"
"600650.SS","上海锦江国际实业投资股份有限公司"
"600679.SS","金山开发建设股份有限公司"
"000736.SZ","重庆国际实业投资股份有限公司"
"000623.SZ","吉林敖东药业集团股份有限公司"
"300093.SZ","广东金刚玻璃科技股份有限公司"
"002223.SZ","江苏鱼跃医疗设备股份有限公司"
"601877.SS","浙江正泰电器股份有限公司"
"601006.SS","大秦铁路股份有限公司"
"600119.SS","长发集团长江投资实业股份有限公司"
"600308.SS","山东华泰纸业股份有限公司"
"601678.SS","滨化集团股份有限公司"
"600825.SS","上海新华传媒股份有限公司"
"000594.SZ","天津国恒铁路控股股份有限公司"
"002414.SZ","武汉高德红外股份有限公司"
"600803.SS","河北威远生物化工股份有限公司"
"000899.SZ","江西赣能股份有限公司"
"002174.SZ","梅花伞业股份有限公司"
"002268.SZ","成都卫士通信息产业股份有限公司"
"300052.SZ","深圳中青宝互动网络股份有限公司"
"300078.SZ","杭州中瑞思创科技股份有限公司"
"002183.SZ","深圳市怡亚通供应链股份有限公司"
"000663.SZ","福建省永安林业(集团)股份有限公司"
"300061.SZ","上海康耐特光学股份有限公司"
"300070.SZ","北京碧水源科技股份有限公司"
"600158.SS","中体产业集团股份有限公司"
"002352.SZ","马鞍山鼎泰稀土新材料股份有限公司"
"300027.SZ","华谊兄弟传媒股份有限公司"
"600012.SS","安徽皖通高速公路股份有限公司"
"002131.SZ","浙江利欧股份有限公司"
"002415.SZ","杭州海康威视数字技术股份有限公司"
"600888.SS","新疆众和股份有限公司"
"601607.SS","上海医药集团股份有限公司"
"600493.SS","福建凤竹纺织科技股份有限公司"
"600990.SS","安徽四创电子股份有限公司"
"002398.SZ","厦门市建筑科学研究院集团股份有限公司"
"002166.SZ","桂林莱茵生物科技股份有限公司"
"600600.SS","青岛啤酒股份有限公司"
"000826.SZ","桑德环境资源股份有限公司"
"601188.SS","黑龙江交通发展股份有限公司"
"002192.SZ","路翔股份有限公司"
"600570.SS","恒生电子股份有限公司"
"600322.SS","天津市房地产发展（集团）股份有限公司"
"002212.SZ","广东南洋电缆集团股份有限公司"
"002336.SZ","人人乐连锁商业集团股份有限公司"
"002110.SZ","福建三钢闽光股份有限公司"
"600290.SS","华仪电气股份有限公司"
"600557.SS","江苏康缘药业股份有限公司"
"000915.SZ","山东山大华特科技股份有限公司"
"000635.SZ","宁夏英力特化工股份有限公司"
"300014.SZ","惠州亿纬锂能股份有限公司"
"600215.SS","长春经开(集团)股份有限公司"
"000520.SZ","长航凤凰股份有限公司"
"002369.SZ","深圳市卓翼科技股份有限公司"
"000524.SZ","广州市东方宾馆股份有限公司"
"600604.SS","上海二纺机股份有限公司"
"600306.SS","沈阳商业城股份有限公司"
"601169.SS","北京银行股份有限公司"
"600115.SS","中国东方航空股份有限公司"
"600112.SS","贵州长征电气股份有限公司"
"600530.SS","上海交大昂立股份有限公司"
"000893.SZ","广州东凌粮油股份有限公司"
"000921.SZ","海信科龙电器股份有限公司"
"000014.SZ","沙河实业股份有限公司"
"000701.SZ","厦门信达股份有限公司"
"600608.SS","上海宽频科技股份有限公司"
"600216.SS","浙江医药股份有限公司"
"002402.SZ","深圳和而泰智能控制股份有限公司"
"600760.SS","东安黑豹股份有限公司"
"002013.SZ","湖北中航精机科技股份有限公司"
"000861.SZ","广东海印永业（集团）股份有限公司"
"600371.SS","万向德农股份有限公司"
"000797.SZ","中国武夷实业股份有限公司"
"600175.SS","美都控股股份有限公司"
"600229.SS","青岛碱业股份有限公司"
"600848.SS","上海自动化仪表股份有限公司"
"002015.SZ","江苏霞客环保色纺股份有限公司"
"600319.SS","潍坊亚星化学股份有限公司"
"600626.SS","上海申达股份有限公司"
"600315.SS","上海家化联合股份有限公司"
"002228.SZ","厦门合兴包装印刷股份有限公司"
"600831.SS","陕西广电网络传媒股份有限公司"
"002320.SZ","海南海峡航运股份有限公司"
"600179.SS","黑龙江黑化股份有限公司"
"000965.SZ","天津天保基建股份有限公司"
"002449.SZ","佛山市国星光电股份有限公司"
"600798.SS","宁波海运股份有限公司"
"002153.SZ","北京中长石基信息技术股份有限公司"
"000042.SZ","深圳市长城投资控股股份有限公司"
"002062.SZ","宏润建设集团股份有限公司"
"002197.SZ","深圳市证通电子股份有限公司"
"000807.SZ","云南铝业股份有限公司"
"000905.SZ","厦门港务发展股份有限公司"
"600969.SS","湖南郴电国际发展股份有限公司"
"000498.SZ","丹东化学纤维股份有限公司"
"002307.SZ","新疆北新路桥建设股份有限公司"
"002374.SZ","山东丽鹏股份有限公司"
"600735.SS","山东新华锦国际股份有限公司"
"300075.SZ","北京数字政通科技股份有限公司"
"600050.SS","中国联合网络通信股份有限公司"
"002019.SZ","浙江杭州鑫富药业股份有限公司"
"002002.SZ","江苏琼花高科技股份有限公司"
"000637.SZ","茂名石化实华股份有限公司"
"600302.SS","西安标准工业股份有限公司"
"002447.SZ","大连壹桥海洋苗业股份有限公司"
"000573.SZ","东莞宏远工业区股份有限公司"
"600692.SS","上海亚通股份有限公司"
"002241.SZ","歌尔声学股份有限公司"
"002080.SZ","中材科技股份有限公司"
"000024.SZ","招商局地产控股股份有限公司"
"600808.SS","马鞍山钢铁股份有限公司"
"600378.SS","四川天一科技股份有限公司"
"600718.SS","东软集团股份有限公司"
"000876.SZ","四川新希望农业股份有限公司"
"002006.SZ","浙江精功科技股份有限公司"
"600121.SS","郑州煤电股份有限公司"
"600506.SS","新疆库尔勒香梨股份有限公司"
"002353.SZ","烟台杰瑞石油服务集团股份有限公司"
"600501.SS","航天晨光股份有限公司"
"600068.SS","中国葛洲坝集团股份有限公司"
"000518.SZ","江苏四环生物股份有限公司"
"601866.SS","中海集装箱运输股份有限公司"
"002196.SZ","浙江方正电机股份有限公司"
"600496.SS","长江精工钢结构（集团）股份有限公司"
"601628.SS","中国人寿保险股份有限公司"
"600673.SS","广东东阳光铝业股份有限公司"
"000666.SZ","经纬纺织机械股份有限公司"
"000723.SZ","山西美锦能源股份有限公司"
"002046.SZ","洛阳轴研科技股份有限公司"
"600482.SS","风帆股份有限公司"
"000004.SZ","深圳中国农大科技股份有限公司"
"600639.SS","上海金桥出口加工区开发股份有限公司"
"000715.SZ","中兴-沈阳商业大厦(集团)股份有限公司"
"600081.SS","东风电子科技股份有限公司"
"601000.SS","唐山港集团股份有限公司"
"000766.SZ","通化金马药业集团股份有限公司"
"000970.SZ","北京中科三环高技术股份有限公司"
"600688.SS","中国石化上海石油化工股份有限公司"
"600318.SS","安徽巢东水泥股份有限公司"
"002058.SZ","上海威尔泰工业自动化股份有限公司"
"002443.SZ","浙江金洲管道科技股份有限公司"
"600479.SS","株洲千金药业股份有限公司"
"600468.SS","天津百利特精电气股份有限公司"
"601186.SS","中国铁建股份有限公司"
"600552.SS","安徽方兴科技股份有限公司"
"600738.SS","兰州民百(集团)股份有限公司"
"000039.SZ","中国国际海运集装箱(集团)股份有限公司"
"002286.SZ","保龄宝生物股份有限公司"
"600995.SS","云南文山电力股份有限公司"
"002162.SZ","上海斯米克建筑陶瓷股份有限公司"
"000999.SZ","华润三九医药股份有限公司"
"600630.SS","上海龙头（集团）股份有限公司"
"002136.SZ","安徽安纳达钛业股份有限公司"
"000997.SZ","福建新大陆电脑股份有限公司"
"600396.SS","沈阳金山能源股份有限公司"
"600694.SS","大商集团股份有限公司"
"600551.SS","时代出版传媒股份有限公司"
"000952.SZ","湖北广济药业股份有限公司"
"600186.SS","河南莲花味精股份有限公司"
"600751.SS","天津市海运股份有限公司"
"002342.SZ","巨力索具股份有限公司"
"600129.SS","重庆太极实业（集团）股份有限公司"
"002329.SZ","广西皇氏甲天下乳业股份有限公司"
"600543.SS","甘肃莫高实业发展股份有限公司"
"000616.SZ","亿城集团股份有限公司"
"002239.SZ","江苏金飞达服装股份有限公司"
"600539.SS","太原狮头水泥股份有限公司"
"600132.SS","重庆啤酒股份有限公司"
"600517.SS","上海置信电气股份有限公司"
"600983.SS","合肥荣事达三洋电器股份有限公司"
"000035.SZ","中国科健股份有限公司"
"600143.SS","金发科技股份有限公司"
"000599.SZ","青岛双星股份有限公司"
"600710.SS","常林股份有限公司"
"000507.SZ","珠海经济特区富华集团股份有限公司"
"000582.SZ","北海港股份有限公司"
"000061.SZ","深圳市农产品股份有限公司"
"601288.SS","中国农业银行股份有限公司"
"600579.SS","青岛黄海橡胶股份有限公司"
"600783.SS","山东鲁信高新技术产业股份有限公司"
"002057.SZ","中钢集团安徽天源科技股份有限公司"
"002312.SZ","成都三泰电子实业股份有限公司"
"600614.SS","上海鼎立科技发展（集团）股份有限公司"
"002256.SZ","深圳市彩虹精细化工股份有限公司"
"002259.SZ","四川升达林业产业股份有限公司"
"600742.SS","长春一汽富维汽车零部件股份有限公司"
"000554.SZ","中国石化山东泰山石油股份有限公司"
"000025.SZ","深圳市特力(集团)股份有限公司"
"002438.SZ","江苏神通阀门股份有限公司"
"600500.SS","中化国际（控股）股份有限公司"
"000158.SZ","石家庄常山纺织股份有限公司"
"002047.SZ","深圳成霖洁具股份有限公司"
"600051.SS","宁波联合集团股份有限公司"
"600532.SS","山东华阳科技股份有限公司"
"600827.SS","上海友谊集团股份有限公司"
"600455.SS","西安交大博通资讯股份有限公司"
"300002.SZ","北京神州泰岳软件股份有限公司"
"600489.SS","中金黄金股份有限公司"
"600820.SS","上海隧道工程股份有限公司"
"600017.SS","日照港股份有限公司"
"600641.SS","上海万业企业股份有限公司"
"601999.SS","北方联合出版传媒（集团）股份有限公司"
"601318.SS","中国平安保险（集团）股份有限公司"
"000686.SZ","东北证券股份有限公司"
"002155.SZ","湖南辰州矿业股份有限公司"
"600365.SS","通化葡萄酒股份有限公司"
"300037.SZ","深圳新宙邦科技股份有限公司"
"002113.SZ","湖南天润化工发展股份有限公司"
"002365.SZ","潜江永安药业股份有限公司"
"600425.SS","新疆青松建材化工（集团）股份有限公司"
"600333.SS","长春燃气股份有限公司"
"002163.SZ","中航三鑫股份有限公司"
"000737.SZ","南风化工集团股份有限公司"
"600019.SS","宝山钢铁股份有限公司"
"002050.SZ","浙江三花股份有限公司"
"000836.SZ","天津鑫茂科技股份有限公司"
"300020.SZ","银江股份有限公司"
"000030.SZ","广东盛润集团股份有限公司"
"600876.SS","洛阳玻璃股份有限公司"
"002209.SZ","广州达意隆包装机械股份有限公司"
"000909.SZ","数源科技股份有限公司"
"002142.SZ","宁波银行股份有限公司"
"002260.SZ","广东伊立浦电器股份有限公司"
"600225.SS","天津松江股份有限公司"
"000979.SZ","中弘地产股份有限公司"
"002319.SZ","珠海市乐通化工股份有限公司"
"002261.SZ","拓维信息系统股份有限公司"
"300087.SZ","安徽荃银高科种业股份有限公司"
"600851.SS","上海海欣集团股份有限公司"
"000680.SZ","山推工程机械股份有限公司"
"000530.SZ","大连冷冻机股份有限公司"
"002214.SZ","浙江大立科技股份有限公司"
"000415.SZ","新疆汇通(集团)股份有限公司"
"000939.SZ","武汉凯迪电力股份有限公司"
"000626.SZ","连云港如意集团股份有限公司"
"002407.SZ","多氟多化工股份有限公司"
"000863.SZ","深圳和光现代商务股份有限公司"
"002216.SZ","郑州三全食品股份有限公司"
"000878.SZ","云南铜业股份有限公司"
"002289.SZ","深圳市宇顺电子股份有限公司"
"002140.SZ","东华工程科技股份有限公司"
"000977.SZ","浪潮电子信息产业股份有限公司"
"600200.SS","江苏吴中实业股份有限公司"
"000750.SZ","桂林集琦药业股份有限公司"
"000885.SZ","河南同力水泥股份有限公司"
"002425.SZ","凯撒（中国）股份有限公司"
"000055.SZ","方大集团股份有限公司"
"000421.SZ","南京中北(集团)股份有限公司"
"601600.SS","中国铝业股份有限公司"
"000506.SZ","山东中润投资控股集团股份有限公司"
"300029.SZ","江苏华盛天龙光电设备股份有限公司"
"600168.SS","武汉三镇实业控股股份有限公司"
"000592.SZ","福建中福实业股份有限公司"
"002300.SZ","福建南平太阳电缆股份有限公司"
"600312.SS","河南平高电气股份有限公司"
"600265.SS","云南景谷林业股份有限公司"
"600997.SS","开滦能源化工股份有限公司"
"600462.SS","延边石岘白麓纸业股份有限公司"
"002309.SZ","中利科技集团股份有限公司"
"002326.SZ","浙江永太科技股份有限公司"
"000791.SZ","西北永新化工股份有限公司"
"600210.SS","上海紫江企业集团股份有限公司"
"002048.SZ","宁波华翔电子股份有限公司"
"600083.SS","广东博信投资控股股份有限公司"
"600258.SS","北京首都旅游股份有限公司"
"600733.SS","成都前锋电子股份有限公司"
"000776.SZ","广发证券股份有限公司"
"002012.SZ","浙江凯恩特种材料股份有限公司"
"300072.SZ","北京三聚环保新材料股份有限公司"
"600605.SS","上海汇通能源股份有限公司"
"000012.SZ","中国南玻集团股份有限公司"
"601008.SS","江苏连云港港口股份有限公司"
"600498.SS","烽火通信科技股份有限公司"
"600340.SS","浙江国祥制冷工业股份有限公司"
"002253.SZ","四川川大智胜软件股份有限公司"
"600765.SS","中航重机股份有限公司"
"000985.SZ","大庆华科股份有限公司"
"600169.SS","太原重工股份有限公司"
"600428.SS","中远航运股份有限公司"
"002148.SZ","北京北纬通信科技股份有限公司"
"600377.SS","江苏宁沪高速公路股份有限公司"
"600495.SS","晋西车轴股份有限公司"
"000571.SZ","新大洲控股股份有限公司"
"002076.SZ","广东雪莱特光电科技股份有限公司"
"000428.SZ","华天酒店集团股份有限公司"
"002111.SZ","威海广泰空港设备股份有限公司"
"000670.SZ","舜元地产发展股份有限公司"
"600592.SS","福建龙溪轴承（集团）股份有限公司"
"600764.SS","中电广通股份有限公司"
"600729.SS","重庆百货大楼股份有限公司"
"000705.SZ","浙江震元股份有限公司"
"002097.SZ","湖南山河智能机械股份有限公司"
"002272.SZ","四川川润股份有限公司"
"600561.SS","江西长运股份有限公司"
"600123.SS","山西兰花科技创业股份有限公司"
"600005.SS","武汉钢铁股份有限公司"
"000411.SZ","浙江英特集团股份有限公司"
"002431.SZ","广东棕榈园林股份有限公司"
"002313.SZ","深圳日海通讯技术股份有限公司"
"600197.SS","新疆伊力特实业股份有限公司"
"002225.SZ","濮阳濮耐高温材料（集团）股份有限公司"
"601001.SS","大同煤业股份有限公司"
"000739.SZ","普洛股份有限公司"
"600538.SS","北海国发海洋生物产业股份有限公司"
"600858.SS","银座集团股份有限公司"
"000886.SZ","海南高速公路股份有限公司"
"000400.SZ","许继电气股份有限公司"
"300017.SZ","网宿科技股份有限公司"
"600269.SS","江西赣粤高速公路股份有限公司"
"600697.SS","长春欧亚集团股份有限公司"
"000639.SZ","湖南金德发展股份有限公司"
"600240.SS","北京华业地产股份有限公司"
"601688.SS","华泰证券股份有限公司"
"600248.SS","陕西延长石油化建股份有限公司"
"000570.SZ","常柴股份有限公司"
"600833.SS","上海第一医药股份有限公司"
"600526.SS","浙江菲达环保科技股份有限公司"
"600961.SS","株洲冶炼集团股份有限公司"
"002053.SZ","云南盐化股份有限公司"
"600746.SS","江苏索普化工股份有限公司"
"000603.SZ","威达医用科技股份有限公司"
"002205.SZ","新疆国统管道股份有限公司"
"000160.SZ","承德大路股份有限公司"
"600523.SS","贵州贵航汽车零部件股份有限公司"
"000973.SZ","佛山塑料集团股份有限公司"
"600400.SS","江苏红豆实业股份有限公司"
"000908.SZ","湖南天一科技股份有限公司"
"600387.SS","浙江海越股份有限公司"
"600527.SS","江苏江南高纤股份有限公司"
"300094.SZ","湛江国联水产开发股份有限公司"
"600686.SS","厦门金龙汽车集团股份有限公司"
"000820.SZ","金城造纸股份有限公司"
"600699.SS","辽源得亨股份有限公司"
"600261.SS","浙江阳光集团股份有限公司"
"600863.SS","内蒙古蒙电华能热电股份有限公司"
"000630.SZ","铜陵有色金属集团股份有限公司"
"600893.SS","西安航空动力股份有限公司"
"002036.SZ","宁波宜科科技实业股份有限公司"
"601766.SS","中国南车股份有限公司"
"600221.SS","海南航空股份有限公司"
"600715.SS","松辽汽车股份有限公司"
"000557.SZ","广夏(银川)实业股份有限公司"
"002333.SZ","苏州罗普斯金铝业股份有限公司"
"600806.SS","沈机集团昆明机床股份有限公司"
"000802.SZ","北京京西风光旅游开发股份有限公司"
"600652.SS","上海爱使股份有限公司"
"600156.SS","湖南华升股份有限公司"
"002101.SZ","广东鸿图科技股份有限公司"
"000009.SZ","中国宝安集团股份有限公司"
"600218.SS","安徽全柴动力股份有限公司"
"000829.SZ","天音通信控股股份有限公司"
"000988.SZ","华工科技产业股份有限公司"
"000992.SZ","山东省中鲁远洋渔业股份有限公司"
"600862.SS","南通科技投资集团股份有限公司"
"000157.SZ","长沙中联重工科技发展股份有限公司"
"600107.SS","湖北美尔雅股份有限公司"
"000043.SZ","中航地产股份有限公司"
"600691.SS","东新电碳股份有限公司"
"000806.SZ","北海银河高科技产业股份有限公司"
"002222.SZ","福建福晶科技股份有限公司"
"600960.SS","山东滨州渤海活塞股份有限公司"
"300050.SZ","珠海世纪鼎利通信科技股份有限公司"
"600006.SS","东风汽车股份有限公司"
"000548.SZ","湖南投资集团股份有限公司"
"000536.SZ","华映科技（集团）股份有限公司"
"600300.SS","维维食品饮料股份有限公司"
"000960.SZ","云南锡业股份有限公司"
"000676.SZ","河南思达高科技股份有限公司"
"002152.SZ","广州广电运通金融电子股份有限公司"
"000900.SZ","现代投资股份有限公司"
"002322.SZ","宁波理工监测科技股份有限公司"
"601398.SS","中国工商银行股份有限公司"
"600207.SS","河南安彩高科股份有限公司"
"002204.SZ","大连华锐重工铸钢股份有限公司"
"600409.SS","唐山三友化工股份有限公司"
"300048.SZ","北京合康亿盛变频科技股份有限公司"
"000957.SZ","中通客车控股股份有限公司"
"000882.SZ","北京华联商厦股份有限公司"
"600146.SS","宁夏大元化工股份有限公司"
"600193.SS","厦门创兴置业股份有限公司"
"002291.SZ","佛山星期六鞋业股份有限公司"
"600395.SS","贵州盘江精煤股份有限公司"
"600573.SS","福建省燕京惠泉啤酒股份有限公司"
"002085.SZ","浙江万丰奥威汽轮股份有限公司"
"600356.SS","牡丹江恒丰纸业股份有限公司"
"000541.SZ","佛山电器照明股份有限公司"
"600246.SS","北京万通地产股份有限公司"
"600105.SS","江苏永鼎股份有限公司"
"600071.SS","凤凰光学股份有限公司"
"600153.SS","厦门建发股份有限公司"
"600145.SS","重庆四维控股(集团)股份有限公司"
"002250.SZ","联化科技股份有限公司"
"600519.SS","贵州茅台酒股份有限公司"
"600058.SS","五矿发展股份有限公司"
"002377.SZ","湖北国创高新材料股份有限公司"
"000852.SZ","江汉石油钻头股份有限公司"
"000100.SZ","TCL集团股份有限公司"
"002265.SZ","云南西仪工业股份有限公司"
"600279.SS","重庆港九股份有限公司"
"600621.SS","上海金陵股份有限公司"
"002258.SZ","利尔化学股份有限公司"
"300090.SZ","安徽盛运机械股份有限公司"
"600576.SS","浙江万好万家实业股份有限公司"
"002158.SZ","上海汉钟精机股份有限公司"
"601390.SS","中国中铁股份有限公司"
"600836.SS","上海界龙实业集团股份有限公司"
"600615.SS","上海丰华(集团）股份有限公司"
"002271.SZ","北京东方雨虹防水技术股份有限公司"
"600871.SS","中国石化仪征化纤股份有限公司"
"000917.SZ","湖南电广传媒股份有限公司"
"600080.SS","金花企业(集团)股份有限公司"
"600789.SS","山东鲁抗医药股份有限公司"
"002199.SZ","浙江东晶电子股份有限公司"
"002200.SZ","云南绿大地生物科技股份有限公司"
"600343.SS","陕西航天动力高科技股份有限公司"
"600850.SS","上海华东电脑股份有限公司"
"600596.SS","浙江新安化工集团股份有限公司"
"600703.SS","三安光电股份有限公司"
"600879.SS","航天时代电子技术股份有限公司"
"600666.SS","西南药业股份有限公司"
"600807.SS","山东天业恒基股份有限公司"
"600599.SS","熊猫烟花集团股份有限公司"
"600038.SS","哈飞航空工业股份有限公司"
"000951.SZ","中国重汽集团济南卡车股份有限公司"
"600406.SS","国电南瑞科技股份有限公司"
"600540.SS","新疆赛里木现代农业股份有限公司"
"600108.SS","甘肃亚盛实业(集团)股份有限公司"
"300069.SZ","浙江金利华电气股份有限公司"
"002109.SZ","陕西兴化化学股份有限公司"
"600837.SS","海通证券股份有限公司"
"002234.SZ","山东民和牧业股份有限公司"
"000823.SZ","广东汕头超声电子股份有限公司"
"600420.SS","上海现代制药股份有限公司"
"600892.SS","宝诚投资股份有限公司"
"300062.SZ","福建中能电气股份有限公司"
"300058.SZ","北京蓝色光标品牌管理顾问股份有限公司"
"000982.SZ","宁夏中银绒业股份有限公司"
"002280.SZ","杭州新世纪信息技术股份有限公司"
"601991.SS","大唐国际发电股份有限公司"
"002230.SZ","安徽科大讯飞信息科技股份有限公司"
"600106.SS","重庆路桥股份有限公司"
"300005.SZ","北京探路者户外用品股份有限公司"
"600638.SS","上海新黄浦置业股份有限公司"
"600448.SS","华纺股份有限公司"
"600303.SS","辽宁曙光汽车集团股份有限公司"
"600236.SS","广西桂冠电力股份有限公司"
"002334.SZ","深圳市英威腾电气股份有限公司"
"002141.SZ","广东蓉胜超微线材股份有限公司"
"000632.SZ","福建三木集团股份有限公司"
"002133.SZ","广宇集团股份有限公司"
"600973.SS","宝胜科技创新股份有限公司"
"600289.SS","亿阳信通股份有限公司"
"600262.SS","内蒙古北方重型汽车股份有限公司"
"000402.SZ","金融街控股股份有限公司"
"000690.SZ","广东宝丽华新能源股份有限公司"
"600429.SS","北京三元食品股份有限公司"
"000561.SZ","陕西烽火电子股份有限公司"
"002041.SZ","山东登海种业股份有限公司"
"600758.SS","辽宁红阳能源投资股份有限公司"
"000625.SZ","重庆长安汽车股份有限公司"
"002227.SZ","深圳奥特迅电力设备股份有限公司"
"002364.SZ","杭州中恒电气股份有限公司"
"002401.SZ","上海交技发展股份有限公司"
"000417.SZ","合肥百货大楼集团股份有限公司"
"600511.SS","国药集团药业股份有限公司"
"601588.SS","北京北辰实业股份有限公司"
"002040.SZ","南京港股份有限公司"
"600721.SS","新疆百花村股份有限公司"
"002368.SZ","太极计算机股份有限公司"
"600612.SS","老凤祥股份有限公司"
"600386.SS","北京巴士传媒股份有限公司"
"600698.SS","济南轻骑摩托车股份有限公司"
"601101.SS","北京昊华能源股份有限公司"
"600515.SS","海南筑信投资股份有限公司"
"600301.SS","南宁化工股份有限公司"
"002387.SZ","黑牛食品股份有限公司"
"000418.SZ","无锡小天鹅股份有限公司"
"600637.SS","上海广电信息产业股份有限公司"
"300054.SZ","湖北鼎龙化学股份有限公司"
"002375.SZ","浙江亚厦装饰股份有限公司"
"000692.SZ","沈阳惠天热电股份有限公司"
"601168.SS","西部矿业股份有限公司"
"600649.SS","上海城投控股股份有限公司"
"000540.SZ","中天城投集团股份有限公司"
"600213.SS","扬州亚星客车股份有限公司"
"300076.SZ","宁波GQY视讯股份有限公司"
"002343.SZ","浙江禾欣实业集团股份有限公司"
"000090.SZ","深圳市天健(集团)股份有限公司"
"600270.SS","中外运空运发展股份有限公司"
"600117.SS","西宁特殊钢股份有限公司"
"601989.SS","中国船舶重工股份有限公司"
"002098.SZ","福建浔兴拉链科技股份有限公司"
"002061.SZ","浙江江山化工股份有限公司"
"600157.SS","泰安鲁润股份有限公司"
"002130.SZ","深圳市沃尔核材股份有限公司"
"600131.SS","四川岷江水利电力股份有限公司"
"000848.SZ","河北承德露露股份有限公司"
"600102.SS","莱芜钢铁股份有限公司"
"600172.SS","河南黄河旋风股份有限公司"
"002246.SZ","四川北方硝化棉股份有限公司"
"601333.SS","广深铁路股份有限公司"
"600449.SS","宁夏赛马实业股份有限公司"
"600797.SS","浙大网新科技股份有限公司"
"600795.SS","国电电力发展股份有限公司"
"000008.SZ","广东宝利来投资股份有限公司"
"600382.SS","广东明珠集团股份有限公司"
"000753.SZ","福建漳州发展股份有限公司"
"600802.SS","福建水泥股份有限公司"
"000629.SZ","攀钢集团钢铁钒钛股份有限公司"
"000818.SZ","锦化化工集团氯碱股份有限公司"
"600257.SS","大湖水殖股份有限公司"
"600438.SS","通威股份有限公司"
"002238.SZ","深圳市天威视讯股份有限公司"
"600971.SS","安徽恒源煤电股份有限公司"
"600882.SS","山东大成农药股份有限公司"
"002296.SZ","河南辉煌科技股份有限公司"
"600309.SS","烟台万华聚氨酯股份有限公司"
"002090.SZ","江苏金智科技股份有限公司"
"600965.SS","河北福成五丰食品股份有限公司"
"600739.SS","辽宁成大股份有限公司"
"600118.SS","中国东方红卫星股份有限公司"
"000657.SZ","中钨高新材料股份有限公司"
"000718.SZ","苏宁环球股份有限公司"
"600485.SS","北京中创信测科技股份有限公司"
"600198.SS","大唐电信科技股份有限公司"
"601007.SS","金陵饭店股份有限公司"
"000156.SZ","湖南嘉瑞新材料集团股份有限公司"
"002187.SZ","广州市广百股份有限公司"
"002269.SZ","上海美特斯邦威服饰股份有限公司"
"600755.SS","厦门国贸集团股份有限公司"
"600292.SS","重庆九龙电力股份有限公司"
"600687.SS","浙江刚泰控股（集团）股份有限公司"
"600383.SS","金地（集团）股份有限公司"
"000562.SZ","宏源证券股份有限公司"
"600011.SS","华能国际电力股份有限公司"
"300032.SZ","金龙机电股份有限公司"
"600861.SS","北京城乡贸易中心股份有限公司"
"600507.SS","方大特钢科技股份有限公司"
"002376.SZ","山东新北洋信息技术股份有限公司"
"002441.SZ","众业达电气股份有限公司"
"600580.SS","卧龙电气集团股份有限公司"
"002066.SZ","瑞泰科技股份有限公司"
"000978.SZ","桂林旅游股份有限公司"
"002088.SZ","山东鲁阳股份有限公司"
"002448.SZ","河南省中原内配股份有限公司"
"002032.SZ","浙江苏泊尔股份有限公司"
"000681.SZ","远东实业股份有限公司"
"000936.SZ","江苏华西村股份有限公司"
"002150.SZ","江苏通润装备科技股份有限公司"
"300051.SZ","厦门三五互联科技股份有限公司"
"002283.SZ","天润曲轴股份有限公司"
"002137.SZ","深圳市实益达科技股份有限公司"
"002240.SZ","广东威华股份有限公司"
"300081.SZ","河北恒信移动商务股份有限公司"
"600616.SS","上海金枫酒业股份有限公司"
"600785.SS","银川新华百货商店股份有限公司"
"000930.SZ","安徽丰原生物化学股份有限公司"
"000409.SZ","泰复实业股份有限公司"
"600067.SS","冠城大通股份有限公司"
"000851.SZ","大唐高鸿数据网络技术股份有限公司"
"000702.SZ","湖南正虹科技发展股份有限公司"
"600295.SS","内蒙古鄂尔多斯羊绒制品股份有限公司"
"600510.SS","黑牡丹（集团）股份有限公司"
"600982.SS","宁波热电股份有限公司"
"002025.SZ","贵州航天电器股份有限公司"
"600828.SS","成商集团股份有限公司"
"600029.SS","中国南方航空股份有限公司"
"600477.SS","浙江杭萧钢构股份有限公司"
"002399.SZ","深圳市海普瑞药业股份有限公司"
"002167.SZ","广东东方锆业科技股份有限公司"
"300025.SZ","杭州华星创业通信技术股份有限公司"
"000969.SZ","安泰科技股份有限公司"
"002451.SZ","上海摩恩电气股份有限公司"
"600665.SS","天地源股份有限公司"
"600219.SS","山东南山铝业股份有限公司"
"000831.SZ","山西关铝股份有限公司"
"000839.SZ","中信国安信息产业股份有限公司"
"600589.SS","广东榕泰实业股份有限公司"
"000679.SZ","大连友谊(集团)股份有限公司"
"600640.SS","中卫国脉通信股份有限公司"
"000966.SZ","国电长源电力股份有限公司"
"002321.SZ","河南华英农业发展股份有限公司"
"000168.SZ","广东雷伊（集团）股份有限公司"
"601099.SS","太平洋证券股份有限公司"
"600634.SS","上海海鸟企业发展股份有限公司"
"002123.SZ","荣信电力电子股份有限公司"
"002273.SZ","浙江水晶光电科技股份有限公司"
"002077.SZ","江苏大港股份有限公司"
"000967.SZ","浙江上风实业股份有限公司"
"300015.SZ","爱尔眼科医院集团股份有限公司"
"002104.SZ","恒宝股份有限公司"
"000600.SZ","河北建投能源投资股份有限公司"
"002308.SZ","广东威创视讯科技股份有限公司"
"000727.SZ","南京华东电子信息科技股份有限公司"
"002213.SZ","深圳市特尔佳科技股份有限公司"
"002191.SZ","深圳劲嘉彩印集团股份有限公司"
"600163.SS","福建省南纸股份有限公司"
"000060.SZ","深圳市中金岭南有色金属股份有限公司"
"002413.SZ","江苏常发制冷股份有限公司"
"002416.SZ","深圳市爱施德股份有限公司"
"002190.SZ","四川成飞集成科技股份有限公司"
"600127.SS","湖南金健米业股份有限公司"
"300026.SZ","天津红日药业股份有限公司"
"600545.SS","新疆城建(集团)股份有限公司"
"000759.SZ","武汉中百集团股份有限公司"
"600056.SS","中国医药保健品股份有限公司"
"600549.SS","厦门钨业股份有限公司"
"002044.SZ","江苏三友集团股份有限公司"
"002184.SZ","上海海得控制系统股份有限公司"
"600815.SS","厦门厦工机械股份有限公司"
"002059.SZ","昆明世博园股份有限公司"
"600985.SS","安徽雷鸣科化股份有限公司"
"600841.SS","上海柴油机股份有限公司"
"600273.SS","华芳纺织股份有限公司"
"002338.SZ","长春奥普光电技术股份有限公司"
"000926.SZ","湖北福星科技股份有限公司"
"600022.SS","济南钢铁股份有限公司"
"600481.SS","江苏双良空调设备股份有限公司"
"600230.SS","沧州大化股份有限公司"
"600026.SS","中海发展股份有限公司"
"000510.SZ","四川金路集团股份有限公司"
"600480.SS","凌云工业股份有限公司"
"300065.SZ","北京海兰信数据科技股份有限公司"
"600352.SS","浙江龙盛集团股份有限公司"
"600712.SS","南宁百货大楼股份有限公司"
