<org.yccheok.jstock.engine.StockInfoDatabase>
  <stockInfos>
    <org.yccheok.jstock.engine.StockInfo>
      <code>
        <code>GGBR4.SA</code>
      </code>
      <symbol>
        <symbol>GERDAU-PN</symbol>
      </symbol>
    </org.yccheok.jstock.engine.StockInfo>
    <org.yccheok.jstock.engine.StockInfo>
      <code>
        <code>TRPL4.SA</code>
      </code>
      <symbol>
        <symbol>TRAN PAULIST-PN</symbol>
      </symbol>
    </org.yccheok.jstock.engine.StockInfo>
    <org.yccheok.jstock.engine.StockInfo>
      <code>
        <code>NATU3.SA</code>
      </code>
      <symbol>
        <symbol>NATURA-ON</symbol>
      </symbol>
    </org.yccheok.jstock.engine.StockInfo>
    <org.yccheok.jstock.engine.StockInfo>
      <code>
        <code>PETR3.SA</code>
      </code>
      <symbol>
        <symbol>PETROBRAS-ON</symbol>
      </symbol>
    </org.yccheok.jstock.engine.StockInfo>
    <org.yccheok.jstock.engine.StockInfo>
      <code>
        <code>TNLP4.SA</code>
      </code>
      <symbol>
        <symbol>TELEMAR-PN</symbol>
      </symbol>
    </org.yccheok.jstock.engine.StockInfo>
    <org.yccheok.jstock.engine.StockInfo>
      <code>
        <code>MRVE3.SA</code>
      </code>
      <symbol>
        <symbol>MRV-ON</symbol>
      </symbol>
    </org.yccheok.jstock.engine.StockInfo>
    <org.yccheok.jstock.engine.StockInfo>
      <code>
        <code>VALE3.SA</code>
      </code>
      <symbol>
        <symbol>VALE-ON</symbol>
      </symbol>
    </org.yccheok.jstock.engine.StockInfo>
    <org.yccheok.jstock.engine.StockInfo>
      <code>
        <code>AMBV4.SA</code>
      </code>
      <symbol>
        <symbol>AMBEV-PN</symbol>
      </symbol>
    </org.yccheok.jstock.engine.StockInfo>
    <org.yccheok.jstock.engine.StockInfo>
      <code>
        <code>CESP6.SA</code>
      </code>
      <symbol>
        <symbol>CESP-PNB</symbol>
      </symbol>
    </org.yccheok.jstock.engine.StockInfo>
    <org.yccheok.jstock.engine.StockInfo>
      <code>
        <code>NETC4.SA</code>
      </code>
      <symbol>
        <symbol>NET-PN</symbol>
      </symbol>
    </org.yccheok.jstock.engine.StockInfo>
    <org.yccheok.jstock.engine.StockInfo>
      <code>
        <code>TMAR5.SA</code>
      </code>
      <symbol>
        <symbol>TELEMAR N L -PNA</symbol>
      </symbol>
    </org.yccheok.jstock.engine.StockInfo>
    <org.yccheok.jstock.engine.StockInfo>
      <code>
        <code>RDCD3.SA</code>
      </code>
      <symbol>
        <symbol>REDECARD-ON</symbol>
      </symbol>
    </org.yccheok.jstock.engine.StockInfo>
    <org.yccheok.jstock.engine.StockInfo>
      <code>
        <code>LREN3.SA</code>
      </code>
      <symbol>
        <symbol>LOJAS RENNER-ON</symbol>
      </symbol>
    </org.yccheok.jstock.engine.StockInfo>
    <org.yccheok.jstock.engine.StockInfo>
      <code>
        <code>LAME4.SA</code>
      </code>
      <symbol>
        <symbol>LOJAS AMERIC-PN</symbol>
      </symbol>
    </org.yccheok.jstock.engine.StockInfo>
    <org.yccheok.jstock.engine.StockInfo>
      <code>
        <code>DTEX3.SA</code>
      </code>
      <symbol>
        <symbol>DURATEX-ON</symbol>
      </symbol>
    </org.yccheok.jstock.engine.StockInfo>
    <org.yccheok.jstock.engine.StockInfo>
      <code>
        <code>EMBR3.SA</code>
      </code>
      <symbol>
        <symbol>EMBRAER-ON</symbol>
      </symbol>
    </org.yccheok.jstock.engine.StockInfo>
    <org.yccheok.jstock.engine.StockInfo>
      <code>
        <code>SBSP3.SA</code>
      </code>
      <symbol>
        <symbol>SABESP-ON</symbol>
      </symbol>
    </org.yccheok.jstock.engine.StockInfo>
    <org.yccheok.jstock.engine.StockInfo>
      <code>
        <code>BRKM5.SA</code>
      </code>
      <symbol>
        <symbol>BRASKEM-PNA</symbol>
      </symbol>
    </org.yccheok.jstock.engine.StockInfo>
    <org.yccheok.jstock.engine.StockInfo>
      <code>
        <code>UGPA4.SA</code>
      </code>
      <symbol>
        <symbol>ULTRAPAR-PN</symbol>
      </symbol>
    </org.yccheok.jstock.engine.StockInfo>
    <org.yccheok.jstock.engine.StockInfo>
      <code>
        <code>PCAR5.SA</code>
      </code>
      <symbol>
        <symbol>P.ACUCAR-CBD-PNA</symbol>
      </symbol>
    </org.yccheok.jstock.engine.StockInfo>
    <org.yccheok.jstock.engine.StockInfo>
      <code>
        <code>JBSS3.SA</code>
      </code>
      <symbol>
        <symbol>JBS-ON</symbol>
      </symbol>
    </org.yccheok.jstock.engine.StockInfo>
    <org.yccheok.jstock.engine.StockInfo>
      <code>
        <code>FIBR3.SA</code>
      </code>
      <symbol>
        <symbol>FIBRIA-ON</symbol>
      </symbol>
    </org.yccheok.jstock.engine.StockInfo>
    <org.yccheok.jstock.engine.StockInfo>
      <code>
        <code>ECOD3.SA</code>
      </code>
      <symbol>
        <symbol>ECODIESEL-ON</symbol>
      </symbol>
    </org.yccheok.jstock.engine.StockInfo>
    <org.yccheok.jstock.engine.StockInfo>
      <code>
        <code>CMIG4.SA</code>
      </code>
      <symbol>
        <symbol>CEMIG-PN</symbol>
      </symbol>
    </org.yccheok.jstock.engine.StockInfo>
    <org.yccheok.jstock.engine.StockInfo>
      <code>
        <code>BBDC4.SA</code>
      </code>
      <symbol>
        <symbol>BRADESCO-PN</symbol>
      </symbol>
    </org.yccheok.jstock.engine.StockInfo>
    <org.yccheok.jstock.engine.StockInfo>
      <code>
        <code>PETR4.SA</code>
      </code>
      <symbol>
        <symbol>PETROBRAS-PN</symbol>
      </symbol>
    </org.yccheok.jstock.engine.StockInfo>
    <org.yccheok.jstock.engine.StockInfo>
      <code>
        <code>CCRO3.SA</code>
      </code>
      <symbol>
        <symbol>CCR RODOVIAS-ON</symbol>
      </symbol>
    </org.yccheok.jstock.engine.StockInfo>
    <org.yccheok.jstock.engine.StockInfo>
      <code>
        <code>GOLL4.SA</code>
      </code>
      <symbol>
        <symbol>GOL-PN</symbol>
      </symbol>
    </org.yccheok.jstock.engine.StockInfo>
    <org.yccheok.jstock.engine.StockInfo>
      <code>
        <code>USIM5.SA</code>
      </code>
      <symbol>
        <symbol>USIMINAS-PNA</symbol>
      </symbol>
    </org.yccheok.jstock.engine.StockInfo>
    <org.yccheok.jstock.engine.StockInfo>
      <code>
        <code>TAMM4.SA</code>
      </code>
      <symbol>
        <symbol>TAM S/A-PN</symbol>
      </symbol>
    </org.yccheok.jstock.engine.StockInfo>
    <org.yccheok.jstock.engine.StockInfo>
      <code>
        <code>TLPP4.SA</code>
      </code>
      <symbol>
        <symbol>TELESP-PN</symbol>
      </symbol>
    </org.yccheok.jstock.engine.StockInfo>
    <org.yccheok.jstock.engine.StockInfo>
      <code>
        <code>GFSA3.SA</code>
      </code>
      <symbol>
        <symbol>GAFISA-ON</symbol>
      </symbol>
    </org.yccheok.jstock.engine.StockInfo>
    <org.yccheok.jstock.engine.StockInfo>
      <code>
        <code>KLBN4.SA</code>
      </code>
      <symbol>
        <symbol>KLABIN S/A-PN</symbol>
      </symbol>
    </org.yccheok.jstock.engine.StockInfo>
    <org.yccheok.jstock.engine.StockInfo>
      <code>
        <code>CRUZ3.SA</code>
      </code>
      <symbol>
        <symbol>SOUZA CRUZ-ON</symbol>
      </symbol>
    </org.yccheok.jstock.engine.StockInfo>
    <org.yccheok.jstock.engine.StockInfo>
      <code>
        <code>VALE5.SA</code>
      </code>
      <symbol>
        <symbol>VALE-PNA</symbol>
      </symbol>
    </org.yccheok.jstock.engine.StockInfo>
    <org.yccheok.jstock.engine.StockInfo>
      <code>
        <code>CSAN3.SA</code>
      </code>
      <symbol>
        <symbol>COSAN-ON</symbol>
      </symbol>
    </org.yccheok.jstock.engine.StockInfo>
    <org.yccheok.jstock.engine.StockInfo>
      <code>
        <code>TNLP3.SA</code>
      </code>
      <symbol>
        <symbol>TELEMAR-ON</symbol>
      </symbol>
    </org.yccheok.jstock.engine.StockInfo>
    <org.yccheok.jstock.engine.StockInfo>
      <code>
        <code>BTOW3.SA</code>
      </code>
      <symbol>
        <symbol>B2W VAREJO-ON</symbol>
      </symbol>
    </org.yccheok.jstock.engine.StockInfo>
    <org.yccheok.jstock.engine.StockInfo>
      <code>
        <code>BRFS3.SA</code>
      </code>
      <symbol>
        <symbol>BRF FOODS-ON</symbol>
      </symbol>
    </org.yccheok.jstock.engine.StockInfo>
    <org.yccheok.jstock.engine.StockInfo>
      <code>
        <code>TCSL4.SA</code>
      </code>
      <symbol>
        <symbol>TIM PART S/A-PN</symbol>
      </symbol>
    </org.yccheok.jstock.engine.StockInfo>
    <org.yccheok.jstock.engine.StockInfo>
      <code>
        <code>USIM3.SA</code>
      </code>
      <symbol>
        <symbol>USIMINAS-ON</symbol>
      </symbol>
    </org.yccheok.jstock.engine.StockInfo>
    <org.yccheok.jstock.engine.StockInfo>
      <code>
        <code>CIEL3.SA</code>
      </code>
      <symbol>
        <symbol>CIELO-ON</symbol>
      </symbol>
    </org.yccheok.jstock.engine.StockInfo>
    <org.yccheok.jstock.engine.StockInfo>
      <code>
        <code>ALLL11.SA</code>
      </code>
      <symbol>
        <symbol>ALL AMER LAT-UNT</symbol>
      </symbol>
    </org.yccheok.jstock.engine.StockInfo>
    <org.yccheok.jstock.engine.StockInfo>
      <code>
        <code>BVMF3.SA</code>
      </code>
      <symbol>
        <symbol>BMFBOVESPA-ON</symbol>
      </symbol>
    </org.yccheok.jstock.engine.StockInfo>
    <org.yccheok.jstock.engine.StockInfo>
      <code>
        <code>ITUB4.SA</code>
      </code>
      <symbol>
        <symbol>ITAUUNIBANCO-PN</symbol>
      </symbol>
    </org.yccheok.jstock.engine.StockInfo>
    <org.yccheok.jstock.engine.StockInfo>
      <code>
        <code>ELET6.SA</code>
      </code>
      <symbol>
        <symbol>ELETROBRAS-PNB</symbol>
      </symbol>
    </org.yccheok.jstock.engine.StockInfo>
    <org.yccheok.jstock.engine.StockInfo>
      <code>
        <code>ELPL6.SA</code>
      </code>
      <symbol>
        <symbol>ELETROPAULO -PNB</symbol>
      </symbol>
    </org.yccheok.jstock.engine.StockInfo>
    <org.yccheok.jstock.engine.StockInfo>
      <code>
        <code>CYRE3.SA</code>
      </code>
      <symbol>
        <symbol>CYRELA REALT-ON</symbol>
      </symbol>
    </org.yccheok.jstock.engine.StockInfo>
    <org.yccheok.jstock.engine.StockInfo>
      <code>
        <code>BRAP4.SA</code>
      </code>
      <symbol>
        <symbol>BRADESPAR-PN</symbol>
      </symbol>
    </org.yccheok.jstock.engine.StockInfo>
    <org.yccheok.jstock.engine.StockInfo>
      <code>
        <code>PDGR3.SA</code>
      </code>
      <symbol>
        <symbol>PDG REALT-ON</symbol>
      </symbol>
    </org.yccheok.jstock.engine.StockInfo>
    <org.yccheok.jstock.engine.StockInfo>
      <code>
        <code>LLXL3.SA</code>
      </code>
      <symbol>
        <symbol>LLX LOG-ON</symbol>
      </symbol>
    </org.yccheok.jstock.engine.StockInfo>
    <org.yccheok.jstock.engine.StockInfo>
      <code>
        <code>CSNA3.SA</code>
      </code>
      <symbol>
        <symbol>SID NACIONAL-ON</symbol>
      </symbol>
    </org.yccheok.jstock.engine.StockInfo>
    <org.yccheok.jstock.engine.StockInfo>
      <code>
        <code>BRTO4.SA</code>
      </code>
      <symbol>
        <symbol>BRASIL TELEC-PN</symbol>
      </symbol>
    </org.yccheok.jstock.engine.StockInfo>
    <org.yccheok.jstock.engine.StockInfo>
      <code>
        <code>TCSL3.SA</code>
      </code>
      <symbol>
        <symbol>TIM PART S/A-ON</symbol>
      </symbol>
    </org.yccheok.jstock.engine.StockInfo>
    <org.yccheok.jstock.engine.StockInfo>
      <code>
        <code>CPLE6.SA</code>
      </code>
      <symbol>
        <symbol>COPEL-PNB</symbol>
      </symbol>
    </org.yccheok.jstock.engine.StockInfo>
    <org.yccheok.jstock.engine.StockInfo>
      <code>
        <code>ITSA4.SA</code>
      </code>
      <symbol>
        <symbol>ITAUSA-PN</symbol>
      </symbol>
    </org.yccheok.jstock.engine.StockInfo>
    <org.yccheok.jstock.engine.StockInfo>
      <code>
        <code>GOAU4.SA</code>
      </code>
      <symbol>
        <symbol>GERDAU MET-PN</symbol>
      </symbol>
    </org.yccheok.jstock.engine.StockInfo>
    <org.yccheok.jstock.engine.StockInfo>
      <code>
        <code>RSID3.SA</code>
      </code>
      <symbol>
        <symbol>ROSSI RESID -ON</symbol>
      </symbol>
    </org.yccheok.jstock.engine.StockInfo>
    <org.yccheok.jstock.engine.StockInfo>
      <code>
        <code>VIVO4.SA</code>
      </code>
      <symbol>
        <symbol>VIVO-PN</symbol>
      </symbol>
    </org.yccheok.jstock.engine.StockInfo>
    <org.yccheok.jstock.engine.StockInfo>
      <code>
        <code>OGXP3.SA</code>
      </code>
      <symbol>
        <symbol>OGX PETROLEO-ON</symbol>
      </symbol>
    </org.yccheok.jstock.engine.StockInfo>
    <org.yccheok.jstock.engine.StockInfo>
      <code>
        <code>LIGT3.SA</code>
      </code>
      <symbol>
        <symbol>LIGHT S/A-ON</symbol>
      </symbol>
    </org.yccheok.jstock.engine.StockInfo>
    <org.yccheok.jstock.engine.StockInfo>
      <code>
        <code>MMXM3.SA</code>
      </code>
      <symbol>
        <symbol>MMX MINER-ON</symbol>
      </symbol>
    </org.yccheok.jstock.engine.StockInfo>
    <org.yccheok.jstock.engine.StockInfo>
      <code>
        <code>BBAS3.SA</code>
      </code>
      <symbol>
        <symbol>BRASIL-ON</symbol>
      </symbol>
    </org.yccheok.jstock.engine.StockInfo>
    <org.yccheok.jstock.engine.StockInfo>
      <code>
        <code>ELET3.SA</code>
      </code>
      <symbol>
        <symbol>ELETROBRAS-ON</symbol>
      </symbol>
    </org.yccheok.jstock.engine.StockInfo>
    <org.yccheok.jstock.engine.StockInfo>
      <code>
        <code>CPFE3.SA</code>
      </code>
      <symbol>
        <symbol>CPFL ENERGIA-ON</symbol>
      </symbol>
    </org.yccheok.jstock.engine.StockInfo>
  </stockInfos>
  <industryToStockInfos class="enum-map" enum-type="org.yccheok.jstock.engine.Stock$Industry">
    <entry>
      <org.yccheok.jstock.engine.Stock_-Industry>Unknown</org.yccheok.jstock.engine.Stock_-Industry>
      <list>
        <org.yccheok.jstock.engine.StockInfo reference="../../../../stockInfos/org.yccheok.jstock.engine.StockInfo"/>
        <org.yccheok.jstock.engine.StockInfo reference="../../../../stockInfos/org.yccheok.jstock.engine.StockInfo[2]"/>
        <org.yccheok.jstock.engine.StockInfo reference="../../../../stockInfos/org.yccheok.jstock.engine.StockInfo[3]"/>
        <org.yccheok.jstock.engine.StockInfo reference="../../../../stockInfos/org.yccheok.jstock.engine.StockInfo[4]"/>
        <org.yccheok.jstock.engine.StockInfo reference="../../../../stockInfos/org.yccheok.jstock.engine.StockInfo[5]"/>
        <org.yccheok.jstock.engine.StockInfo reference="../../../../stockInfos/org.yccheok.jstock.engine.StockInfo[6]"/>
        <org.yccheok.jstock.engine.StockInfo reference="../../../../stockInfos/org.yccheok.jstock.engine.StockInfo[7]"/>
        <org.yccheok.jstock.engine.StockInfo reference="../../../../stockInfos/org.yccheok.jstock.engine.StockInfo[8]"/>
        <org.yccheok.jstock.engine.StockInfo reference="../../../../stockInfos/org.yccheok.jstock.engine.StockInfo[9]"/>
        <org.yccheok.jstock.engine.StockInfo reference="../../../../stockInfos/org.yccheok.jstock.engine.StockInfo[10]"/>
        <org.yccheok.jstock.engine.StockInfo reference="../../../../stockInfos/org.yccheok.jstock.engine.StockInfo[11]"/>
        <org.yccheok.jstock.engine.StockInfo reference="../../../../stockInfos/org.yccheok.jstock.engine.StockInfo[12]"/>
        <org.yccheok.jstock.engine.StockInfo reference="../../../../stockInfos/org.yccheok.jstock.engine.StockInfo[13]"/>
        <org.yccheok.jstock.engine.StockInfo reference="../../../../stockInfos/org.yccheok.jstock.engine.StockInfo[14]"/>
        <org.yccheok.jstock.engine.StockInfo reference="../../../../stockInfos/org.yccheok.jstock.engine.StockInfo[15]"/>
        <org.yccheok.jstock.engine.StockInfo reference="../../../../stockInfos/org.yccheok.jstock.engine.StockInfo[16]"/>
        <org.yccheok.jstock.engine.StockInfo reference="../../../../stockInfos/org.yccheok.jstock.engine.StockInfo[17]"/>
        <org.yccheok.jstock.engine.StockInfo reference="../../../../stockInfos/org.yccheok.jstock.engine.StockInfo[18]"/>
        <org.yccheok.jstock.engine.StockInfo reference="../../../../stockInfos/org.yccheok.jstock.engine.StockInfo[19]"/>
        <org.yccheok.jstock.engine.StockInfo reference="../../../../stockInfos/org.yccheok.jstock.engine.StockInfo[20]"/>
        <org.yccheok.jstock.engine.StockInfo reference="../../../../stockInfos/org.yccheok.jstock.engine.StockInfo[21]"/>
        <org.yccheok.jstock.engine.StockInfo reference="../../../../stockInfos/org.yccheok.jstock.engine.StockInfo[22]"/>
        <org.yccheok.jstock.engine.StockInfo reference="../../../../stockInfos/org.yccheok.jstock.engine.StockInfo[23]"/>
        <org.yccheok.jstock.engine.StockInfo reference="../../../../stockInfos/org.yccheok.jstock.engine.StockInfo[24]"/>
        <org.yccheok.jstock.engine.StockInfo reference="../../../../stockInfos/org.yccheok.jstock.engine.StockInfo[25]"/>
        <org.yccheok.jstock.engine.StockInfo reference="../../../../stockInfos/org.yccheok.jstock.engine.StockInfo[26]"/>
        <org.yccheok.jstock.engine.StockInfo reference="../../../../stockInfos/org.yccheok.jstock.engine.StockInfo[27]"/>
        <org.yccheok.jstock.engine.StockInfo reference="../../../../stockInfos/org.yccheok.jstock.engine.StockInfo[28]"/>
        <org.yccheok.jstock.engine.StockInfo reference="../../../../stockInfos/org.yccheok.jstock.engine.StockInfo[29]"/>
        <org.yccheok.jstock.engine.StockInfo reference="../../../../stockInfos/org.yccheok.jstock.engine.StockInfo[30]"/>
        <org.yccheok.jstock.engine.StockInfo reference="../../../../stockInfos/org.yccheok.jstock.engine.StockInfo[31]"/>
        <org.yccheok.jstock.engine.StockInfo reference="../../../../stockInfos/org.yccheok.jstock.engine.StockInfo[32]"/>
        <org.yccheok.jstock.engine.StockInfo reference="../../../../stockInfos/org.yccheok.jstock.engine.StockInfo[33]"/>
        <org.yccheok.jstock.engine.StockInfo reference="../../../../stockInfos/org.yccheok.jstock.engine.StockInfo[34]"/>
        <org.yccheok.jstock.engine.StockInfo reference="../../../../stockInfos/org.yccheok.jstock.engine.StockInfo[35]"/>
        <org.yccheok.jstock.engine.StockInfo reference="../../../../stockInfos/org.yccheok.jstock.engine.StockInfo[36]"/>
        <org.yccheok.jstock.engine.StockInfo reference="../../../../stockInfos/org.yccheok.jstock.engine.StockInfo[37]"/>
        <org.yccheok.jstock.engine.StockInfo reference="../../../../stockInfos/org.yccheok.jstock.engine.StockInfo[38]"/>
        <org.yccheok.jstock.engine.StockInfo reference="../../../../stockInfos/org.yccheok.jstock.engine.StockInfo[39]"/>
        <org.yccheok.jstock.engine.StockInfo reference="../../../../stockInfos/org.yccheok.jstock.engine.StockInfo[40]"/>
        <org.yccheok.jstock.engine.StockInfo reference="../../../../stockInfos/org.yccheok.jstock.engine.StockInfo[41]"/>
        <org.yccheok.jstock.engine.StockInfo reference="../../../../stockInfos/org.yccheok.jstock.engine.StockInfo[42]"/>
        <org.yccheok.jstock.engine.StockInfo reference="../../../../stockInfos/org.yccheok.jstock.engine.StockInfo[43]"/>
        <org.yccheok.jstock.engine.StockInfo reference="../../../../stockInfos/org.yccheok.jstock.engine.StockInfo[44]"/>
        <org.yccheok.jstock.engine.StockInfo reference="../../../../stockInfos/org.yccheok.jstock.engine.StockInfo[45]"/>
        <org.yccheok.jstock.engine.StockInfo reference="../../../../stockInfos/org.yccheok.jstock.engine.StockInfo[46]"/>
        <org.yccheok.jstock.engine.StockInfo reference="../../../../stockInfos/org.yccheok.jstock.engine.StockInfo[47]"/>
        <org.yccheok.jstock.engine.StockInfo reference="../../../../stockInfos/org.yccheok.jstock.engine.StockInfo[48]"/>
        <org.yccheok.jstock.engine.StockInfo reference="../../../../stockInfos/org.yccheok.jstock.engine.StockInfo[49]"/>
        <org.yccheok.jstock.engine.StockInfo reference="../../../../stockInfos/org.yccheok.jstock.engine.StockInfo[50]"/>
        <org.yccheok.jstock.engine.StockInfo reference="../../../../stockInfos/org.yccheok.jstock.engine.StockInfo[51]"/>
        <org.yccheok.jstock.engine.StockInfo reference="../../../../stockInfos/org.yccheok.jstock.engine.StockInfo[52]"/>
        <org.yccheok.jstock.engine.StockInfo reference="../../../../stockInfos/org.yccheok.jstock.engine.StockInfo[53]"/>
        <org.yccheok.jstock.engine.StockInfo reference="../../../../stockInfos/org.yccheok.jstock.engine.StockInfo[54]"/>
        <org.yccheok.jstock.engine.StockInfo reference="../../../../stockInfos/org.yccheok.jstock.engine.StockInfo[55]"/>
        <org.yccheok.jstock.engine.StockInfo reference="../../../../stockInfos/org.yccheok.jstock.engine.StockInfo[56]"/>
        <org.yccheok.jstock.engine.StockInfo reference="../../../../stockInfos/org.yccheok.jstock.engine.StockInfo[57]"/>
        <org.yccheok.jstock.engine.StockInfo reference="../../../../stockInfos/org.yccheok.jstock.engine.StockInfo[58]"/>
        <org.yccheok.jstock.engine.StockInfo reference="../../../../stockInfos/org.yccheok.jstock.engine.StockInfo[59]"/>
        <org.yccheok.jstock.engine.StockInfo reference="../../../../stockInfos/org.yccheok.jstock.engine.StockInfo[60]"/>
        <org.yccheok.jstock.engine.StockInfo reference="../../../../stockInfos/org.yccheok.jstock.engine.StockInfo[61]"/>
        <org.yccheok.jstock.engine.StockInfo reference="../../../../stockInfos/org.yccheok.jstock.engine.StockInfo[62]"/>
        <org.yccheok.jstock.engine.StockInfo reference="../../../../stockInfos/org.yccheok.jstock.engine.StockInfo[63]"/>
        <org.yccheok.jstock.engine.StockInfo reference="../../../../stockInfos/org.yccheok.jstock.engine.StockInfo[64]"/>
        <org.yccheok.jstock.engine.StockInfo reference="../../../../stockInfos/org.yccheok.jstock.engine.StockInfo[65]"/>
      </list>
    </entry>
  </industryToStockInfos>
  <boardToStockInfos class="enum-map" enum-type="org.yccheok.jstock.engine.Stock$Board">
    <entry>
      <org.yccheok.jstock.engine.Stock_-Board>Unknown</org.yccheok.jstock.engine.Stock_-Board>
      <list>
        <org.yccheok.jstock.engine.StockInfo reference="../../../../stockInfos/org.yccheok.jstock.engine.StockInfo"/>
        <org.yccheok.jstock.engine.StockInfo reference="../../../../stockInfos/org.yccheok.jstock.engine.StockInfo[2]"/>
        <org.yccheok.jstock.engine.StockInfo reference="../../../../stockInfos/org.yccheok.jstock.engine.StockInfo[3]"/>
        <org.yccheok.jstock.engine.StockInfo reference="../../../../stockInfos/org.yccheok.jstock.engine.StockInfo[4]"/>
        <org.yccheok.jstock.engine.StockInfo reference="../../../../stockInfos/org.yccheok.jstock.engine.StockInfo[5]"/>
        <org.yccheok.jstock.engine.StockInfo reference="../../../../stockInfos/org.yccheok.jstock.engine.StockInfo[6]"/>
        <org.yccheok.jstock.engine.StockInfo reference="../../../../stockInfos/org.yccheok.jstock.engine.StockInfo[7]"/>
        <org.yccheok.jstock.engine.StockInfo reference="../../../../stockInfos/org.yccheok.jstock.engine.StockInfo[8]"/>
        <org.yccheok.jstock.engine.StockInfo reference="../../../../stockInfos/org.yccheok.jstock.engine.StockInfo[9]"/>
        <org.yccheok.jstock.engine.StockInfo reference="../../../../stockInfos/org.yccheok.jstock.engine.StockInfo[10]"/>
        <org.yccheok.jstock.engine.StockInfo reference="../../../../stockInfos/org.yccheok.jstock.engine.StockInfo[11]"/>
        <org.yccheok.jstock.engine.StockInfo reference="../../../../stockInfos/org.yccheok.jstock.engine.StockInfo[12]"/>
        <org.yccheok.jstock.engine.StockInfo reference="../../../../stockInfos/org.yccheok.jstock.engine.StockInfo[13]"/>
        <org.yccheok.jstock.engine.StockInfo reference="../../../../stockInfos/org.yccheok.jstock.engine.StockInfo[14]"/>
        <org.yccheok.jstock.engine.StockInfo reference="../../../../stockInfos/org.yccheok.jstock.engine.StockInfo[15]"/>
        <org.yccheok.jstock.engine.StockInfo reference="../../../../stockInfos/org.yccheok.jstock.engine.StockInfo[16]"/>
        <org.yccheok.jstock.engine.StockInfo reference="../../../../stockInfos/org.yccheok.jstock.engine.StockInfo[17]"/>
        <org.yccheok.jstock.engine.StockInfo reference="../../../../stockInfos/org.yccheok.jstock.engine.StockInfo[18]"/>
        <org.yccheok.jstock.engine.StockInfo reference="../../../../stockInfos/org.yccheok.jstock.engine.StockInfo[19]"/>
        <org.yccheok.jstock.engine.StockInfo reference="../../../../stockInfos/org.yccheok.jstock.engine.StockInfo[20]"/>
        <org.yccheok.jstock.engine.StockInfo reference="../../../../stockInfos/org.yccheok.jstock.engine.StockInfo[21]"/>
        <org.yccheok.jstock.engine.StockInfo reference="../../../../stockInfos/org.yccheok.jstock.engine.StockInfo[22]"/>
        <org.yccheok.jstock.engine.StockInfo reference="../../../../stockInfos/org.yccheok.jstock.engine.StockInfo[23]"/>
        <org.yccheok.jstock.engine.StockInfo reference="../../../../stockInfos/org.yccheok.jstock.engine.StockInfo[24]"/>
        <org.yccheok.jstock.engine.StockInfo reference="../../../../stockInfos/org.yccheok.jstock.engine.StockInfo[25]"/>
        <org.yccheok.jstock.engine.StockInfo reference="../../../../stockInfos/org.yccheok.jstock.engine.StockInfo[26]"/>
        <org.yccheok.jstock.engine.StockInfo reference="../../../../stockInfos/org.yccheok.jstock.engine.StockInfo[27]"/>
        <org.yccheok.jstock.engine.StockInfo reference="../../../../stockInfos/org.yccheok.jstock.engine.StockInfo[28]"/>
        <org.yccheok.jstock.engine.StockInfo reference="../../../../stockInfos/org.yccheok.jstock.engine.StockInfo[29]"/>
        <org.yccheok.jstock.engine.StockInfo reference="../../../../stockInfos/org.yccheok.jstock.engine.StockInfo[30]"/>
        <org.yccheok.jstock.engine.StockInfo reference="../../../../stockInfos/org.yccheok.jstock.engine.StockInfo[31]"/>
        <org.yccheok.jstock.engine.StockInfo reference="../../../../stockInfos/org.yccheok.jstock.engine.StockInfo[32]"/>
        <org.yccheok.jstock.engine.StockInfo reference="../../../../stockInfos/org.yccheok.jstock.engine.StockInfo[33]"/>
        <org.yccheok.jstock.engine.StockInfo reference="../../../../stockInfos/org.yccheok.jstock.engine.StockInfo[34]"/>
        <org.yccheok.jstock.engine.StockInfo reference="../../../../stockInfos/org.yccheok.jstock.engine.StockInfo[35]"/>
        <org.yccheok.jstock.engine.StockInfo reference="../../../../stockInfos/org.yccheok.jstock.engine.StockInfo[36]"/>
        <org.yccheok.jstock.engine.StockInfo reference="../../../../stockInfos/org.yccheok.jstock.engine.StockInfo[37]"/>
        <org.yccheok.jstock.engine.StockInfo reference="../../../../stockInfos/org.yccheok.jstock.engine.StockInfo[38]"/>
        <org.yccheok.jstock.engine.StockInfo reference="../../../../stockInfos/org.yccheok.jstock.engine.StockInfo[39]"/>
        <org.yccheok.jstock.engine.StockInfo reference="../../../../stockInfos/org.yccheok.jstock.engine.StockInfo[40]"/>
        <org.yccheok.jstock.engine.StockInfo reference="../../../../stockInfos/org.yccheok.jstock.engine.StockInfo[41]"/>
        <org.yccheok.jstock.engine.StockInfo reference="../../../../stockInfos/org.yccheok.jstock.engine.StockInfo[42]"/>
        <org.yccheok.jstock.engine.StockInfo reference="../../../../stockInfos/org.yccheok.jstock.engine.StockInfo[43]"/>
        <org.yccheok.jstock.engine.StockInfo reference="../../../../stockInfos/org.yccheok.jstock.engine.StockInfo[44]"/>
        <org.yccheok.jstock.engine.StockInfo reference="../../../../stockInfos/org.yccheok.jstock.engine.StockInfo[45]"/>
        <org.yccheok.jstock.engine.StockInfo reference="../../../../stockInfos/org.yccheok.jstock.engine.StockInfo[46]"/>
        <org.yccheok.jstock.engine.StockInfo reference="../../../../stockInfos/org.yccheok.jstock.engine.StockInfo[47]"/>
        <org.yccheok.jstock.engine.StockInfo reference="../../../../stockInfos/org.yccheok.jstock.engine.StockInfo[48]"/>
        <org.yccheok.jstock.engine.StockInfo reference="../../../../stockInfos/org.yccheok.jstock.engine.StockInfo[49]"/>
        <org.yccheok.jstock.engine.StockInfo reference="../../../../stockInfos/org.yccheok.jstock.engine.StockInfo[50]"/>
        <org.yccheok.jstock.engine.StockInfo reference="../../../../stockInfos/org.yccheok.jstock.engine.StockInfo[51]"/>
        <org.yccheok.jstock.engine.StockInfo reference="../../../../stockInfos/org.yccheok.jstock.engine.StockInfo[52]"/>
        <org.yccheok.jstock.engine.StockInfo reference="../../../../stockInfos/org.yccheok.jstock.engine.StockInfo[53]"/>
        <org.yccheok.jstock.engine.StockInfo reference="../../../../stockInfos/org.yccheok.jstock.engine.StockInfo[54]"/>
        <org.yccheok.jstock.engine.StockInfo reference="../../../../stockInfos/org.yccheok.jstock.engine.StockInfo[55]"/>
        <org.yccheok.jstock.engine.StockInfo reference="../../../../stockInfos/org.yccheok.jstock.engine.StockInfo[56]"/>
        <org.yccheok.jstock.engine.StockInfo reference="../../../../stockInfos/org.yccheok.jstock.engine.StockInfo[57]"/>
        <org.yccheok.jstock.engine.StockInfo reference="../../../../stockInfos/org.yccheok.jstock.engine.StockInfo[58]"/>
        <org.yccheok.jstock.engine.StockInfo reference="../../../../stockInfos/org.yccheok.jstock.engine.StockInfo[59]"/>
        <org.yccheok.jstock.engine.StockInfo reference="../../../../stockInfos/org.yccheok.jstock.engine.StockInfo[60]"/>
        <org.yccheok.jstock.engine.StockInfo reference="../../../../stockInfos/org.yccheok.jstock.engine.StockInfo[61]"/>
        <org.yccheok.jstock.engine.StockInfo reference="../../../../stockInfos/org.yccheok.jstock.engine.StockInfo[62]"/>
        <org.yccheok.jstock.engine.StockInfo reference="../../../../stockInfos/org.yccheok.jstock.engine.StockInfo[63]"/>
        <org.yccheok.jstock.engine.StockInfo reference="../../../../stockInfos/org.yccheok.jstock.engine.StockInfo[64]"/>
        <org.yccheok.jstock.engine.StockInfo reference="../../../../stockInfos/org.yccheok.jstock.engine.StockInfo[65]"/>
      </list>
    </entry>
  </boardToStockInfos>
</org.yccheok.jstock.engine.StockInfoDatabase>