<org.yccheok.jstock.engine.StockCodeAndSymbolDatabase>
  <symbolToCode>
    <entry>
      <org.yccheok.jstock.engine.Symbol>
        <symbol>BRADESCO-PN</symbol>
      </org.yccheok.jstock.engine.Symbol>
      <org.yccheok.jstock.engine.Code>
        <code>BBDC4.SA</code>
      </org.yccheok.jstock.engine.Code>
    </entry>
    <entry>
      <org.yccheok.jstock.engine.Symbol>
        <symbol>ALL AMER LAT-UNT</symbol>
      </org.yccheok.jstock.engine.Symbol>
      <org.yccheok.jstock.engine.Code>
        <code>ALLL11.SA</code>
      </org.yccheok.jstock.engine.Code>
    </entry>
    <entry>
      <org.yccheok.jstock.engine.Symbol>
        <symbol>ELETROBRAS-ON</symbol>
      </org.yccheok.jstock.engine.Symbol>
      <org.yccheok.jstock.engine.Code>
        <code>ELET3.SA</code>
      </org.yccheok.jstock.engine.Code>
    </entry>
    <entry>
      <org.yccheok.jstock.engine.Symbol>
        <symbol>CELESC-PNB</symbol>
      </org.yccheok.jstock.engine.Symbol>
      <org.yccheok.jstock.engine.Code>
        <code>CLSC6.SA</code>
      </org.yccheok.jstock.engine.Code>
    </entry>
    <entry>
      <org.yccheok.jstock.engine.Symbol>
        <symbol>REDECARD-ON</symbol>
      </org.yccheok.jstock.engine.Symbol>
      <org.yccheok.jstock.engine.Code>
        <code>RDCD3.SA</code>
      </org.yccheok.jstock.engine.Code>
    </entry>
    <entry>
      <org.yccheok.jstock.engine.Symbol>
        <symbol>ROSSI RESID -ON</symbol>
      </org.yccheok.jstock.engine.Symbol>
      <org.yccheok.jstock.engine.Code>
        <code>RSID3.SA</code>
      </org.yccheok.jstock.engine.Code>
    </entry>
    <entry>
      <org.yccheok.jstock.engine.Symbol>
        <symbol>COMGAS-PNA</symbol>
      </org.yccheok.jstock.engine.Symbol>
      <org.yccheok.jstock.engine.Code>
        <code>CGAS5.SA</code>
      </org.yccheok.jstock.engine.Code>
    </entry>
    <entry>
      <org.yccheok.jstock.engine.Symbol>
        <symbol>AMBEV-PN</symbol>
      </org.yccheok.jstock.engine.Symbol>
      <org.yccheok.jstock.engine.Code>
        <code>AMBV4.SA</code>
      </org.yccheok.jstock.engine.Code>
    </entry>
    <entry>
      <org.yccheok.jstock.engine.Symbol>
        <symbol>KLABIN S/A-PN</symbol>
      </org.yccheok.jstock.engine.Symbol>
      <org.yccheok.jstock.engine.Code>
        <code>KLBN4.SA</code>
      </org.yccheok.jstock.engine.Code>
    </entry>
    <entry>
      <org.yccheok.jstock.engine.Symbol>
        <symbol>ITAUUNIBANCO-PN</symbol>
      </org.yccheok.jstock.engine.Symbol>
      <org.yccheok.jstock.engine.Code>
        <code>ITUB4.SA</code>
      </org.yccheok.jstock.engine.Code>
    </entry>
    <entry>
      <org.yccheok.jstock.engine.Symbol>
        <symbol>TELEMAR N L -PNA</symbol>
      </org.yccheok.jstock.engine.Symbol>
      <org.yccheok.jstock.engine.Code>
        <code>TMAR5.SA</code>
      </org.yccheok.jstock.engine.Code>
    </entry>
    <entry>
      <org.yccheok.jstock.engine.Symbol>
        <symbol>JBS-ON</symbol>
      </org.yccheok.jstock.engine.Symbol>
      <org.yccheok.jstock.engine.Code>
        <code>JBSS3.SA</code>
      </org.yccheok.jstock.engine.Code>
    </entry>
    <entry>
      <org.yccheok.jstock.engine.Symbol>
        <symbol>TAM S/A-PN</symbol>
      </org.yccheok.jstock.engine.Symbol>
      <org.yccheok.jstock.engine.Code>
        <code>TAMM4.SA</code>
      </org.yccheok.jstock.engine.Code>
    </entry>
    <entry>
      <org.yccheok.jstock.engine.Symbol>
        <symbol>BRASIL TELEC-PN</symbol>
      </org.yccheok.jstock.engine.Symbol>
      <org.yccheok.jstock.engine.Code>
        <code>BRTO4.SA</code>
      </org.yccheok.jstock.engine.Code>
    </entry>
    <entry>
      <org.yccheok.jstock.engine.Symbol>
        <symbol>TRAN PAULIST-PN</symbol>
      </org.yccheok.jstock.engine.Symbol>
      <org.yccheok.jstock.engine.Code>
        <code>TRPL4.SA</code>
      </org.yccheok.jstock.engine.Code>
    </entry>
    <entry>
      <org.yccheok.jstock.engine.Symbol>
        <symbol>TELEMAR-PN</symbol>
      </org.yccheok.jstock.engine.Symbol>
      <org.yccheok.jstock.engine.Code>
        <code>TNLP4.SA</code>
      </org.yccheok.jstock.engine.Code>
    </entry>
    <entry>
      <org.yccheok.jstock.engine.Symbol>
        <symbol>USIMINAS-ON</symbol>
      </org.yccheok.jstock.engine.Symbol>
      <org.yccheok.jstock.engine.Code>
        <code>USIM3.SA</code>
      </org.yccheok.jstock.engine.Code>
    </entry>
    <entry>
      <org.yccheok.jstock.engine.Symbol>
        <symbol>ELETROBRAS-PNB</symbol>
      </org.yccheok.jstock.engine.Symbol>
      <org.yccheok.jstock.engine.Code>
        <code>ELET6.SA</code>
      </org.yccheok.jstock.engine.Code>
    </entry>
    <entry>
      <org.yccheok.jstock.engine.Symbol>
        <symbol>EMBRAER-ON</symbol>
      </org.yccheok.jstock.engine.Symbol>
      <org.yccheok.jstock.engine.Code>
        <code>EMBR3.SA</code>
      </org.yccheok.jstock.engine.Code>
    </entry>
    <entry>
      <org.yccheok.jstock.engine.Symbol>
        <symbol>USIMINAS-PNA</symbol>
      </org.yccheok.jstock.engine.Symbol>
      <org.yccheok.jstock.engine.Code>
        <code>USIM5.SA</code>
      </org.yccheok.jstock.engine.Code>
    </entry>
    <entry>
      <org.yccheok.jstock.engine.Symbol>
        <symbol>CEMIG-PN</symbol>
      </org.yccheok.jstock.engine.Symbol>
      <org.yccheok.jstock.engine.Code>
        <code>CMIG4.SA</code>
      </org.yccheok.jstock.engine.Code>
    </entry>
    <entry>
      <org.yccheok.jstock.engine.Symbol>
        <symbol>NATURA-ON</symbol>
      </org.yccheok.jstock.engine.Symbol>
      <org.yccheok.jstock.engine.Code>
        <code>NATU3.SA</code>
      </org.yccheok.jstock.engine.Code>
    </entry>
    <entry>
      <org.yccheok.jstock.engine.Symbol>
        <symbol>LOJAS AMERIC-PN</symbol>
      </org.yccheok.jstock.engine.Symbol>
      <org.yccheok.jstock.engine.Code>
        <code>LAME4.SA</code>
      </org.yccheok.jstock.engine.Code>
    </entry>
    <entry>
      <org.yccheok.jstock.engine.Symbol>
        <symbol>BRASKEM-PNA</symbol>
      </org.yccheok.jstock.engine.Symbol>
      <org.yccheok.jstock.engine.Code>
        <code>BRKM5.SA</code>
      </org.yccheok.jstock.engine.Code>
    </entry>
    <entry>
      <org.yccheok.jstock.engine.Symbol>
        <symbol>GOL-PN</symbol>
      </org.yccheok.jstock.engine.Symbol>
      <org.yccheok.jstock.engine.Code>
        <code>GOLL4.SA</code>
      </org.yccheok.jstock.engine.Code>
    </entry>
    <entry>
      <org.yccheok.jstock.engine.Symbol>
        <symbol>BRASIL-ON</symbol>
      </org.yccheok.jstock.engine.Symbol>
      <org.yccheok.jstock.engine.Code>
        <code>BBAS3.SA</code>
      </org.yccheok.jstock.engine.Code>
    </entry>
    <entry>
      <org.yccheok.jstock.engine.Symbol>
        <symbol>LOJAS RENNER-ON</symbol>
      </org.yccheok.jstock.engine.Symbol>
      <org.yccheok.jstock.engine.Code>
        <code>LREN3.SA</code>
      </org.yccheok.jstock.engine.Code>
    </entry>
    <entry>
      <org.yccheok.jstock.engine.Symbol>
        <symbol>VIVO-PN</symbol>
      </org.yccheok.jstock.engine.Symbol>
      <org.yccheok.jstock.engine.Code>
        <code>VIVO4.SA</code>
      </org.yccheok.jstock.engine.Code>
    </entry>
    <entry>
      <org.yccheok.jstock.engine.Symbol>
        <symbol>BMFBOVESPA-ON</symbol>
      </org.yccheok.jstock.engine.Symbol>
      <org.yccheok.jstock.engine.Code>
        <code>BVMF3.SA</code>
      </org.yccheok.jstock.engine.Code>
    </entry>
    <entry>
      <org.yccheok.jstock.engine.Symbol>
        <symbol>SABESP-ON</symbol>
      </org.yccheok.jstock.engine.Symbol>
      <org.yccheok.jstock.engine.Code>
        <code>SBSP3.SA</code>
      </org.yccheok.jstock.engine.Code>
    </entry>
    <entry>
      <org.yccheok.jstock.engine.Symbol>
        <symbol>SOUZA CRUZ-ON</symbol>
      </org.yccheok.jstock.engine.Symbol>
      <org.yccheok.jstock.engine.Code>
        <code>CRUZ3.SA</code>
      </org.yccheok.jstock.engine.Code>
    </entry>
    <entry>
      <org.yccheok.jstock.engine.Symbol>
        <symbol>TELEMAR-ON</symbol>
      </org.yccheok.jstock.engine.Symbol>
      <org.yccheok.jstock.engine.Code>
        <code>TNLP3.SA</code>
      </org.yccheok.jstock.engine.Code>
    </entry>
    <entry>
      <org.yccheok.jstock.engine.Symbol>
        <symbol>NOSSA CAIXA -ON</symbol>
      </org.yccheok.jstock.engine.Symbol>
      <org.yccheok.jstock.engine.Code>
        <code>BNCA3.SA</code>
      </org.yccheok.jstock.engine.Code>
    </entry>
    <entry>
      <org.yccheok.jstock.engine.Symbol>
        <symbol>CPFL ENERGIA-ON</symbol>
      </org.yccheok.jstock.engine.Symbol>
      <org.yccheok.jstock.engine.Code>
        <code>CPFE3.SA</code>
      </org.yccheok.jstock.engine.Code>
    </entry>
    <entry>
      <org.yccheok.jstock.engine.Symbol>
        <symbol>VALE-PNA</symbol>
      </org.yccheok.jstock.engine.Symbol>
      <org.yccheok.jstock.engine.Code>
        <code>VALE5.SA</code>
      </org.yccheok.jstock.engine.Code>
    </entry>
    <entry>
      <org.yccheok.jstock.engine.Symbol>
        <symbol>CYRELA REALT-ON</symbol>
      </org.yccheok.jstock.engine.Symbol>
      <org.yccheok.jstock.engine.Code>
        <code>CYRE3.SA</code>
      </org.yccheok.jstock.engine.Code>
    </entry>
    <entry>
      <org.yccheok.jstock.engine.Symbol>
        <symbol>PETROBRAS-ON</symbol>
      </org.yccheok.jstock.engine.Symbol>
      <org.yccheok.jstock.engine.Code>
        <code>PETR3.SA</code>
      </org.yccheok.jstock.engine.Code>
    </entry>
    <entry>
      <org.yccheok.jstock.engine.Symbol>
        <symbol>CCR RODOVIAS-ON</symbol>
      </org.yccheok.jstock.engine.Symbol>
      <org.yccheok.jstock.engine.Code>
        <code>CCRO3.SA</code>
      </org.yccheok.jstock.engine.Code>
    </entry>
    <entry>
      <org.yccheok.jstock.engine.Symbol>
        <symbol>BRADESPAR-PN</symbol>
      </org.yccheok.jstock.engine.Symbol>
      <org.yccheok.jstock.engine.Code>
        <code>BRAP4.SA</code>
      </org.yccheok.jstock.engine.Code>
    </entry>
    <entry>
      <org.yccheok.jstock.engine.Symbol>
        <symbol>TELESP-PN</symbol>
      </org.yccheok.jstock.engine.Symbol>
      <org.yccheok.jstock.engine.Code>
        <code>TLPP4.SA</code>
      </org.yccheok.jstock.engine.Code>
    </entry>
    <entry>
      <org.yccheok.jstock.engine.Symbol>
        <symbol>GAFISA-ON</symbol>
      </org.yccheok.jstock.engine.Symbol>
      <org.yccheok.jstock.engine.Code>
        <code>GFSA3.SA</code>
      </org.yccheok.jstock.engine.Code>
    </entry>
    <entry>
      <org.yccheok.jstock.engine.Symbol>
        <symbol>COSAN-ON</symbol>
      </org.yccheok.jstock.engine.Symbol>
      <org.yccheok.jstock.engine.Code>
        <code>CSAN3.SA</code>
      </org.yccheok.jstock.engine.Code>
    </entry>
    <entry>
      <org.yccheok.jstock.engine.Symbol>
        <symbol>TIM PART S/A-ON</symbol>
      </org.yccheok.jstock.engine.Symbol>
      <org.yccheok.jstock.engine.Code>
        <code>TCSL3.SA</code>
      </org.yccheok.jstock.engine.Code>
    </entry>
    <entry>
      <org.yccheok.jstock.engine.Symbol>
        <symbol>B2W VAREJO-ON</symbol>
      </org.yccheok.jstock.engine.Symbol>
      <org.yccheok.jstock.engine.Code>
        <code>BTOW3.SA</code>
      </org.yccheok.jstock.engine.Code>
    </entry>
    <entry>
      <org.yccheok.jstock.engine.Symbol>
        <symbol>LIGHT S/A-ON</symbol>
      </org.yccheok.jstock.engine.Symbol>
      <org.yccheok.jstock.engine.Code>
        <code>LIGT3.SA</code>
      </org.yccheok.jstock.engine.Code>
    </entry>
    <entry>
      <org.yccheok.jstock.engine.Symbol>
        <symbol>CESP-PNB</symbol>
      </org.yccheok.jstock.engine.Symbol>
      <org.yccheok.jstock.engine.Code>
        <code>CESP6.SA</code>
      </org.yccheok.jstock.engine.Code>
    </entry>
    <entry>
      <org.yccheok.jstock.engine.Symbol>
        <symbol>PETROBRAS-PN</symbol>
      </org.yccheok.jstock.engine.Symbol>
      <org.yccheok.jstock.engine.Code>
        <code>PETR4.SA</code>
      </org.yccheok.jstock.engine.Code>
    </entry>
    <entry>
      <org.yccheok.jstock.engine.Symbol>
        <symbol>ULTRAPAR-PN</symbol>
      </org.yccheok.jstock.engine.Symbol>
      <org.yccheok.jstock.engine.Code>
        <code>UGPA4.SA</code>
      </org.yccheok.jstock.engine.Code>
    </entry>
    <entry>
      <org.yccheok.jstock.engine.Symbol>
        <symbol>P.ACUCAR-CBD-PNA</symbol>
      </org.yccheok.jstock.engine.Symbol>
      <org.yccheok.jstock.engine.Code>
        <code>PCAR5.SA</code>
      </org.yccheok.jstock.engine.Code>
    </entry>
    <entry>
      <org.yccheok.jstock.engine.Symbol>
        <symbol>ITAUSA-PN</symbol>
      </org.yccheok.jstock.engine.Symbol>
      <org.yccheok.jstock.engine.Code>
        <code>ITSA4.SA</code>
      </org.yccheok.jstock.engine.Code>
    </entry>
    <entry>
      <org.yccheok.jstock.engine.Symbol>
        <symbol>MMX MINER-ON</symbol>
      </org.yccheok.jstock.engine.Symbol>
      <org.yccheok.jstock.engine.Code>
        <code>MMXM3.SA</code>
      </org.yccheok.jstock.engine.Code>
    </entry>
    <entry>
      <org.yccheok.jstock.engine.Symbol>
        <symbol>GERDAU-PN</symbol>
      </org.yccheok.jstock.engine.Symbol>
      <org.yccheok.jstock.engine.Code>
        <code>GGBR4.SA</code>
      </org.yccheok.jstock.engine.Code>
    </entry>
    <entry>
      <org.yccheok.jstock.engine.Symbol>
        <symbol>ELETROPAULO -PNB</symbol>
      </org.yccheok.jstock.engine.Symbol>
      <org.yccheok.jstock.engine.Code>
        <code>ELPL6.SA</code>
      </org.yccheok.jstock.engine.Code>
    </entry>
    <entry>
      <org.yccheok.jstock.engine.Symbol>
        <symbol>SID NACIONAL-ON</symbol>
      </org.yccheok.jstock.engine.Symbol>
      <org.yccheok.jstock.engine.Code>
        <code>CSNA3.SA</code>
      </org.yccheok.jstock.engine.Code>
    </entry>
    <entry>
      <org.yccheok.jstock.engine.Symbol>
        <symbol>COPEL-PNB</symbol>
      </org.yccheok.jstock.engine.Symbol>
      <org.yccheok.jstock.engine.Code>
        <code>CPLE6.SA</code>
      </org.yccheok.jstock.engine.Code>
    </entry>
    <entry>
      <org.yccheok.jstock.engine.Symbol>
        <symbol>VALE-ON</symbol>
      </org.yccheok.jstock.engine.Symbol>
      <org.yccheok.jstock.engine.Code>
        <code>VALE3.SA</code>
      </org.yccheok.jstock.engine.Code>
    </entry>
    <entry>
      <org.yccheok.jstock.engine.Symbol>
        <symbol>NET-PN</symbol>
      </org.yccheok.jstock.engine.Symbol>
      <org.yccheok.jstock.engine.Code>
        <code>NETC4.SA</code>
      </org.yccheok.jstock.engine.Code>
    </entry>
    <entry>
      <org.yccheok.jstock.engine.Symbol>
        <symbol>GERDAU MET-PN</symbol>
      </org.yccheok.jstock.engine.Symbol>
      <org.yccheok.jstock.engine.Code>
        <code>GOAU4.SA</code>
      </org.yccheok.jstock.engine.Code>
    </entry>
    <entry>
      <org.yccheok.jstock.engine.Symbol>
        <symbol>TIM PART S/A-PN</symbol>
      </org.yccheok.jstock.engine.Symbol>
      <org.yccheok.jstock.engine.Code>
        <code>TCSL4.SA</code>
      </org.yccheok.jstock.engine.Code>
    </entry>
  </symbolToCode>
  <codeToSymbol>
    <entry>
      <org.yccheok.jstock.engine.Code reference="../../../symbolToCode/entry[52]/org.yccheok.jstock.engine.Code"/>
      <org.yccheok.jstock.engine.Symbol reference="../../../symbolToCode/entry[52]/org.yccheok.jstock.engine.Symbol"/>
    </entry>
    <entry>
      <org.yccheok.jstock.engine.Code reference="../../../symbolToCode/entry[15]/org.yccheok.jstock.engine.Code"/>
      <org.yccheok.jstock.engine.Symbol reference="../../../symbolToCode/entry[15]/org.yccheok.jstock.engine.Symbol"/>
    </entry>
    <entry>
      <org.yccheok.jstock.engine.Code reference="../../../symbolToCode/entry[22]/org.yccheok.jstock.engine.Code"/>
      <org.yccheok.jstock.engine.Symbol reference="../../../symbolToCode/entry[22]/org.yccheok.jstock.engine.Symbol"/>
    </entry>
    <entry>
      <org.yccheok.jstock.engine.Code reference="../../../symbolToCode/entry[37]/org.yccheok.jstock.engine.Code"/>
      <org.yccheok.jstock.engine.Symbol reference="../../../symbolToCode/entry[37]/org.yccheok.jstock.engine.Symbol"/>
    </entry>
    <entry>
      <org.yccheok.jstock.engine.Code reference="../../../symbolToCode/entry[16]/org.yccheok.jstock.engine.Code"/>
      <org.yccheok.jstock.engine.Symbol reference="../../../symbolToCode/entry[16]/org.yccheok.jstock.engine.Symbol"/>
    </entry>
    <entry>
      <org.yccheok.jstock.engine.Code reference="../../../symbolToCode/entry[56]/org.yccheok.jstock.engine.Code"/>
      <org.yccheok.jstock.engine.Symbol reference="../../../symbolToCode/entry[56]/org.yccheok.jstock.engine.Symbol"/>
    </entry>
    <entry>
      <org.yccheok.jstock.engine.Code reference="../../../symbolToCode/entry[8]/org.yccheok.jstock.engine.Code"/>
      <org.yccheok.jstock.engine.Symbol reference="../../../symbolToCode/entry[8]/org.yccheok.jstock.engine.Symbol"/>
    </entry>
    <entry>
      <org.yccheok.jstock.engine.Code reference="../../../symbolToCode/entry[46]/org.yccheok.jstock.engine.Code"/>
      <org.yccheok.jstock.engine.Symbol reference="../../../symbolToCode/entry[46]/org.yccheok.jstock.engine.Symbol"/>
    </entry>
    <entry>
      <org.yccheok.jstock.engine.Code reference="../../../symbolToCode/entry[57]/org.yccheok.jstock.engine.Code"/>
      <org.yccheok.jstock.engine.Symbol reference="../../../symbolToCode/entry[57]/org.yccheok.jstock.engine.Symbol"/>
    </entry>
    <entry>
      <org.yccheok.jstock.engine.Code reference="../../../symbolToCode/entry[11]/org.yccheok.jstock.engine.Code"/>
      <org.yccheok.jstock.engine.Symbol reference="../../../symbolToCode/entry[11]/org.yccheok.jstock.engine.Symbol"/>
    </entry>
    <entry>
      <org.yccheok.jstock.engine.Code reference="../../../symbolToCode/entry[5]/org.yccheok.jstock.engine.Code"/>
      <org.yccheok.jstock.engine.Symbol reference="../../../symbolToCode/entry[5]/org.yccheok.jstock.engine.Symbol"/>
    </entry>
    <entry>
      <org.yccheok.jstock.engine.Code reference="../../../symbolToCode/entry[27]/org.yccheok.jstock.engine.Code"/>
      <org.yccheok.jstock.engine.Symbol reference="../../../symbolToCode/entry[27]/org.yccheok.jstock.engine.Symbol"/>
    </entry>
    <entry>
      <org.yccheok.jstock.engine.Code reference="../../../symbolToCode/entry[23]/org.yccheok.jstock.engine.Code"/>
      <org.yccheok.jstock.engine.Symbol reference="../../../symbolToCode/entry[23]/org.yccheok.jstock.engine.Symbol"/>
    </entry>
    <entry>
      <org.yccheok.jstock.engine.Code reference="../../../symbolToCode/entry[19]/org.yccheok.jstock.engine.Code"/>
      <org.yccheok.jstock.engine.Symbol reference="../../../symbolToCode/entry[19]/org.yccheok.jstock.engine.Symbol"/>
    </entry>
    <entry>
      <org.yccheok.jstock.engine.Code reference="../../../symbolToCode/entry[30]/org.yccheok.jstock.engine.Code"/>
      <org.yccheok.jstock.engine.Symbol reference="../../../symbolToCode/entry[30]/org.yccheok.jstock.engine.Symbol"/>
    </entry>
    <entry>
      <org.yccheok.jstock.engine.Code reference="../../../symbolToCode/entry[33]/org.yccheok.jstock.engine.Code"/>
      <org.yccheok.jstock.engine.Symbol reference="../../../symbolToCode/entry[33]/org.yccheok.jstock.engine.Symbol"/>
    </entry>
    <entry>
      <org.yccheok.jstock.engine.Code reference="../../../symbolToCode/entry[24]/org.yccheok.jstock.engine.Code"/>
      <org.yccheok.jstock.engine.Symbol reference="../../../symbolToCode/entry[24]/org.yccheok.jstock.engine.Symbol"/>
    </entry>
    <entry>
      <org.yccheok.jstock.engine.Code reference="../../../symbolToCode/entry[49]/org.yccheok.jstock.engine.Code"/>
      <org.yccheok.jstock.engine.Symbol reference="../../../symbolToCode/entry[49]/org.yccheok.jstock.engine.Symbol"/>
    </entry>
    <entry>
      <org.yccheok.jstock.engine.Code reference="../../../symbolToCode/entry[48]/org.yccheok.jstock.engine.Code"/>
      <org.yccheok.jstock.engine.Symbol reference="../../../symbolToCode/entry[48]/org.yccheok.jstock.engine.Symbol"/>
    </entry>
    <entry>
      <org.yccheok.jstock.engine.Code reference="../../../symbolToCode/entry[12]/org.yccheok.jstock.engine.Code"/>
      <org.yccheok.jstock.engine.Symbol reference="../../../symbolToCode/entry[12]/org.yccheok.jstock.engine.Symbol"/>
    </entry>
    <entry>
      <org.yccheok.jstock.engine.Code reference="../../../symbolToCode/entry[21]/org.yccheok.jstock.engine.Code"/>
      <org.yccheok.jstock.engine.Symbol reference="../../../symbolToCode/entry[21]/org.yccheok.jstock.engine.Symbol"/>
    </entry>
    <entry>
      <org.yccheok.jstock.engine.Code reference="../../../symbolToCode/entry/org.yccheok.jstock.engine.Code"/>
      <org.yccheok.jstock.engine.Symbol reference="../../../symbolToCode/entry/org.yccheok.jstock.engine.Symbol"/>
    </entry>
    <entry>
      <org.yccheok.jstock.engine.Code reference="../../../symbolToCode/entry[38]/org.yccheok.jstock.engine.Code"/>
      <org.yccheok.jstock.engine.Symbol reference="../../../symbolToCode/entry[38]/org.yccheok.jstock.engine.Symbol"/>
    </entry>
    <entry>
      <org.yccheok.jstock.engine.Code reference="../../../symbolToCode/entry[47]/org.yccheok.jstock.engine.Code"/>
      <org.yccheok.jstock.engine.Symbol reference="../../../symbolToCode/entry[47]/org.yccheok.jstock.engine.Symbol"/>
    </entry>
    <entry>
      <org.yccheok.jstock.engine.Code reference="../../../symbolToCode/entry[4]/org.yccheok.jstock.engine.Code"/>
      <org.yccheok.jstock.engine.Symbol reference="../../../symbolToCode/entry[4]/org.yccheok.jstock.engine.Symbol"/>
    </entry>
    <entry>
      <org.yccheok.jstock.engine.Code reference="../../../symbolToCode/entry[25]/org.yccheok.jstock.engine.Code"/>
      <org.yccheok.jstock.engine.Symbol reference="../../../symbolToCode/entry[25]/org.yccheok.jstock.engine.Symbol"/>
    </entry>
    <entry>
      <org.yccheok.jstock.engine.Code reference="../../../symbolToCode/entry[20]/org.yccheok.jstock.engine.Code"/>
      <org.yccheok.jstock.engine.Symbol reference="../../../symbolToCode/entry[20]/org.yccheok.jstock.engine.Symbol"/>
    </entry>
    <entry>
      <org.yccheok.jstock.engine.Code reference="../../../symbolToCode/entry[13]/org.yccheok.jstock.engine.Code"/>
      <org.yccheok.jstock.engine.Symbol reference="../../../symbolToCode/entry[13]/org.yccheok.jstock.engine.Symbol"/>
    </entry>
    <entry>
      <org.yccheok.jstock.engine.Code reference="../../../symbolToCode/entry[40]/org.yccheok.jstock.engine.Code"/>
      <org.yccheok.jstock.engine.Symbol reference="../../../symbolToCode/entry[40]/org.yccheok.jstock.engine.Symbol"/>
    </entry>
    <entry>
      <org.yccheok.jstock.engine.Code reference="../../../symbolToCode/entry[41]/org.yccheok.jstock.engine.Code"/>
      <org.yccheok.jstock.engine.Symbol reference="../../../symbolToCode/entry[41]/org.yccheok.jstock.engine.Symbol"/>
    </entry>
    <entry>
      <org.yccheok.jstock.engine.Code reference="../../../symbolToCode/entry[9]/org.yccheok.jstock.engine.Code"/>
      <org.yccheok.jstock.engine.Symbol reference="../../../symbolToCode/entry[9]/org.yccheok.jstock.engine.Symbol"/>
    </entry>
    <entry>
      <org.yccheok.jstock.engine.Code reference="../../../symbolToCode/entry[31]/org.yccheok.jstock.engine.Code"/>
      <org.yccheok.jstock.engine.Symbol reference="../../../symbolToCode/entry[31]/org.yccheok.jstock.engine.Symbol"/>
    </entry>
    <entry>
      <org.yccheok.jstock.engine.Code reference="../../../symbolToCode/entry[35]/org.yccheok.jstock.engine.Code"/>
      <org.yccheok.jstock.engine.Symbol reference="../../../symbolToCode/entry[35]/org.yccheok.jstock.engine.Symbol"/>
    </entry>
    <entry>
      <org.yccheok.jstock.engine.Code reference="../../../symbolToCode/entry[42]/org.yccheok.jstock.engine.Code"/>
      <org.yccheok.jstock.engine.Symbol reference="../../../symbolToCode/entry[42]/org.yccheok.jstock.engine.Symbol"/>
    </entry>
    <entry>
      <org.yccheok.jstock.engine.Code reference="../../../symbolToCode/entry[32]/org.yccheok.jstock.engine.Code"/>
      <org.yccheok.jstock.engine.Symbol reference="../../../symbolToCode/entry[32]/org.yccheok.jstock.engine.Symbol"/>
    </entry>
    <entry>
      <org.yccheok.jstock.engine.Code reference="../../../symbolToCode/entry[44]/org.yccheok.jstock.engine.Code"/>
      <org.yccheok.jstock.engine.Symbol reference="../../../symbolToCode/entry[44]/org.yccheok.jstock.engine.Symbol"/>
    </entry>
    <entry>
      <org.yccheok.jstock.engine.Code reference="../../../symbolToCode/entry[7]/org.yccheok.jstock.engine.Code"/>
      <org.yccheok.jstock.engine.Symbol reference="../../../symbolToCode/entry[7]/org.yccheok.jstock.engine.Symbol"/>
    </entry>
    <entry>
      <org.yccheok.jstock.engine.Code reference="../../../symbolToCode/entry[59]/org.yccheok.jstock.engine.Code"/>
      <org.yccheok.jstock.engine.Symbol reference="../../../symbolToCode/entry[59]/org.yccheok.jstock.engine.Symbol"/>
    </entry>
    <entry>
      <org.yccheok.jstock.engine.Code reference="../../../symbolToCode/entry[17]/org.yccheok.jstock.engine.Code"/>
      <org.yccheok.jstock.engine.Symbol reference="../../../symbolToCode/entry[17]/org.yccheok.jstock.engine.Symbol"/>
    </entry>
    <entry>
      <org.yccheok.jstock.engine.Code reference="../../../symbolToCode/entry[2]/org.yccheok.jstock.engine.Code"/>
      <org.yccheok.jstock.engine.Symbol reference="../../../symbolToCode/entry[2]/org.yccheok.jstock.engine.Symbol"/>
    </entry>
    <entry>
      <org.yccheok.jstock.engine.Code reference="../../../symbolToCode/entry[29]/org.yccheok.jstock.engine.Code"/>
      <org.yccheok.jstock.engine.Symbol reference="../../../symbolToCode/entry[29]/org.yccheok.jstock.engine.Symbol"/>
    </entry>
    <entry>
      <org.yccheok.jstock.engine.Code reference="../../../symbolToCode/entry[10]/org.yccheok.jstock.engine.Code"/>
      <org.yccheok.jstock.engine.Symbol reference="../../../symbolToCode/entry[10]/org.yccheok.jstock.engine.Symbol"/>
    </entry>
    <entry>
      <org.yccheok.jstock.engine.Code reference="../../../symbolToCode/entry[18]/org.yccheok.jstock.engine.Code"/>
      <org.yccheok.jstock.engine.Symbol reference="../../../symbolToCode/entry[18]/org.yccheok.jstock.engine.Symbol"/>
    </entry>
    <entry>
      <org.yccheok.jstock.engine.Code reference="../../../symbolToCode/entry[53]/org.yccheok.jstock.engine.Code"/>
      <org.yccheok.jstock.engine.Symbol reference="../../../symbolToCode/entry[53]/org.yccheok.jstock.engine.Symbol"/>
    </entry>
    <entry>
      <org.yccheok.jstock.engine.Code reference="../../../symbolToCode/entry[36]/org.yccheok.jstock.engine.Code"/>
      <org.yccheok.jstock.engine.Symbol reference="../../../symbolToCode/entry[36]/org.yccheok.jstock.engine.Symbol"/>
    </entry>
    <entry>
      <org.yccheok.jstock.engine.Code reference="../../../symbolToCode/entry[39]/org.yccheok.jstock.engine.Code"/>
      <org.yccheok.jstock.engine.Symbol reference="../../../symbolToCode/entry[39]/org.yccheok.jstock.engine.Symbol"/>
    </entry>
    <entry>
      <org.yccheok.jstock.engine.Code reference="../../../symbolToCode/entry[54]/org.yccheok.jstock.engine.Code"/>
      <org.yccheok.jstock.engine.Symbol reference="../../../symbolToCode/entry[54]/org.yccheok.jstock.engine.Symbol"/>
    </entry>
    <entry>
      <org.yccheok.jstock.engine.Code reference="../../../symbolToCode/entry[14]/org.yccheok.jstock.engine.Code"/>
      <org.yccheok.jstock.engine.Symbol reference="../../../symbolToCode/entry[14]/org.yccheok.jstock.engine.Symbol"/>
    </entry>
    <entry>
      <org.yccheok.jstock.engine.Code reference="../../../symbolToCode/entry[43]/org.yccheok.jstock.engine.Code"/>
      <org.yccheok.jstock.engine.Symbol reference="../../../symbolToCode/entry[43]/org.yccheok.jstock.engine.Symbol"/>
    </entry>
    <entry>
      <org.yccheok.jstock.engine.Code reference="../../../symbolToCode/entry[55]/org.yccheok.jstock.engine.Code"/>
      <org.yccheok.jstock.engine.Symbol reference="../../../symbolToCode/entry[55]/org.yccheok.jstock.engine.Symbol"/>
    </entry>
    <entry>
      <org.yccheok.jstock.engine.Code reference="../../../symbolToCode/entry[50]/org.yccheok.jstock.engine.Code"/>
      <org.yccheok.jstock.engine.Symbol reference="../../../symbolToCode/entry[50]/org.yccheok.jstock.engine.Symbol"/>
    </entry>
    <entry>
      <org.yccheok.jstock.engine.Code reference="../../../symbolToCode/entry[58]/org.yccheok.jstock.engine.Code"/>
      <org.yccheok.jstock.engine.Symbol reference="../../../symbolToCode/entry[58]/org.yccheok.jstock.engine.Symbol"/>
    </entry>
    <entry>
      <org.yccheok.jstock.engine.Code reference="../../../symbolToCode/entry[6]/org.yccheok.jstock.engine.Code"/>
      <org.yccheok.jstock.engine.Symbol reference="../../../symbolToCode/entry[6]/org.yccheok.jstock.engine.Symbol"/>
    </entry>
    <entry>
      <org.yccheok.jstock.engine.Code reference="../../../symbolToCode/entry[28]/org.yccheok.jstock.engine.Code"/>
      <org.yccheok.jstock.engine.Symbol reference="../../../symbolToCode/entry[28]/org.yccheok.jstock.engine.Symbol"/>
    </entry>
    <entry>
      <org.yccheok.jstock.engine.Code reference="../../../symbolToCode/entry[45]/org.yccheok.jstock.engine.Code"/>
      <org.yccheok.jstock.engine.Symbol reference="../../../symbolToCode/entry[45]/org.yccheok.jstock.engine.Symbol"/>
    </entry>
    <entry>
      <org.yccheok.jstock.engine.Code reference="../../../symbolToCode/entry[51]/org.yccheok.jstock.engine.Code"/>
      <org.yccheok.jstock.engine.Symbol reference="../../../symbolToCode/entry[51]/org.yccheok.jstock.engine.Symbol"/>
    </entry>
    <entry>
      <org.yccheok.jstock.engine.Code reference="../../../symbolToCode/entry[3]/org.yccheok.jstock.engine.Code"/>
      <org.yccheok.jstock.engine.Symbol reference="../../../symbolToCode/entry[3]/org.yccheok.jstock.engine.Symbol"/>
    </entry>
    <entry>
      <org.yccheok.jstock.engine.Code reference="../../../symbolToCode/entry[34]/org.yccheok.jstock.engine.Code"/>
      <org.yccheok.jstock.engine.Symbol reference="../../../symbolToCode/entry[34]/org.yccheok.jstock.engine.Symbol"/>
    </entry>
    <entry>
      <org.yccheok.jstock.engine.Code reference="../../../symbolToCode/entry[26]/org.yccheok.jstock.engine.Code"/>
      <org.yccheok.jstock.engine.Symbol reference="../../../symbolToCode/entry[26]/org.yccheok.jstock.engine.Symbol"/>
    </entry>
  </codeToSymbol>
  <industryToCodes>
    <entry>
      <org.yccheok.jstock.engine.Stock_-Industry>Unknown</org.yccheok.jstock.engine.Stock_-Industry>
      <list>
        <org.yccheok.jstock.engine.Code reference="../../../../symbolToCode/entry[52]/org.yccheok.jstock.engine.Code"/>
        <org.yccheok.jstock.engine.Code reference="../../../../symbolToCode/entry[15]/org.yccheok.jstock.engine.Code"/>
        <org.yccheok.jstock.engine.Code reference="../../../../symbolToCode/entry[22]/org.yccheok.jstock.engine.Code"/>
        <org.yccheok.jstock.engine.Code reference="../../../../symbolToCode/entry[37]/org.yccheok.jstock.engine.Code"/>
        <org.yccheok.jstock.engine.Code reference="../../../../symbolToCode/entry[16]/org.yccheok.jstock.engine.Code"/>
        <org.yccheok.jstock.engine.Code reference="../../../../symbolToCode/entry[56]/org.yccheok.jstock.engine.Code"/>
        <org.yccheok.jstock.engine.Code reference="../../../../symbolToCode/entry[8]/org.yccheok.jstock.engine.Code"/>
        <org.yccheok.jstock.engine.Code reference="../../../../symbolToCode/entry[46]/org.yccheok.jstock.engine.Code"/>
        <org.yccheok.jstock.engine.Code reference="../../../../symbolToCode/entry[57]/org.yccheok.jstock.engine.Code"/>
        <org.yccheok.jstock.engine.Code reference="../../../../symbolToCode/entry[11]/org.yccheok.jstock.engine.Code"/>
        <org.yccheok.jstock.engine.Code reference="../../../../symbolToCode/entry[5]/org.yccheok.jstock.engine.Code"/>
        <org.yccheok.jstock.engine.Code reference="../../../../symbolToCode/entry[27]/org.yccheok.jstock.engine.Code"/>
        <org.yccheok.jstock.engine.Code reference="../../../../symbolToCode/entry[23]/org.yccheok.jstock.engine.Code"/>
        <org.yccheok.jstock.engine.Code reference="../../../../symbolToCode/entry[19]/org.yccheok.jstock.engine.Code"/>
        <org.yccheok.jstock.engine.Code reference="../../../../symbolToCode/entry[30]/org.yccheok.jstock.engine.Code"/>
        <org.yccheok.jstock.engine.Code reference="../../../../symbolToCode/entry[24]/org.yccheok.jstock.engine.Code"/>
        <org.yccheok.jstock.engine.Code reference="../../../../symbolToCode/entry[33]/org.yccheok.jstock.engine.Code"/>
        <org.yccheok.jstock.engine.Code reference="../../../../symbolToCode/entry[48]/org.yccheok.jstock.engine.Code"/>
        <org.yccheok.jstock.engine.Code reference="../../../../symbolToCode/entry[49]/org.yccheok.jstock.engine.Code"/>
        <org.yccheok.jstock.engine.Code reference="../../../../symbolToCode/entry[12]/org.yccheok.jstock.engine.Code"/>
        <org.yccheok.jstock.engine.Code reference="../../../../symbolToCode/entry[21]/org.yccheok.jstock.engine.Code"/>
        <org.yccheok.jstock.engine.Code reference="../../../../symbolToCode/entry/org.yccheok.jstock.engine.Code"/>
        <org.yccheok.jstock.engine.Code reference="../../../../symbolToCode/entry[47]/org.yccheok.jstock.engine.Code"/>
        <org.yccheok.jstock.engine.Code reference="../../../../symbolToCode/entry[38]/org.yccheok.jstock.engine.Code"/>
        <org.yccheok.jstock.engine.Code reference="../../../../symbolToCode/entry[4]/org.yccheok.jstock.engine.Code"/>
        <org.yccheok.jstock.engine.Code reference="../../../../symbolToCode/entry[25]/org.yccheok.jstock.engine.Code"/>
        <org.yccheok.jstock.engine.Code reference="../../../../symbolToCode/entry[20]/org.yccheok.jstock.engine.Code"/>
        <org.yccheok.jstock.engine.Code reference="../../../../symbolToCode/entry[13]/org.yccheok.jstock.engine.Code"/>
        <org.yccheok.jstock.engine.Code reference="../../../../symbolToCode/entry[40]/org.yccheok.jstock.engine.Code"/>
        <org.yccheok.jstock.engine.Code reference="../../../../symbolToCode/entry[41]/org.yccheok.jstock.engine.Code"/>
        <org.yccheok.jstock.engine.Code reference="../../../../symbolToCode/entry[9]/org.yccheok.jstock.engine.Code"/>
        <org.yccheok.jstock.engine.Code reference="../../../../symbolToCode/entry[31]/org.yccheok.jstock.engine.Code"/>
        <org.yccheok.jstock.engine.Code reference="../../../../symbolToCode/entry[35]/org.yccheok.jstock.engine.Code"/>
        <org.yccheok.jstock.engine.Code reference="../../../../symbolToCode/entry[42]/org.yccheok.jstock.engine.Code"/>
        <org.yccheok.jstock.engine.Code reference="../../../../symbolToCode/entry[32]/org.yccheok.jstock.engine.Code"/>
        <org.yccheok.jstock.engine.Code reference="../../../../symbolToCode/entry[44]/org.yccheok.jstock.engine.Code"/>
        <org.yccheok.jstock.engine.Code reference="../../../../symbolToCode/entry[7]/org.yccheok.jstock.engine.Code"/>
        <org.yccheok.jstock.engine.Code reference="../../../../symbolToCode/entry[59]/org.yccheok.jstock.engine.Code"/>
        <org.yccheok.jstock.engine.Code reference="../../../../symbolToCode/entry[17]/org.yccheok.jstock.engine.Code"/>
        <org.yccheok.jstock.engine.Code reference="../../../../symbolToCode/entry[2]/org.yccheok.jstock.engine.Code"/>
        <org.yccheok.jstock.engine.Code reference="../../../../symbolToCode/entry[29]/org.yccheok.jstock.engine.Code"/>
        <org.yccheok.jstock.engine.Code reference="../../../../symbolToCode/entry[10]/org.yccheok.jstock.engine.Code"/>
        <org.yccheok.jstock.engine.Code reference="../../../../symbolToCode/entry[18]/org.yccheok.jstock.engine.Code"/>
        <org.yccheok.jstock.engine.Code reference="../../../../symbolToCode/entry[53]/org.yccheok.jstock.engine.Code"/>
        <org.yccheok.jstock.engine.Code reference="../../../../symbolToCode/entry[36]/org.yccheok.jstock.engine.Code"/>
        <org.yccheok.jstock.engine.Code reference="../../../../symbolToCode/entry[39]/org.yccheok.jstock.engine.Code"/>
        <org.yccheok.jstock.engine.Code reference="../../../../symbolToCode/entry[54]/org.yccheok.jstock.engine.Code"/>
        <org.yccheok.jstock.engine.Code reference="../../../../symbolToCode/entry[14]/org.yccheok.jstock.engine.Code"/>
        <org.yccheok.jstock.engine.Code reference="../../../../symbolToCode/entry[43]/org.yccheok.jstock.engine.Code"/>
        <org.yccheok.jstock.engine.Code reference="../../../../symbolToCode/entry[50]/org.yccheok.jstock.engine.Code"/>
        <org.yccheok.jstock.engine.Code reference="../../../../symbolToCode/entry[55]/org.yccheok.jstock.engine.Code"/>
        <org.yccheok.jstock.engine.Code reference="../../../../symbolToCode/entry[58]/org.yccheok.jstock.engine.Code"/>
        <org.yccheok.jstock.engine.Code reference="../../../../symbolToCode/entry[6]/org.yccheok.jstock.engine.Code"/>
        <org.yccheok.jstock.engine.Code reference="../../../../symbolToCode/entry[28]/org.yccheok.jstock.engine.Code"/>
        <org.yccheok.jstock.engine.Code reference="../../../../symbolToCode/entry[45]/org.yccheok.jstock.engine.Code"/>
        <org.yccheok.jstock.engine.Code reference="../../../../symbolToCode/entry[51]/org.yccheok.jstock.engine.Code"/>
        <org.yccheok.jstock.engine.Code reference="../../../../symbolToCode/entry[26]/org.yccheok.jstock.engine.Code"/>
        <org.yccheok.jstock.engine.Code reference="../../../../symbolToCode/entry[34]/org.yccheok.jstock.engine.Code"/>
        <org.yccheok.jstock.engine.Code reference="../../../../symbolToCode/entry[3]/org.yccheok.jstock.engine.Code"/>
      </list>
    </entry>
  </industryToCodes>
  <boardToCodes>
    <entry>
      <org.yccheok.jstock.engine.Stock_-Board>Unknown</org.yccheok.jstock.engine.Stock_-Board>
      <list>
        <org.yccheok.jstock.engine.Code reference="../../../../symbolToCode/entry[52]/org.yccheok.jstock.engine.Code"/>
        <org.yccheok.jstock.engine.Code reference="../../../../symbolToCode/entry[15]/org.yccheok.jstock.engine.Code"/>
        <org.yccheok.jstock.engine.Code reference="../../../../symbolToCode/entry[22]/org.yccheok.jstock.engine.Code"/>
        <org.yccheok.jstock.engine.Code reference="../../../../symbolToCode/entry[37]/org.yccheok.jstock.engine.Code"/>
        <org.yccheok.jstock.engine.Code reference="../../../../symbolToCode/entry[16]/org.yccheok.jstock.engine.Code"/>
        <org.yccheok.jstock.engine.Code reference="../../../../symbolToCode/entry[56]/org.yccheok.jstock.engine.Code"/>
        <org.yccheok.jstock.engine.Code reference="../../../../symbolToCode/entry[8]/org.yccheok.jstock.engine.Code"/>
        <org.yccheok.jstock.engine.Code reference="../../../../symbolToCode/entry[46]/org.yccheok.jstock.engine.Code"/>
        <org.yccheok.jstock.engine.Code reference="../../../../symbolToCode/entry[57]/org.yccheok.jstock.engine.Code"/>
        <org.yccheok.jstock.engine.Code reference="../../../../symbolToCode/entry[11]/org.yccheok.jstock.engine.Code"/>
        <org.yccheok.jstock.engine.Code reference="../../../../symbolToCode/entry[5]/org.yccheok.jstock.engine.Code"/>
        <org.yccheok.jstock.engine.Code reference="../../../../symbolToCode/entry[27]/org.yccheok.jstock.engine.Code"/>
        <org.yccheok.jstock.engine.Code reference="../../../../symbolToCode/entry[23]/org.yccheok.jstock.engine.Code"/>
        <org.yccheok.jstock.engine.Code reference="../../../../symbolToCode/entry[19]/org.yccheok.jstock.engine.Code"/>
        <org.yccheok.jstock.engine.Code reference="../../../../symbolToCode/entry[30]/org.yccheok.jstock.engine.Code"/>
        <org.yccheok.jstock.engine.Code reference="../../../../symbolToCode/entry[24]/org.yccheok.jstock.engine.Code"/>
        <org.yccheok.jstock.engine.Code reference="../../../../symbolToCode/entry[33]/org.yccheok.jstock.engine.Code"/>
        <org.yccheok.jstock.engine.Code reference="../../../../symbolToCode/entry[48]/org.yccheok.jstock.engine.Code"/>
        <org.yccheok.jstock.engine.Code reference="../../../../symbolToCode/entry[49]/org.yccheok.jstock.engine.Code"/>
        <org.yccheok.jstock.engine.Code reference="../../../../symbolToCode/entry[12]/org.yccheok.jstock.engine.Code"/>
        <org.yccheok.jstock.engine.Code reference="../../../../symbolToCode/entry[21]/org.yccheok.jstock.engine.Code"/>
        <org.yccheok.jstock.engine.Code reference="../../../../symbolToCode/entry/org.yccheok.jstock.engine.Code"/>
        <org.yccheok.jstock.engine.Code reference="../../../../symbolToCode/entry[47]/org.yccheok.jstock.engine.Code"/>
        <org.yccheok.jstock.engine.Code reference="../../../../symbolToCode/entry[38]/org.yccheok.jstock.engine.Code"/>
        <org.yccheok.jstock.engine.Code reference="../../../../symbolToCode/entry[4]/org.yccheok.jstock.engine.Code"/>
        <org.yccheok.jstock.engine.Code reference="../../../../symbolToCode/entry[25]/org.yccheok.jstock.engine.Code"/>
        <org.yccheok.jstock.engine.Code reference="../../../../symbolToCode/entry[20]/org.yccheok.jstock.engine.Code"/>
        <org.yccheok.jstock.engine.Code reference="../../../../symbolToCode/entry[13]/org.yccheok.jstock.engine.Code"/>
        <org.yccheok.jstock.engine.Code reference="../../../../symbolToCode/entry[40]/org.yccheok.jstock.engine.Code"/>
        <org.yccheok.jstock.engine.Code reference="../../../../symbolToCode/entry[41]/org.yccheok.jstock.engine.Code"/>
        <org.yccheok.jstock.engine.Code reference="../../../../symbolToCode/entry[9]/org.yccheok.jstock.engine.Code"/>
        <org.yccheok.jstock.engine.Code reference="../../../../symbolToCode/entry[31]/org.yccheok.jstock.engine.Code"/>
        <org.yccheok.jstock.engine.Code reference="../../../../symbolToCode/entry[35]/org.yccheok.jstock.engine.Code"/>
        <org.yccheok.jstock.engine.Code reference="../../../../symbolToCode/entry[42]/org.yccheok.jstock.engine.Code"/>
        <org.yccheok.jstock.engine.Code reference="../../../../symbolToCode/entry[32]/org.yccheok.jstock.engine.Code"/>
        <org.yccheok.jstock.engine.Code reference="../../../../symbolToCode/entry[44]/org.yccheok.jstock.engine.Code"/>
        <org.yccheok.jstock.engine.Code reference="../../../../symbolToCode/entry[7]/org.yccheok.jstock.engine.Code"/>
        <org.yccheok.jstock.engine.Code reference="../../../../symbolToCode/entry[59]/org.yccheok.jstock.engine.Code"/>
        <org.yccheok.jstock.engine.Code reference="../../../../symbolToCode/entry[17]/org.yccheok.jstock.engine.Code"/>
        <org.yccheok.jstock.engine.Code reference="../../../../symbolToCode/entry[2]/org.yccheok.jstock.engine.Code"/>
        <org.yccheok.jstock.engine.Code reference="../../../../symbolToCode/entry[29]/org.yccheok.jstock.engine.Code"/>
        <org.yccheok.jstock.engine.Code reference="../../../../symbolToCode/entry[10]/org.yccheok.jstock.engine.Code"/>
        <org.yccheok.jstock.engine.Code reference="../../../../symbolToCode/entry[18]/org.yccheok.jstock.engine.Code"/>
        <org.yccheok.jstock.engine.Code reference="../../../../symbolToCode/entry[53]/org.yccheok.jstock.engine.Code"/>
        <org.yccheok.jstock.engine.Code reference="../../../../symbolToCode/entry[36]/org.yccheok.jstock.engine.Code"/>
        <org.yccheok.jstock.engine.Code reference="../../../../symbolToCode/entry[39]/org.yccheok.jstock.engine.Code"/>
        <org.yccheok.jstock.engine.Code reference="../../../../symbolToCode/entry[54]/org.yccheok.jstock.engine.Code"/>
        <org.yccheok.jstock.engine.Code reference="../../../../symbolToCode/entry[14]/org.yccheok.jstock.engine.Code"/>
        <org.yccheok.jstock.engine.Code reference="../../../../symbolToCode/entry[43]/org.yccheok.jstock.engine.Code"/>
        <org.yccheok.jstock.engine.Code reference="../../../../symbolToCode/entry[50]/org.yccheok.jstock.engine.Code"/>
        <org.yccheok.jstock.engine.Code reference="../../../../symbolToCode/entry[55]/org.yccheok.jstock.engine.Code"/>
        <org.yccheok.jstock.engine.Code reference="../../../../symbolToCode/entry[58]/org.yccheok.jstock.engine.Code"/>
        <org.yccheok.jstock.engine.Code reference="../../../../symbolToCode/entry[6]/org.yccheok.jstock.engine.Code"/>
        <org.yccheok.jstock.engine.Code reference="../../../../symbolToCode/entry[28]/org.yccheok.jstock.engine.Code"/>
        <org.yccheok.jstock.engine.Code reference="../../../../symbolToCode/entry[45]/org.yccheok.jstock.engine.Code"/>
        <org.yccheok.jstock.engine.Code reference="../../../../symbolToCode/entry[51]/org.yccheok.jstock.engine.Code"/>
        <org.yccheok.jstock.engine.Code reference="../../../../symbolToCode/entry[26]/org.yccheok.jstock.engine.Code"/>
        <org.yccheok.jstock.engine.Code reference="../../../../symbolToCode/entry[34]/org.yccheok.jstock.engine.Code"/>
        <org.yccheok.jstock.engine.Code reference="../../../../symbolToCode/entry[3]/org.yccheok.jstock.engine.Code"/>
      </list>
    </entry>
  </boardToCodes>
  <industryToSymbols>
    <entry>
      <org.yccheok.jstock.engine.Stock_-Industry>Unknown</org.yccheok.jstock.engine.Stock_-Industry>
      <list>
        <org.yccheok.jstock.engine.Symbol reference="../../../../symbolToCode/entry[52]/org.yccheok.jstock.engine.Symbol"/>
        <org.yccheok.jstock.engine.Symbol reference="../../../../symbolToCode/entry[15]/org.yccheok.jstock.engine.Symbol"/>
        <org.yccheok.jstock.engine.Symbol reference="../../../../symbolToCode/entry[22]/org.yccheok.jstock.engine.Symbol"/>
        <org.yccheok.jstock.engine.Symbol reference="../../../../symbolToCode/entry[37]/org.yccheok.jstock.engine.Symbol"/>
        <org.yccheok.jstock.engine.Symbol reference="../../../../symbolToCode/entry[16]/org.yccheok.jstock.engine.Symbol"/>
        <org.yccheok.jstock.engine.Symbol reference="../../../../symbolToCode/entry[56]/org.yccheok.jstock.engine.Symbol"/>
        <org.yccheok.jstock.engine.Symbol reference="../../../../symbolToCode/entry[8]/org.yccheok.jstock.engine.Symbol"/>
        <org.yccheok.jstock.engine.Symbol reference="../../../../symbolToCode/entry[46]/org.yccheok.jstock.engine.Symbol"/>
        <org.yccheok.jstock.engine.Symbol reference="../../../../symbolToCode/entry[57]/org.yccheok.jstock.engine.Symbol"/>
        <org.yccheok.jstock.engine.Symbol reference="../../../../symbolToCode/entry[11]/org.yccheok.jstock.engine.Symbol"/>
        <org.yccheok.jstock.engine.Symbol reference="../../../../symbolToCode/entry[5]/org.yccheok.jstock.engine.Symbol"/>
        <org.yccheok.jstock.engine.Symbol reference="../../../../symbolToCode/entry[27]/org.yccheok.jstock.engine.Symbol"/>
        <org.yccheok.jstock.engine.Symbol reference="../../../../symbolToCode/entry[23]/org.yccheok.jstock.engine.Symbol"/>
        <org.yccheok.jstock.engine.Symbol reference="../../../../symbolToCode/entry[19]/org.yccheok.jstock.engine.Symbol"/>
        <org.yccheok.jstock.engine.Symbol reference="../../../../symbolToCode/entry[30]/org.yccheok.jstock.engine.Symbol"/>
        <org.yccheok.jstock.engine.Symbol reference="../../../../symbolToCode/entry[24]/org.yccheok.jstock.engine.Symbol"/>
        <org.yccheok.jstock.engine.Symbol reference="../../../../symbolToCode/entry[33]/org.yccheok.jstock.engine.Symbol"/>
        <org.yccheok.jstock.engine.Symbol reference="../../../../symbolToCode/entry[48]/org.yccheok.jstock.engine.Symbol"/>
        <org.yccheok.jstock.engine.Symbol reference="../../../../symbolToCode/entry[49]/org.yccheok.jstock.engine.Symbol"/>
        <org.yccheok.jstock.engine.Symbol reference="../../../../symbolToCode/entry[12]/org.yccheok.jstock.engine.Symbol"/>
        <org.yccheok.jstock.engine.Symbol reference="../../../../symbolToCode/entry[21]/org.yccheok.jstock.engine.Symbol"/>
        <org.yccheok.jstock.engine.Symbol reference="../../../../symbolToCode/entry/org.yccheok.jstock.engine.Symbol"/>
        <org.yccheok.jstock.engine.Symbol reference="../../../../symbolToCode/entry[47]/org.yccheok.jstock.engine.Symbol"/>
        <org.yccheok.jstock.engine.Symbol reference="../../../../symbolToCode/entry[38]/org.yccheok.jstock.engine.Symbol"/>
        <org.yccheok.jstock.engine.Symbol reference="../../../../symbolToCode/entry[4]/org.yccheok.jstock.engine.Symbol"/>
        <org.yccheok.jstock.engine.Symbol reference="../../../../symbolToCode/entry[25]/org.yccheok.jstock.engine.Symbol"/>
        <org.yccheok.jstock.engine.Symbol reference="../../../../symbolToCode/entry[20]/org.yccheok.jstock.engine.Symbol"/>
        <org.yccheok.jstock.engine.Symbol reference="../../../../symbolToCode/entry[13]/org.yccheok.jstock.engine.Symbol"/>
        <org.yccheok.jstock.engine.Symbol reference="../../../../symbolToCode/entry[40]/org.yccheok.jstock.engine.Symbol"/>
        <org.yccheok.jstock.engine.Symbol reference="../../../../symbolToCode/entry[41]/org.yccheok.jstock.engine.Symbol"/>
        <org.yccheok.jstock.engine.Symbol reference="../../../../symbolToCode/entry[9]/org.yccheok.jstock.engine.Symbol"/>
        <org.yccheok.jstock.engine.Symbol reference="../../../../symbolToCode/entry[31]/org.yccheok.jstock.engine.Symbol"/>
        <org.yccheok.jstock.engine.Symbol reference="../../../../symbolToCode/entry[35]/org.yccheok.jstock.engine.Symbol"/>
        <org.yccheok.jstock.engine.Symbol reference="../../../../symbolToCode/entry[42]/org.yccheok.jstock.engine.Symbol"/>
        <org.yccheok.jstock.engine.Symbol reference="../../../../symbolToCode/entry[32]/org.yccheok.jstock.engine.Symbol"/>
        <org.yccheok.jstock.engine.Symbol reference="../../../../symbolToCode/entry[44]/org.yccheok.jstock.engine.Symbol"/>
        <org.yccheok.jstock.engine.Symbol reference="../../../../symbolToCode/entry[7]/org.yccheok.jstock.engine.Symbol"/>
        <org.yccheok.jstock.engine.Symbol reference="../../../../symbolToCode/entry[59]/org.yccheok.jstock.engine.Symbol"/>
        <org.yccheok.jstock.engine.Symbol reference="../../../../symbolToCode/entry[17]/org.yccheok.jstock.engine.Symbol"/>
        <org.yccheok.jstock.engine.Symbol reference="../../../../symbolToCode/entry[2]/org.yccheok.jstock.engine.Symbol"/>
        <org.yccheok.jstock.engine.Symbol reference="../../../../symbolToCode/entry[29]/org.yccheok.jstock.engine.Symbol"/>
        <org.yccheok.jstock.engine.Symbol reference="../../../../symbolToCode/entry[10]/org.yccheok.jstock.engine.Symbol"/>
        <org.yccheok.jstock.engine.Symbol reference="../../../../symbolToCode/entry[18]/org.yccheok.jstock.engine.Symbol"/>
        <org.yccheok.jstock.engine.Symbol reference="../../../../symbolToCode/entry[53]/org.yccheok.jstock.engine.Symbol"/>
        <org.yccheok.jstock.engine.Symbol reference="../../../../symbolToCode/entry[36]/org.yccheok.jstock.engine.Symbol"/>
        <org.yccheok.jstock.engine.Symbol reference="../../../../symbolToCode/entry[39]/org.yccheok.jstock.engine.Symbol"/>
        <org.yccheok.jstock.engine.Symbol reference="../../../../symbolToCode/entry[54]/org.yccheok.jstock.engine.Symbol"/>
        <org.yccheok.jstock.engine.Symbol reference="../../../../symbolToCode/entry[14]/org.yccheok.jstock.engine.Symbol"/>
        <org.yccheok.jstock.engine.Symbol reference="../../../../symbolToCode/entry[43]/org.yccheok.jstock.engine.Symbol"/>
        <org.yccheok.jstock.engine.Symbol reference="../../../../symbolToCode/entry[50]/org.yccheok.jstock.engine.Symbol"/>
        <org.yccheok.jstock.engine.Symbol reference="../../../../symbolToCode/entry[55]/org.yccheok.jstock.engine.Symbol"/>
        <org.yccheok.jstock.engine.Symbol reference="../../../../symbolToCode/entry[58]/org.yccheok.jstock.engine.Symbol"/>
        <org.yccheok.jstock.engine.Symbol reference="../../../../symbolToCode/entry[6]/org.yccheok.jstock.engine.Symbol"/>
        <org.yccheok.jstock.engine.Symbol reference="../../../../symbolToCode/entry[28]/org.yccheok.jstock.engine.Symbol"/>
        <org.yccheok.jstock.engine.Symbol reference="../../../../symbolToCode/entry[45]/org.yccheok.jstock.engine.Symbol"/>
        <org.yccheok.jstock.engine.Symbol reference="../../../../symbolToCode/entry[51]/org.yccheok.jstock.engine.Symbol"/>
        <org.yccheok.jstock.engine.Symbol reference="../../../../symbolToCode/entry[26]/org.yccheok.jstock.engine.Symbol"/>
        <org.yccheok.jstock.engine.Symbol reference="../../../../symbolToCode/entry[34]/org.yccheok.jstock.engine.Symbol"/>
        <org.yccheok.jstock.engine.Symbol reference="../../../../symbolToCode/entry[3]/org.yccheok.jstock.engine.Symbol"/>
      </list>
    </entry>
  </industryToSymbols>
  <boardToSymbols>
    <entry>
      <org.yccheok.jstock.engine.Stock_-Board>Unknown</org.yccheok.jstock.engine.Stock_-Board>
      <list>
        <org.yccheok.jstock.engine.Symbol reference="../../../../symbolToCode/entry[52]/org.yccheok.jstock.engine.Symbol"/>
        <org.yccheok.jstock.engine.Symbol reference="../../../../symbolToCode/entry[15]/org.yccheok.jstock.engine.Symbol"/>
        <org.yccheok.jstock.engine.Symbol reference="../../../../symbolToCode/entry[22]/org.yccheok.jstock.engine.Symbol"/>
        <org.yccheok.jstock.engine.Symbol reference="../../../../symbolToCode/entry[37]/org.yccheok.jstock.engine.Symbol"/>
        <org.yccheok.jstock.engine.Symbol reference="../../../../symbolToCode/entry[16]/org.yccheok.jstock.engine.Symbol"/>
        <org.yccheok.jstock.engine.Symbol reference="../../../../symbolToCode/entry[56]/org.yccheok.jstock.engine.Symbol"/>
        <org.yccheok.jstock.engine.Symbol reference="../../../../symbolToCode/entry[8]/org.yccheok.jstock.engine.Symbol"/>
        <org.yccheok.jstock.engine.Symbol reference="../../../../symbolToCode/entry[46]/org.yccheok.jstock.engine.Symbol"/>
        <org.yccheok.jstock.engine.Symbol reference="../../../../symbolToCode/entry[57]/org.yccheok.jstock.engine.Symbol"/>
        <org.yccheok.jstock.engine.Symbol reference="../../../../symbolToCode/entry[11]/org.yccheok.jstock.engine.Symbol"/>
        <org.yccheok.jstock.engine.Symbol reference="../../../../symbolToCode/entry[5]/org.yccheok.jstock.engine.Symbol"/>
        <org.yccheok.jstock.engine.Symbol reference="../../../../symbolToCode/entry[27]/org.yccheok.jstock.engine.Symbol"/>
        <org.yccheok.jstock.engine.Symbol reference="../../../../symbolToCode/entry[23]/org.yccheok.jstock.engine.Symbol"/>
        <org.yccheok.jstock.engine.Symbol reference="../../../../symbolToCode/entry[19]/org.yccheok.jstock.engine.Symbol"/>
        <org.yccheok.jstock.engine.Symbol reference="../../../../symbolToCode/entry[30]/org.yccheok.jstock.engine.Symbol"/>
        <org.yccheok.jstock.engine.Symbol reference="../../../../symbolToCode/entry[24]/org.yccheok.jstock.engine.Symbol"/>
        <org.yccheok.jstock.engine.Symbol reference="../../../../symbolToCode/entry[33]/org.yccheok.jstock.engine.Symbol"/>
        <org.yccheok.jstock.engine.Symbol reference="../../../../symbolToCode/entry[48]/org.yccheok.jstock.engine.Symbol"/>
        <org.yccheok.jstock.engine.Symbol reference="../../../../symbolToCode/entry[49]/org.yccheok.jstock.engine.Symbol"/>
        <org.yccheok.jstock.engine.Symbol reference="../../../../symbolToCode/entry[12]/org.yccheok.jstock.engine.Symbol"/>
        <org.yccheok.jstock.engine.Symbol reference="../../../../symbolToCode/entry[21]/org.yccheok.jstock.engine.Symbol"/>
        <org.yccheok.jstock.engine.Symbol reference="../../../../symbolToCode/entry/org.yccheok.jstock.engine.Symbol"/>
        <org.yccheok.jstock.engine.Symbol reference="../../../../symbolToCode/entry[47]/org.yccheok.jstock.engine.Symbol"/>
        <org.yccheok.jstock.engine.Symbol reference="../../../../symbolToCode/entry[38]/org.yccheok.jstock.engine.Symbol"/>
        <org.yccheok.jstock.engine.Symbol reference="../../../../symbolToCode/entry[4]/org.yccheok.jstock.engine.Symbol"/>
        <org.yccheok.jstock.engine.Symbol reference="../../../../symbolToCode/entry[25]/org.yccheok.jstock.engine.Symbol"/>
        <org.yccheok.jstock.engine.Symbol reference="../../../../symbolToCode/entry[20]/org.yccheok.jstock.engine.Symbol"/>
        <org.yccheok.jstock.engine.Symbol reference="../../../../symbolToCode/entry[13]/org.yccheok.jstock.engine.Symbol"/>
        <org.yccheok.jstock.engine.Symbol reference="../../../../symbolToCode/entry[40]/org.yccheok.jstock.engine.Symbol"/>
        <org.yccheok.jstock.engine.Symbol reference="../../../../symbolToCode/entry[41]/org.yccheok.jstock.engine.Symbol"/>
        <org.yccheok.jstock.engine.Symbol reference="../../../../symbolToCode/entry[9]/org.yccheok.jstock.engine.Symbol"/>
        <org.yccheok.jstock.engine.Symbol reference="../../../../symbolToCode/entry[31]/org.yccheok.jstock.engine.Symbol"/>
        <org.yccheok.jstock.engine.Symbol reference="../../../../symbolToCode/entry[35]/org.yccheok.jstock.engine.Symbol"/>
        <org.yccheok.jstock.engine.Symbol reference="../../../../symbolToCode/entry[42]/org.yccheok.jstock.engine.Symbol"/>
        <org.yccheok.jstock.engine.Symbol reference="../../../../symbolToCode/entry[32]/org.yccheok.jstock.engine.Symbol"/>
        <org.yccheok.jstock.engine.Symbol reference="../../../../symbolToCode/entry[44]/org.yccheok.jstock.engine.Symbol"/>
        <org.yccheok.jstock.engine.Symbol reference="../../../../symbolToCode/entry[7]/org.yccheok.jstock.engine.Symbol"/>
        <org.yccheok.jstock.engine.Symbol reference="../../../../symbolToCode/entry[59]/org.yccheok.jstock.engine.Symbol"/>
        <org.yccheok.jstock.engine.Symbol reference="../../../../symbolToCode/entry[17]/org.yccheok.jstock.engine.Symbol"/>
        <org.yccheok.jstock.engine.Symbol reference="../../../../symbolToCode/entry[2]/org.yccheok.jstock.engine.Symbol"/>
        <org.yccheok.jstock.engine.Symbol reference="../../../../symbolToCode/entry[29]/org.yccheok.jstock.engine.Symbol"/>
        <org.yccheok.jstock.engine.Symbol reference="../../../../symbolToCode/entry[10]/org.yccheok.jstock.engine.Symbol"/>
        <org.yccheok.jstock.engine.Symbol reference="../../../../symbolToCode/entry[18]/org.yccheok.jstock.engine.Symbol"/>
        <org.yccheok.jstock.engine.Symbol reference="../../../../symbolToCode/entry[53]/org.yccheok.jstock.engine.Symbol"/>
        <org.yccheok.jstock.engine.Symbol reference="../../../../symbolToCode/entry[36]/org.yccheok.jstock.engine.Symbol"/>
        <org.yccheok.jstock.engine.Symbol reference="../../../../symbolToCode/entry[39]/org.yccheok.jstock.engine.Symbol"/>
        <org.yccheok.jstock.engine.Symbol reference="../../../../symbolToCode/entry[54]/org.yccheok.jstock.engine.Symbol"/>
        <org.yccheok.jstock.engine.Symbol reference="../../../../symbolToCode/entry[14]/org.yccheok.jstock.engine.Symbol"/>
        <org.yccheok.jstock.engine.Symbol reference="../../../../symbolToCode/entry[43]/org.yccheok.jstock.engine.Symbol"/>
        <org.yccheok.jstock.engine.Symbol reference="../../../../symbolToCode/entry[50]/org.yccheok.jstock.engine.Symbol"/>
        <org.yccheok.jstock.engine.Symbol reference="../../../../symbolToCode/entry[55]/org.yccheok.jstock.engine.Symbol"/>
        <org.yccheok.jstock.engine.Symbol reference="../../../../symbolToCode/entry[58]/org.yccheok.jstock.engine.Symbol"/>
        <org.yccheok.jstock.engine.Symbol reference="../../../../symbolToCode/entry[6]/org.yccheok.jstock.engine.Symbol"/>
        <org.yccheok.jstock.engine.Symbol reference="../../../../symbolToCode/entry[28]/org.yccheok.jstock.engine.Symbol"/>
        <org.yccheok.jstock.engine.Symbol reference="../../../../symbolToCode/entry[45]/org.yccheok.jstock.engine.Symbol"/>
        <org.yccheok.jstock.engine.Symbol reference="../../../../symbolToCode/entry[51]/org.yccheok.jstock.engine.Symbol"/>
        <org.yccheok.jstock.engine.Symbol reference="../../../../symbolToCode/entry[26]/org.yccheok.jstock.engine.Symbol"/>
        <org.yccheok.jstock.engine.Symbol reference="../../../../symbolToCode/entry[34]/org.yccheok.jstock.engine.Symbol"/>
        <org.yccheok.jstock.engine.Symbol reference="../../../../symbolToCode/entry[3]/org.yccheok.jstock.engine.Symbol"/>
      </list>
    </entry>
  </boardToSymbols>
  <symbols>
    <org.yccheok.jstock.engine.Symbol reference="../../symbolToCode/entry[52]/org.yccheok.jstock.engine.Symbol"/>
    <org.yccheok.jstock.engine.Symbol reference="../../symbolToCode/entry[15]/org.yccheok.jstock.engine.Symbol"/>
    <org.yccheok.jstock.engine.Symbol reference="../../symbolToCode/entry[22]/org.yccheok.jstock.engine.Symbol"/>
    <org.yccheok.jstock.engine.Symbol reference="../../symbolToCode/entry[37]/org.yccheok.jstock.engine.Symbol"/>
    <org.yccheok.jstock.engine.Symbol reference="../../symbolToCode/entry[16]/org.yccheok.jstock.engine.Symbol"/>
    <org.yccheok.jstock.engine.Symbol reference="../../symbolToCode/entry[56]/org.yccheok.jstock.engine.Symbol"/>
    <org.yccheok.jstock.engine.Symbol reference="../../symbolToCode/entry[8]/org.yccheok.jstock.engine.Symbol"/>
    <org.yccheok.jstock.engine.Symbol reference="../../symbolToCode/entry[46]/org.yccheok.jstock.engine.Symbol"/>
    <org.yccheok.jstock.engine.Symbol reference="../../symbolToCode/entry[57]/org.yccheok.jstock.engine.Symbol"/>
    <org.yccheok.jstock.engine.Symbol reference="../../symbolToCode/entry[11]/org.yccheok.jstock.engine.Symbol"/>
    <org.yccheok.jstock.engine.Symbol reference="../../symbolToCode/entry[5]/org.yccheok.jstock.engine.Symbol"/>
    <org.yccheok.jstock.engine.Symbol reference="../../symbolToCode/entry[27]/org.yccheok.jstock.engine.Symbol"/>
    <org.yccheok.jstock.engine.Symbol reference="../../symbolToCode/entry[23]/org.yccheok.jstock.engine.Symbol"/>
    <org.yccheok.jstock.engine.Symbol reference="../../symbolToCode/entry[19]/org.yccheok.jstock.engine.Symbol"/>
    <org.yccheok.jstock.engine.Symbol reference="../../symbolToCode/entry[30]/org.yccheok.jstock.engine.Symbol"/>
    <org.yccheok.jstock.engine.Symbol reference="../../symbolToCode/entry[24]/org.yccheok.jstock.engine.Symbol"/>
    <org.yccheok.jstock.engine.Symbol reference="../../symbolToCode/entry[33]/org.yccheok.jstock.engine.Symbol"/>
    <org.yccheok.jstock.engine.Symbol reference="../../symbolToCode/entry[48]/org.yccheok.jstock.engine.Symbol"/>
    <org.yccheok.jstock.engine.Symbol reference="../../symbolToCode/entry[49]/org.yccheok.jstock.engine.Symbol"/>
    <org.yccheok.jstock.engine.Symbol reference="../../symbolToCode/entry[12]/org.yccheok.jstock.engine.Symbol"/>
    <org.yccheok.jstock.engine.Symbol reference="../../symbolToCode/entry[21]/org.yccheok.jstock.engine.Symbol"/>
    <org.yccheok.jstock.engine.Symbol reference="../../symbolToCode/entry/org.yccheok.jstock.engine.Symbol"/>
    <org.yccheok.jstock.engine.Symbol reference="../../symbolToCode/entry[47]/org.yccheok.jstock.engine.Symbol"/>
    <org.yccheok.jstock.engine.Symbol reference="../../symbolToCode/entry[38]/org.yccheok.jstock.engine.Symbol"/>
    <org.yccheok.jstock.engine.Symbol reference="../../symbolToCode/entry[4]/org.yccheok.jstock.engine.Symbol"/>
    <org.yccheok.jstock.engine.Symbol reference="../../symbolToCode/entry[25]/org.yccheok.jstock.engine.Symbol"/>
    <org.yccheok.jstock.engine.Symbol reference="../../symbolToCode/entry[20]/org.yccheok.jstock.engine.Symbol"/>
    <org.yccheok.jstock.engine.Symbol reference="../../symbolToCode/entry[13]/org.yccheok.jstock.engine.Symbol"/>
    <org.yccheok.jstock.engine.Symbol reference="../../symbolToCode/entry[40]/org.yccheok.jstock.engine.Symbol"/>
    <org.yccheok.jstock.engine.Symbol reference="../../symbolToCode/entry[41]/org.yccheok.jstock.engine.Symbol"/>
    <org.yccheok.jstock.engine.Symbol reference="../../symbolToCode/entry[9]/org.yccheok.jstock.engine.Symbol"/>
    <org.yccheok.jstock.engine.Symbol reference="../../symbolToCode/entry[31]/org.yccheok.jstock.engine.Symbol"/>
    <org.yccheok.jstock.engine.Symbol reference="../../symbolToCode/entry[35]/org.yccheok.jstock.engine.Symbol"/>
    <org.yccheok.jstock.engine.Symbol reference="../../symbolToCode/entry[42]/org.yccheok.jstock.engine.Symbol"/>
    <org.yccheok.jstock.engine.Symbol reference="../../symbolToCode/entry[32]/org.yccheok.jstock.engine.Symbol"/>
    <org.yccheok.jstock.engine.Symbol reference="../../symbolToCode/entry[44]/org.yccheok.jstock.engine.Symbol"/>
    <org.yccheok.jstock.engine.Symbol reference="../../symbolToCode/entry[7]/org.yccheok.jstock.engine.Symbol"/>
    <org.yccheok.jstock.engine.Symbol reference="../../symbolToCode/entry[59]/org.yccheok.jstock.engine.Symbol"/>
    <org.yccheok.jstock.engine.Symbol reference="../../symbolToCode/entry[17]/org.yccheok.jstock.engine.Symbol"/>
    <org.yccheok.jstock.engine.Symbol reference="../../symbolToCode/entry[2]/org.yccheok.jstock.engine.Symbol"/>
    <org.yccheok.jstock.engine.Symbol reference="../../symbolToCode/entry[29]/org.yccheok.jstock.engine.Symbol"/>
    <org.yccheok.jstock.engine.Symbol reference="../../symbolToCode/entry[10]/org.yccheok.jstock.engine.Symbol"/>
    <org.yccheok.jstock.engine.Symbol reference="../../symbolToCode/entry[18]/org.yccheok.jstock.engine.Symbol"/>
    <org.yccheok.jstock.engine.Symbol reference="../../symbolToCode/entry[53]/org.yccheok.jstock.engine.Symbol"/>
    <org.yccheok.jstock.engine.Symbol reference="../../symbolToCode/entry[36]/org.yccheok.jstock.engine.Symbol"/>
    <org.yccheok.jstock.engine.Symbol reference="../../symbolToCode/entry[39]/org.yccheok.jstock.engine.Symbol"/>
    <org.yccheok.jstock.engine.Symbol reference="../../symbolToCode/entry[54]/org.yccheok.jstock.engine.Symbol"/>
    <org.yccheok.jstock.engine.Symbol reference="../../symbolToCode/entry[14]/org.yccheok.jstock.engine.Symbol"/>
    <org.yccheok.jstock.engine.Symbol reference="../../symbolToCode/entry[43]/org.yccheok.jstock.engine.Symbol"/>
    <org.yccheok.jstock.engine.Symbol reference="../../symbolToCode/entry[50]/org.yccheok.jstock.engine.Symbol"/>
    <org.yccheok.jstock.engine.Symbol reference="../../symbolToCode/entry[55]/org.yccheok.jstock.engine.Symbol"/>
    <org.yccheok.jstock.engine.Symbol reference="../../symbolToCode/entry[58]/org.yccheok.jstock.engine.Symbol"/>
    <org.yccheok.jstock.engine.Symbol reference="../../symbolToCode/entry[6]/org.yccheok.jstock.engine.Symbol"/>
    <org.yccheok.jstock.engine.Symbol reference="../../symbolToCode/entry[28]/org.yccheok.jstock.engine.Symbol"/>
    <org.yccheok.jstock.engine.Symbol reference="../../symbolToCode/entry[45]/org.yccheok.jstock.engine.Symbol"/>
    <org.yccheok.jstock.engine.Symbol reference="../../symbolToCode/entry[51]/org.yccheok.jstock.engine.Symbol"/>
    <org.yccheok.jstock.engine.Symbol reference="../../symbolToCode/entry[26]/org.yccheok.jstock.engine.Symbol"/>
    <org.yccheok.jstock.engine.Symbol reference="../../symbolToCode/entry[34]/org.yccheok.jstock.engine.Symbol"/>
    <org.yccheok.jstock.engine.Symbol reference="../../symbolToCode/entry[3]/org.yccheok.jstock.engine.Symbol"/>
  </symbols>
  <codes>
    <org.yccheok.jstock.engine.Code reference="../../symbolToCode/entry[52]/org.yccheok.jstock.engine.Code"/>
    <org.yccheok.jstock.engine.Code reference="../../symbolToCode/entry[15]/org.yccheok.jstock.engine.Code"/>
    <org.yccheok.jstock.engine.Code reference="../../symbolToCode/entry[22]/org.yccheok.jstock.engine.Code"/>
    <org.yccheok.jstock.engine.Code reference="../../symbolToCode/entry[37]/org.yccheok.jstock.engine.Code"/>
    <org.yccheok.jstock.engine.Code reference="../../symbolToCode/entry[16]/org.yccheok.jstock.engine.Code"/>
    <org.yccheok.jstock.engine.Code reference="../../symbolToCode/entry[56]/org.yccheok.jstock.engine.Code"/>
    <org.yccheok.jstock.engine.Code reference="../../symbolToCode/entry[8]/org.yccheok.jstock.engine.Code"/>
    <org.yccheok.jstock.engine.Code reference="../../symbolToCode/entry[46]/org.yccheok.jstock.engine.Code"/>
    <org.yccheok.jstock.engine.Code reference="../../symbolToCode/entry[57]/org.yccheok.jstock.engine.Code"/>
    <org.yccheok.jstock.engine.Code reference="../../symbolToCode/entry[11]/org.yccheok.jstock.engine.Code"/>
    <org.yccheok.jstock.engine.Code reference="../../symbolToCode/entry[5]/org.yccheok.jstock.engine.Code"/>
    <org.yccheok.jstock.engine.Code reference="../../symbolToCode/entry[27]/org.yccheok.jstock.engine.Code"/>
    <org.yccheok.jstock.engine.Code reference="../../symbolToCode/entry[23]/org.yccheok.jstock.engine.Code"/>
    <org.yccheok.jstock.engine.Code reference="../../symbolToCode/entry[19]/org.yccheok.jstock.engine.Code"/>
    <org.yccheok.jstock.engine.Code reference="../../symbolToCode/entry[30]/org.yccheok.jstock.engine.Code"/>
    <org.yccheok.jstock.engine.Code reference="../../symbolToCode/entry[24]/org.yccheok.jstock.engine.Code"/>
    <org.yccheok.jstock.engine.Code reference="../../symbolToCode/entry[33]/org.yccheok.jstock.engine.Code"/>
    <org.yccheok.jstock.engine.Code reference="../../symbolToCode/entry[48]/org.yccheok.jstock.engine.Code"/>
    <org.yccheok.jstock.engine.Code reference="../../symbolToCode/entry[49]/org.yccheok.jstock.engine.Code"/>
    <org.yccheok.jstock.engine.Code reference="../../symbolToCode/entry[12]/org.yccheok.jstock.engine.Code"/>
    <org.yccheok.jstock.engine.Code reference="../../symbolToCode/entry[21]/org.yccheok.jstock.engine.Code"/>
    <org.yccheok.jstock.engine.Code reference="../../symbolToCode/entry/org.yccheok.jstock.engine.Code"/>
    <org.yccheok.jstock.engine.Code reference="../../symbolToCode/entry[47]/org.yccheok.jstock.engine.Code"/>
    <org.yccheok.jstock.engine.Code reference="../../symbolToCode/entry[38]/org.yccheok.jstock.engine.Code"/>
    <org.yccheok.jstock.engine.Code reference="../../symbolToCode/entry[4]/org.yccheok.jstock.engine.Code"/>
    <org.yccheok.jstock.engine.Code reference="../../symbolToCode/entry[25]/org.yccheok.jstock.engine.Code"/>
    <org.yccheok.jstock.engine.Code reference="../../symbolToCode/entry[20]/org.yccheok.jstock.engine.Code"/>
    <org.yccheok.jstock.engine.Code reference="../../symbolToCode/entry[13]/org.yccheok.jstock.engine.Code"/>
    <org.yccheok.jstock.engine.Code reference="../../symbolToCode/entry[40]/org.yccheok.jstock.engine.Code"/>
    <org.yccheok.jstock.engine.Code reference="../../symbolToCode/entry[41]/org.yccheok.jstock.engine.Code"/>
    <org.yccheok.jstock.engine.Code reference="../../symbolToCode/entry[9]/org.yccheok.jstock.engine.Code"/>
    <org.yccheok.jstock.engine.Code reference="../../symbolToCode/entry[31]/org.yccheok.jstock.engine.Code"/>
    <org.yccheok.jstock.engine.Code reference="../../symbolToCode/entry[35]/org.yccheok.jstock.engine.Code"/>
    <org.yccheok.jstock.engine.Code reference="../../symbolToCode/entry[42]/org.yccheok.jstock.engine.Code"/>
    <org.yccheok.jstock.engine.Code reference="../../symbolToCode/entry[32]/org.yccheok.jstock.engine.Code"/>
    <org.yccheok.jstock.engine.Code reference="../../symbolToCode/entry[44]/org.yccheok.jstock.engine.Code"/>
    <org.yccheok.jstock.engine.Code reference="../../symbolToCode/entry[7]/org.yccheok.jstock.engine.Code"/>
    <org.yccheok.jstock.engine.Code reference="../../symbolToCode/entry[59]/org.yccheok.jstock.engine.Code"/>
    <org.yccheok.jstock.engine.Code reference="../../symbolToCode/entry[17]/org.yccheok.jstock.engine.Code"/>
    <org.yccheok.jstock.engine.Code reference="../../symbolToCode/entry[2]/org.yccheok.jstock.engine.Code"/>
    <org.yccheok.jstock.engine.Code reference="../../symbolToCode/entry[29]/org.yccheok.jstock.engine.Code"/>
    <org.yccheok.jstock.engine.Code reference="../../symbolToCode/entry[10]/org.yccheok.jstock.engine.Code"/>
    <org.yccheok.jstock.engine.Code reference="../../symbolToCode/entry[18]/org.yccheok.jstock.engine.Code"/>
    <org.yccheok.jstock.engine.Code reference="../../symbolToCode/entry[53]/org.yccheok.jstock.engine.Code"/>
    <org.yccheok.jstock.engine.Code reference="../../symbolToCode/entry[36]/org.yccheok.jstock.engine.Code"/>
    <org.yccheok.jstock.engine.Code reference="../../symbolToCode/entry[39]/org.yccheok.jstock.engine.Code"/>
    <org.yccheok.jstock.engine.Code reference="../../symbolToCode/entry[54]/org.yccheok.jstock.engine.Code"/>
    <org.yccheok.jstock.engine.Code reference="../../symbolToCode/entry[14]/org.yccheok.jstock.engine.Code"/>
    <org.yccheok.jstock.engine.Code reference="../../symbolToCode/entry[43]/org.yccheok.jstock.engine.Code"/>
    <org.yccheok.jstock.engine.Code reference="../../symbolToCode/entry[50]/org.yccheok.jstock.engine.Code"/>
    <org.yccheok.jstock.engine.Code reference="../../symbolToCode/entry[55]/org.yccheok.jstock.engine.Code"/>
    <org.yccheok.jstock.engine.Code reference="../../symbolToCode/entry[58]/org.yccheok.jstock.engine.Code"/>
    <org.yccheok.jstock.engine.Code reference="../../symbolToCode/entry[6]/org.yccheok.jstock.engine.Code"/>
    <org.yccheok.jstock.engine.Code reference="../../symbolToCode/entry[28]/org.yccheok.jstock.engine.Code"/>
    <org.yccheok.jstock.engine.Code reference="../../symbolToCode/entry[45]/org.yccheok.jstock.engine.Code"/>
    <org.yccheok.jstock.engine.Code reference="../../symbolToCode/entry[51]/org.yccheok.jstock.engine.Code"/>
    <org.yccheok.jstock.engine.Code reference="../../symbolToCode/entry[26]/org.yccheok.jstock.engine.Code"/>
    <org.yccheok.jstock.engine.Code reference="../../symbolToCode/entry[34]/org.yccheok.jstock.engine.Code"/>
    <org.yccheok.jstock.engine.Code reference="../../symbolToCode/entry[3]/org.yccheok.jstock.engine.Code"/>
  </codes>
</org.yccheok.jstock.engine.StockCodeAndSymbolDatabase>