"Code","Symbol","Industry","Board"
"UCG.MI","Unicredit SpA","Unknown","Milan"
"ISPR.MI","INTESA SANPAOLO RSP","Unknown","Milan"
"ARE.MI","Arena S.p.A.","Unknown","Milan"
"BNS.MI","Beni Stabili SpA","Unknown","Milan"
"EEZ.MI","Eurofly SpA","Unknown","Milan"
"ITH.MI","IT Holding SpA","Unknown","Milan"
"TME.MI","Telecom Italia Media SpA","Unknown","Milan"
"VVE.MI","I Viaggi del Ventaglio SpA","Unknown","Milan"
"ISP.MI","Intesa Sanpaolo Spa","Unknown","Milan"
"TIT.MI","Telecom Italia Spa","Unknown","Milan"
"SFL.MI","Safilo Group SpA","Unknown","Milan"
"TIS.MI","Tiscali SpA","Unknown","Milan"
"IRD.MI","Iride SpA","Unknown","Milan"
"F.MI","Fiat Spa","Unknown","Milan"
"CHL.MI","Centro HL Distribuzione SpA","Unknown","Milan"
"RG.MI","Richard Ginori 1735 SpA","Unknown","Milan"
"EVE.MI","Vemer Siber Group SpA","Unknown","Milan"
"LR.MI","LANDI RENZO","Unknown","Milan"
"EUT.MI","Eutelia SpA","Unknown","Milan"
"REC.MI","Recordati","Unknown","Milan"
"TEN.MI","Tenaris SA","Unknown","Milan"
"CPR.MI","Davide Campari","Unknown","Milan"
"ENEL.MI","ENEL SPA","Unknown","Milan"
"PIA.MI","Piaggio & C. SpA","Unknown","Milan"
"IGD.MI","Immobiliare Grande Distribuzione SpA","Unknown","Milan"
"SN.MI","SNIA","Unknown","Milan"
"BRI.MI","Brioschi Finanziara","Unknown","Milan"
"SRN.MI","Sorin Spa","Unknown","Milan"
"EXP.MI","EXOR S.p.A. PRV.","Unknown","Milan"
"ENI.MI","ENI SpA","Unknown","Milan"
"PRO.MI","Banca Profilo SpA","Unknown","Milan"
"PC.MI","Pirelli Co","Unknown","Milan"
"IES.MI","Investimenti And Sviluppo","Unknown","Milan"
"SSI.MI","Sadi Servizi Industriali SpA","Unknown","Milan"
"AMP.MI","Amplifon SpA","Unknown","Milan"
"SNA.MI","SNAI SpA","Unknown","Milan"
"SPF.MI","Sopaf SpA","Unknown","Milan"
"RN.MI","Risanamento Napoli","Unknown","Milan"
"BNG.MI","Buongiorno SpA","Unknown","Milan"
"TFI.MI","Trevi Finanziaria Industriale","Unknown","Milan"
"IMS.MI","Immsi Spa","Unknown","Milan"
"MEC.MI","Management & Capitali","Unknown","Milan"
"MEL.MI","Meliorbanca SpA","Unknown","Milan"
"BMPS.MI","Banca Monte Dei Paschi","Unknown","Milan"
"ARN.MI","Alerion","Unknown","Milan"
"RM.MI","Reno de Medici SpA","Unknown","Milan"
"CMF.MI","Camfin","Unknown","Milan"
"COF.MI","Cofide","Unknown","Milan"
"STS.MI","Ansaldo STS SpA","Unknown","Milan"
"BAN.MI","Basicnet","Unknown","Milan"
"DAN.MI","Danieli","Unknown","Milan"
"BRE.MI","Brembo SpA","Unknown","Milan"
"AIC.MI","AICON","Unknown","Milan"
"DMT.MI","Digital Multimedia Technologies Spa","Unknown","Milan"
"KME.MI","KME GROUP","Unknown","Milan"
"TRV.MI","Trevisan","Unknown","Milan"
"DIS.MI","D'AMICO INTL SHIPP","Unknown","Milan"
"LIT.MI","RETELIT","Unknown","Milan"
"ITK.MI","Intek SPA","Unknown","Milan"
"ANM.MI","Anima S.G.R.p.A.","Unknown","Milan"
"ETH.MI","Eurotech SpA","Unknown","Milan"
"ONT.MI","OMNIA NETWORK","Unknown","Milan"
"AE.MI","Aedes SPA","Unknown","Milan"
"MF.MI","Montefibre SpA","Unknown","Milan"
"AST.MI","Astaldi SpA","Unknown","Milan"
"SSB.MI","SCREEN SERVICE","Unknown","Milan"
"IP.MI","Interpump Group SpA","Unknown","Milan"
"PLT.MI","Parmalat S.P.A","Unknown","Milan"
"KRE.MI","K.R.Energy S.p.A.","Unknown","Milan"
"EEMS.MI","EEMS Italia SpA","Unknown","Milan"
"PF.MI","Premafin Finanziaria","Unknown","Milan"
"DIA.MI","DIASORIN","Unknown","Milan"
"UNL.MI","UNI LAND","Unknown","Milan"
"IPG.MI","Impregilo SpA","Unknown","Milan"
"AP.MI","Antichi Pellettieri SpA","Unknown","Milan"
"CEM.MI","Cementir Holding SpA","Unknown","Milan"
"PRT.MI","Esprinet SpA","Unknown","Milan"
"APP.MI","Apulia Prontoprestito SpA","Unknown","Milan"
"EGR.MI","ERG Renew S.p.A.","Unknown","Milan"
"AEF.MI","AEFFE","Unknown","Milan"
"COB.MI","Cobra Automotive Technologies Spa","Unknown","Milan"
"UNI.MI","Unipol SpA","Unknown","Milan"
"EN.MI","ENIA","Unknown","Milan"
"ASR.MI","A S Roma","Unknown","Milan"
"ASC.MI","Ascopiave S.p.A.","Unknown","Milan"
"A2A.MI","A2A S.p.A.","Unknown","Milan"
"SCT.MI","Socotherm SpA","Unknown","Milan"
"BIA.MI","BIALETTI INDUSTRIE","Unknown","Milan"
"JUVE.MI","Juventus Football Club SpA","Unknown","Milan"
"PEL.MI","Banca Popolare Eturia Lazi","Unknown","Milan"
"SIS.MI","SIAS Spa","Unknown","Milan"
"BPSO.MI","Banca Popolare Di Sondrio","Unknown","Milan"
"BFE.MI","Banca Finnat","Unknown","Milan"
"BE.MI","Beghelli SPA","Unknown","Milan"
"KRS.MI","KERSELF","Unknown","Milan"
"XPR.MI","Exprivia S.p.A.","Unknown","Milan"
"BPE.MI","Banca Popolare dell'Emilia Romagna","Unknown","Milan"
"CARR.MI","Carraro SpA","Unknown","Milan"
"SAVE.MI","Save Aeroporto di venezia","Unknown","Milan"
"ZV.MI","ZIGNAGO VETRO","Unknown","Milan"
"BP.MI","BANCO POPOLARE","Unknown","Milan"
"B.MI","BASTOGI","Unknown","Milan"
"SO.MI","Sogefi SpA","Unknown","Milan"
"PFG.MI","Poltrona Frau SpA","Unknown","Milan"
"ELC.MI","Elica SpA","Unknown","Milan"
"BIM.MI","BCA Intermobiliare","Unknown","Milan"
"MARR.MI","Marr Spa","Unknown","Milan"
"CLE.MI","Class Editori SpA","Unknown","Milan"
"MHE.MI","Mondo Home Entertainment S.p.A.","Unknown","Milan"
"CED.MI","Caltagirone Editore SpA","Unknown","Milan"
"STEF.MI","Stefanel SpA","Unknown","Milan"
"BSS.MI","Biesse SpA","Unknown","Milan"
"BGN.MI","Banca Generali SpA","Unknown","Milan"
"ACT.MI","Actelios SpA","Unknown","Milan"
"UCGR.MI","UNICREDIT RSP","Unknown","Milan"
"TRN.MI","Terna","Unknown","Milan"
"YSE.MI","S.E.I.","Unknown","Milan"
"HER.MI","Hera","Unknown","Milan"
"IGV.MI","I Grandi Viaggi SpA","Unknown","Milan"
"G.MI","Assicurazioni Generali SpA","Unknown","Milan"
"MS.MI","Mediaset SpA","Unknown","Milan"
"PQ.MI","PIQUADRO","Unknown","Milan"
"SOL.MI","SOL SpA","Unknown","Milan"
"SSL.MI","Lazio","Unknown","Milan"
"SPM.MI","Saipem SpA","Unknown","Milan"
"CC.MI","Ciccolella SpA","Unknown","Milan"
"FNC.MI","Finmeccanica SpA","Unknown","Milan"
"CAI.MI","CAIRO COMMUNICATION","Unknown","Milan"
"FNM.MI","FNM SpA","Unknown","Milan"
"SRG.MI","SNAM Rete Gas SpA","Unknown","Milan"
"TIP.MI","Tamburi Investment Partners S.p.A.","Unknown","Milan"
"COG.MI","COGEME SET","Unknown","Milan"
"OLI.MI","Olidata SpA","Unknown","Milan"
"MBFG.MI","Mariella Burani","Unknown","Milan"
"RAT.MI","Ratti SpA","Unknown","Milan"
"CRA.MI","Credito Artigiano SpA","Unknown","Milan"
"CIR.MI","CIR","Unknown","Milan"
"EDN.MI","Edison Spa","Unknown","Milan"
"ECA.MI","ERGYCAPITAL","Unknown","Milan"
"GEM.MI","Gemina","Unknown","Milan"
"GCN.MI","Gruppo Coin SpA","Unknown","Milan"
"YRC.MI","RAFFAELE CARUSO","Unknown","Milan"
"DLG.MI","De Longhi SpA","Unknown","Milan"
"MCL.MI","Marcolin SpA","Unknown","Milan"
"CNP.MI","CONAFI PRESTITO","Unknown","Milan"
"ES.MI","Gruppo Editoriale L'Espresso SpA","Unknown","Milan"
"DMN.MI","DAMIANI","Unknown","Milan"
"IF.MI","IFIS","Unknown","Milan"
"DAS.MI","Data Service SpA","Unknown","Milan"
"CRE.MI","Crespi","Unknown","Milan"
"FDA.MI","Fidia SpA","Unknown","Milan"
"ACP.MI","ACQUE POTABILI","Unknown","Milan"
"NGB.MI","Negri Bossi SpA","Unknown","Milan"
"BY.MI","Yorkville bhn SpA","Unknown","Milan"
"BIL.MI","Banca Italease Spa","Unknown","Milan"
"RCS.MI","RCS Media Group","Unknown","Milan"
"MIT.MI","Mittel SpA","Unknown","Milan"
"FCD.MI","Finarte Casa Di Aste","Unknown","Milan"
"IMA.MI","IMA","Unknown","Milan"
"AL.MI","Alleanza","Unknown","Milan"
"POL.MI","Poligrafici Editoriale SpA","Unknown","Milan"
"CSP.MI","Csp Intl Industria","Unknown","Milan"
"CL.MI","CAPE LIVE","Unknown","Milan"
"S24.MI","IL SOLE 24 ORE","Unknown","Milan"
"BUL.MI","Bulgari SpA","Unknown","Milan"
"BDB.MI","Banco di Desio e della Brianza SpA","Unknown","Milan"
"PMI.MI","Banca Popolare Milano","Unknown","Milan"
"MT.MI","MAIRE TECNIMONT","Unknown","Milan"
"MLM.MI","MOLMED","Unknown","Milan"
"ATL.MI","Atlantia SpA","Unknown","Milan"
"NICE.MI","Nice SpA","Unknown","Milan"
"MON.MI","Monrif SpA","Unknown","Milan"
"PG.MI","SEAT PAGINE GIALLE","Unknown","Milan"
"ISG.MI","Isagro SpA","Unknown","Milan"
"ACS.MI","ACSM-AGAM S.p.A.","Unknown","Milan"
"UBI.MI","UBI Banca","Unknown","Milan"
"SG.MI","SAES Getters SpA","Unknown","Milan"
"PRY.MI","PRYSMIAN","Unknown","Milan"
"IFL.MI","IFIL Investments SpA","Unknown","Milan"
"TF.MI","TOSCANA FINANZA","Unknown","Milan"
"KNX.MI","KINEXIA","Unknown","Milan"
"YCSM.MI","CSM SPA","Unknown","Milan"
"DA.MI","Dada SpA","Unknown","Milan"
"YTP.MI","TESS PONTELAMBRO","Unknown","Milan"
"ZUC.MI","Vincenzo Zucchi","Unknown","Milan"
"IW.MI","IWBANK","Unknown","Milan"
"FDP.MI","Filatura di Pollone SpA","Unknown","Milan"
"SRS.MI","Saras SpA","Unknown","Milan"
"ROS.MI","ROSSS","Unknown","Milan"
"BLZ.MI","Bolzoni SpA","Unknown","Milan"
"PINF.MI","Pininfarina SpA","Unknown","Milan"
"CALT.MI","Caltagirone SpA","Unknown","Milan"
"FM.MI","Fiera Milano SpA","Unknown","Milan"
"MOL.MI","MUTUIONLINE","Unknown","Milan"
"PMS.MI","Permasteelisa SpA","Unknown","Milan"
"VAS.MI","Vittoria Assicurazioni SpA","Unknown","Milan"
"ITM.MI","Italmobiliare SpA","Unknown","Milan"
"AGL.MI","Autogrill Finanziaria","Unknown","Milan"
"CMB.MI","Cembre SpA","Unknown","Milan"
"LD.MI","La Doria SpA","Unknown","Milan"
"RLT.MI","REALTY VAILOG","Unknown","Milan"
"BCM.MI","BIANCAMANO","Unknown","Milan"
"MSA.MI","Monti Ascensori SpA","Unknown","Milan"
"GRF.MI","Granitifiandre SpA","Unknown","Milan"
"AKM.MI","ARKIMEDICA","Unknown","Milan"
"CIA.MI","Compagnia Immobiliare Azionaria SpA","Unknown","Milan"
"MEA.MI","Mediterranea delle Acque SpA","Unknown","Milan"
"MB.MI","Mediobanca SpA","Unknown","Milan"
"MED.MI","Mediolanum SpA","Unknown","Milan"
"LUX.MI","Luxottica","Unknown","Milan"
"BEC.MI","B&C SPEAKERS","Unknown","Milan"
"RIC.MI","Ricchetti","Unknown","Milan"
"AEG.MI","Acegas","Unknown","Milan"
"PR.MI","Premuda SpA","Unknown","Milan"
"RCF.MI","RCF GROUP","Unknown","Milan"
"RDB.MI","RDB","Unknown","Milan"
"IFP.MI","EXOR S.p.A. PRV.","Unknown","Milan"
"BEST.MI","BEST UNION COMPANY","Unknown","Milan"
"BIE.MI","Bioera SpA","Unknown","Milan"
"PRA.MI","PRAMAC","Unknown","Milan"
"DAL.MI","Datalogic SpA","Unknown","Milan"
"KMER.MI","KME GROUP RISP","Unknown","Milan"
"IRC.MI","Irce","Unknown","Milan"
"GEW.MI","Gewiss SpA","Unknown","Milan"
"BO.MI","Borgosesia SpA","Unknown","Milan"
"BEN.MI","Benetton","Unknown","Milan"
"MCH.MI","Mediacontech SpA","Unknown","Milan"
"VLA.MI","Vianini Lavori SpA","Unknown","Milan"
"PRS.MI","Pirelli & C Real Estate","Unknown","Milan"
"ELN.MI","El.En","Unknown","Milan"
"PRI.MI","Prima Industrie SpA","Unknown","Milan"
"FMR.MI","FMR-Art'e' SpA","Unknown","Milan"
"DIB.MI","Digital Bros SpA","Unknown","Milan"
"LAV.MI","Lavorwash SpA","Unknown","Milan"
"ERG.MI","Erg SpA","Unknown","Milan"
"IESM.MI","INVEST SVILUPPO MED","Unknown","Milan"
"EGP.MI","Ergo Previdenza Spa","Unknown","Milan"
"IT.MI","Italcementi","Unknown","Milan"
"ITKRP.MI","INTEK RSP","Unknown","Milan"
"CRG.MI","Banca Carige SpA","Unknown","Milan"
"BTY.MI","BOUTY HEALTHCARE","Unknown","Milan"
"CDC.MI","Cdc Spa","Unknown","Milan"
"SAB.MI","Sabaf SPA","Unknown","Milan"
"IPI.MI","IPI","Unknown","Milan"
"CLT.MI","Central Del Latte Di Torino","Unknown","Milan"
"CE.MI","Credito Emiliano","Unknown","Milan"
"GE.MI","Gefran SpA","Unknown","Milan"
"PAN.MI","Panariagroup Industrie Ceramiche SpA","Unknown","Milan"
"EM.MI","Emak SpA","Unknown","Milan"
"GEO.MI","Geox Spa","Unknown","Milan"
"SRI.MI","SERVIZI ITALIA","Unknown","Milan"
"MI.MI","Assicurazioni Milano","Unknown","Milan"
"SAT.MI","SAT","Unknown","Milan"
"IND.MI","Indesit Company","Unknown","Milan"
"MN.MI","Mondadori","Unknown","Milan"
"REY.MI","Reply SPA","Unknown","Milan"
"CLF.MI","Caleffi Spa","Unknown","Milan"
"MRT.MI","Mirato SpA","Unknown","Milan"
"ITW.MI","IT Way SpA","Unknown","Milan"
"VIN.MI","Vianini Industria SpA","Unknown","Milan"
"GSP.MI","Gas Plus SpA","Unknown","Milan"
"BSRP.MI","Banco di Sardegna SpA","Unknown","Milan"
"TER.MI","TERNIENERGIA","Unknown","Milan"
"CAD.MI","CAD IT SpA","Unknown","Milan"
"MTV.MI","Mondo TV SpA","Unknown","Milan"
"ENG.MI","Engineering Ingegneria Informati","Unknown","Milan"
"GAB.MI","Gabetti Property Solutions SpA","Unknown","Milan"
"FUL.MI","FullSix SpA","Unknown","Milan"
"CB.MI","Credito Bergamasco SpA","Unknown","Milan"
"BZU.MI","Buzzi Unicem SpA","Unknown","Milan"
"RGI.MI","RGI","Unknown","Milan"
"AZM.MI","Azimut Holding SpA","Unknown","Milan"
"ACO.MI","Acotel Group SpA","Unknown","Milan"
"TXT.MI","TXT E Solutions SpA","Unknown","Milan"
"PRL.MI","Pierrel SpA","Unknown","Milan"
"LTO.MI","Lottomatica SpA","Unknown","Milan"
"FSA.MI","Fondiaria (Sai Spa)","Unknown","Milan"
"VLS.MI","Valsoia S.p.A.","Unknown","Milan"
"NOE.MI","NoemaLife SpA","Unknown","Milan"
"PSF.MI","Poligrafica San Faustino SpA","Unknown","Milan"
"YAI.MI","AREA IMPIANTI","Unknown","Milan"
"VIS.MI","Greenvision Ambiente S.p.A.","Unknown","Milan"
"BF.MI","Bonifiche Ferraresi","Unknown","Milan"
"ENV.MI","ENERVIT","Unknown","Milan"
"CVAL.MI","Credito Valtellinese","Unknown","Milan"
"GMM.MI","GRUPPO MINERALI","Unknown","Milan"
"ACE.MI","Acea SpA","Unknown","Milan"
"FWB.MI","Fastweb SpA","Unknown","Milan"
"AUTME.MI","Autostrade Meridionali","Unknown","Milan"
"DEA.MI","DEA Capital SpA","Unknown","Milan"
"SPO.MI","Banca Popolare di Spoleto SpA","Unknown","Milan"
"TOD.MI","Tod's SPA","Unknown","Milan"
"AFI.MI","Aeroporto di Firenze SpA","Unknown","Milan"
"TAS.MI","Tas (Tecno Avanza Sistemi)","Unknown","Milan"
"BOE.MI","Boero Bartolomeo Spa","Unknown","Milan"
"AT.MI","Autostrada Torino Milano SpA","Unknown","Milan"
"MIC.MI","MIC","Unknown","Milan"
"CASS.MI","Cattolica Assicurazioni","Unknown","Milan"
"NR.MI","NOVA RE SpA","Unknown","Milan"
"DMA.MI","Dmail Group Spa","Unknown","Milan"
"TITR.MI","TELECOM ITALIA RNC","Unknown","Milan"
"CTIC.MI","CELL THERAPEUTICS","Unknown","Milan"
"UNIP.MI","UNIPOL PRIV","Unknown","Milan"
"FORA.MI","Fortis","Unknown","Milan"
"FP.MI","FIAT PRIV.","Unknown","Milan"
"FR.MI","FIAT RSP","Unknown","Milan"
"PCP.MI","PIRELLI & C.RNC","Unknown","Milan"
"ANMOAC.MI","ANIMA OAC 20.05.09","Unknown","Milan"
"IFR.MI","IFIL RNC","Unknown","Milan"
"ITR.MI","ITALCEMENTI RSP","Unknown","Milan"
"BZUR.MI","BUZZI UNICEM RNC","Unknown","Milan"
"FSAR.MI","FONDIARIA-SAI RNC","Unknown","Milan"
"DANR.MI","DANIELI & C. RSP","Unknown","Milan"
"STM.MI","Stmicroelectronics","Unknown","Milan"
"BNP.MI","BNP Paribas SA","Unknown","Milan"
"EXR.MI","IFI RSP","Unknown","Milan"
"TMER.MI","TELECOM IT MEDI RNC","Unknown","Milan"
"RCSR.MI","RCS MEDIAGROUP RNC","Unknown","Milan"
"DBK.MI","Deutsche Bank AG","Unknown","Milan"
"AXA.MI","AXA SA","Unknown","Milan"
"GEMR.MI","GEMINA RSP","Unknown","Milan"
"MFNC.MI","MONTEFIBRE RSP","Unknown","Milan"
"MIR.MI","MILANO ASS. RSP","Unknown","Milan"
"ALU.MI","Alcatel-Lucent","Unknown","Milan"
"INGA.MI","ING Groep","Unknown","Milan"
"EDNR.MI","EDISON RNC","Unknown","Milan"
"ALV.MI","Allianz SE","Unknown","Milan"
"SGR.MI","SAES GETTERS RNC","Unknown","Milan"
"ITMR.MI","ITALMOBILIARE RSP","Unknown","Milan"
"AGN.MI","Aegon","Unknown","Milan"
"DTE.MI","Deutsche Telekom AG","Unknown","Milan"
"ACA.MI","Credit Agricole","Unknown","Milan"
"NOK1V.MI","Nokia Oyj","Unknown","Milan"
"PGR.MI","SEAT PAG GIALLE RNC","Unknown","Milan"
"CRGR.MI","BANCA CARIGE RSP","Unknown","Milan"
"SANT.MI","Banco Santander SA","Unknown","Milan"
"GLE.MI","Societe Generale","Unknown","Milan"
"RNO.MI","Renault SA","Unknown","Milan"
"BBVA.MI","BBVA (Banco Bilbao)","Unknown","Milan"
"EOAN.MI","E.ON N","Unknown","Milan"
"BAY.MI","Bayer AG","Unknown","Milan"
"BB.MI","BB BIOTECH N","Unknown","Milan"
"BMW.MI","BMW AG","Unknown","Milan"
"DAI.MI","Daimler AG","Unknown","Milan"
"BOR.MI","BORGOSESIA RSP","Unknown","Milan"
"FTE.MI","France Telecom","Unknown","Milan"
"BDBR.MI","BCO DESIO BR. RNC","Unknown","Milan"
"INDR.MI","INDESIT COMPANY RNC","Unknown","Milan"
"TOT.MI","Total SA","Unknown","Milan"
"TEF.MI","Telefonica","Unknown","Milan"
"BASF.MI","BASF SE","Unknown","Milan"
"SIE.MI","Siemens AG","Unknown","Milan"
"UNA.MI","Unilever Nv","Unknown","Milan"
"SANF.MI","Sanofi-Aventis SA","Unknown","Milan"
"DNN.MI","Danone","Unknown","Milan"
"GSZ.MI","GDF Suez","Unknown","Milan"
"CRR.MI","Carrefour SA","Unknown","Milan"
"ZUCR.MI","ZUCCHI RNC","Unknown","Milan"
"IPGR.MI","IMPREGILO RSP","Unknown","Milan"
"SAP.MI","SAP AG","Unknown","Milan"
"PHIA.MI","Philips","Unknown","Milan"
"PP.MI","PPR SA","Unknown","Milan"
"MUV2.MI","Muenchener Rueck","Unknown","Milan"
"RWE.MI","RWE AG","Unknown","Milan"
"VIV.MI","Vivendi","Unknown","Milan"
"LVMH.MI","LVMH","Unknown","Milan"
"STEFR.MI","STEFANEL RNC","Unknown","Milan"
"OR.MI","Oreal (L')","Unknown","Milan"
"AH.MI","AHOLD","Unknown","Milan"
"EXO.MI","IFI SPA TORINO","Unknown","Milan"
"SPMR.MI","SAIPEM RCV","Unknown","Milan"
"UCGAXA.MI","UNICREDIT DIR.02.09","Unknown","Milan"
"COGOB.MI","COGEME DIR X OBCV","Unknown","Milan"
"MCHAXA.MI","MEDIACONTECH DIR","Unknown","Milan"
"COGAXA.MI","COGEME DIR","Unknown","Milan"
